product,handle,category,n,scene,industries,prompt
Self Adhesive Hook and Loop Roll- Premium Quality,hook-loop-roll-adhesive-backed,hook-loop-tapes,1,Cable management,Display Signage,"a close-up of a person's hands wrapping a bundle of black and grey cables beneath a modern office desk, cinching them with a strip of plain black hook-and-loop fastener; polished concrete floor and a chair caster softly out of focus behind. The tape itself is the hero of the image and is shown plain and unbranded. Photorealistic commercial product photography. Full-frame camera, 50mm lens for scene shots and 100mm macro for detail shots, f/4, sharp focus on the point of application with the background falling away softly. Natural colour, realistic material response, true-to-life scale. Hands, where shown, are anatomically correct with five fingers and clean, unmanicured working nails. ABSOLUTELY NO TEXT of any kind: no letters, words, numbers, logos, brand names, printed labels, barcodes, packaging copy, signage text, watermarks or UI overlays anywhere in the frame. Every tape roll, carton, panel, tool and surface is completely blank and unbranded. No invented lettering, no partial or garbled characters. Avoid: extra fingers, malformed hands, floating objects, duplicated tools, plastic-looking skin, HDR halos, heavy vignette, oversaturation."
Self Adhesive Hook and Loop Roll- Premium Quality,hook-loop-roll-adhesive-backed,hook-loop-tapes,2,Exhibition panel,Display Signage,"a trade-show technician pressing a lightweight fabric display panel onto an aluminium frame upright, a strip of plain black hook-and-loop fastener visible along the frame edge; bright even exhibition-hall lighting, other booths blurred far behind. The tape itself is the hero of the image and is shown plain and unbranded. Photorealistic commercial product photography. Full-frame camera, 50mm lens for scene shots and 100mm macro for detail shots, f/4, sharp focus on the point of application with the background falling away softly. Natural colour, realistic material response, true-to-life scale. Hands, where shown, are anatomically correct with five fingers and clean, unmanicured working nails. ABSOLUTELY NO TEXT of any kind: no letters, words, numbers, logos, brand names, printed labels, barcodes, packaging copy, signage text, watermarks or UI overlays anywhere in the frame. Every tape roll, carton, panel, tool and surface is completely blank and unbranded. No invented lettering, no partial or garbled characters. Avoid: extra fingers, malformed hands, floating objects, duplicated tools, plastic-looking skin, HDR halos, heavy vignette, oversaturation."
Self Adhesive Hook and Loop Roll- Premium Quality,hook-loop-roll-adhesive-backed,hook-loop-tapes,3,Marine cushion,Display Signage,"hands refitting a removable vinyl seat cushion onto a boat bench, plain black hook-and-loop strips bonded to the underside of the cushion and the fibreglass seat base; bright coastal daylight, water sparkling out of focus beyond the gunwale. The tape itself is the hero of the image and is shown plain and unbranded. Photorealistic commercial product photography. Full-frame camera, 50mm lens for scene shots and 100mm macro for detail shots, f/4, sharp focus on the point of application with the background falling away softly. Natural colour, realistic material response, true-to-life scale. Hands, where shown, are anatomically correct with five fingers and clean, unmanicured working nails. ABSOLUTELY NO TEXT of any kind: no letters, words, numbers, logos, brand names, printed labels, barcodes, packaging copy, signage text, watermarks or UI overlays anywhere in the frame. Every tape roll, carton, panel, tool and surface is completely blank and unbranded. No invented lettering, no partial or garbled characters. Avoid: extra fingers, malformed hands, floating objects, duplicated tools, plastic-looking skin, HDR halos, heavy vignette, oversaturation."
"Sew On Hook and Loop, Non Adhesive",sew-on-hook-loop-non-adhesive,hook-loop-tapes,1,Cable management,Display Signage,"a close-up of a person's hands wrapping a bundle of black and grey cables beneath a modern office desk, cinching them with a strip of plain black hook-and-loop fastener; polished concrete floor and a chair caster softly out of focus behind. The tape itself is the hero of the image and is shown plain and unbranded. Photorealistic commercial product photography. Full-frame camera, 50mm lens for scene shots and 100mm macro for detail shots, f/4, sharp focus on the point of application with the background falling away softly. Natural colour, realistic material response, true-to-life scale. Hands, where shown, are anatomically correct with five fingers and clean, unmanicured working nails. ABSOLUTELY NO TEXT of any kind: no letters, words, numbers, logos, brand names, printed labels, barcodes, packaging copy, signage text, watermarks or UI overlays anywhere in the frame. Every tape roll, carton, panel, tool and surface is completely blank and unbranded. No invented lettering, no partial or garbled characters. Avoid: extra fingers, malformed hands, floating objects, duplicated tools, plastic-looking skin, HDR halos, heavy vignette, oversaturation."
"Sew On Hook and Loop, Non Adhesive",sew-on-hook-loop-non-adhesive,hook-loop-tapes,2,Exhibition panel,Display Signage,"a trade-show technician pressing a lightweight fabric display panel onto an aluminium frame upright, a strip of plain black hook-and-loop fastener visible along the frame edge; bright even exhibition-hall lighting, other booths blurred far behind. The tape itself is the hero of the image and is shown plain and unbranded. Photorealistic commercial product photography. Full-frame camera, 50mm lens for scene shots and 100mm macro for detail shots, f/4, sharp focus on the point of application with the background falling away softly. Natural colour, realistic material response, true-to-life scale. Hands, where shown, are anatomically correct with five fingers and clean, unmanicured working nails. ABSOLUTELY NO TEXT of any kind: no letters, words, numbers, logos, brand names, printed labels, barcodes, packaging copy, signage text, watermarks or UI overlays anywhere in the frame. Every tape roll, carton, panel, tool and surface is completely blank and unbranded. No invented lettering, no partial or garbled characters. Avoid: extra fingers, malformed hands, floating objects, duplicated tools, plastic-looking skin, HDR halos, heavy vignette, oversaturation."
"Sew On Hook and Loop, Non Adhesive",sew-on-hook-loop-non-adhesive,hook-loop-tapes,3,Marine cushion,Display Signage,"hands refitting a removable vinyl seat cushion onto a boat bench, plain black hook-and-loop strips bonded to the underside of the cushion and the fibreglass seat base; bright coastal daylight, water sparkling out of focus beyond the gunwale. The tape itself is the hero of the image and is shown plain and unbranded. Photorealistic commercial product photography. Full-frame camera, 50mm lens for scene shots and 100mm macro for detail shots, f/4, sharp focus on the point of application with the background falling away softly. Natural colour, realistic material response, true-to-life scale. Hands, where shown, are anatomically correct with five fingers and clean, unmanicured working nails. ABSOLUTELY NO TEXT of any kind: no letters, words, numbers, logos, brand names, printed labels, barcodes, packaging copy, signage text, watermarks or UI overlays anywhere in the frame. Every tape roll, carton, panel, tool and surface is completely blank and unbranded. No invented lettering, no partial or garbled characters. Avoid: extra fingers, malformed hands, floating objects, duplicated tools, plastic-looking skin, HDR halos, heavy vignette, oversaturation."
Double-Sided PE Foam Tape,double-sided-pe-foam-tape,bumpers-tapes,1,Cabinet door,"Building & Construction, Display Signage","an extreme close-up of a small clear self-adhesive bumper being pressed into the inside corner of a shaker kitchen cabinet door; warm domestic light, timber grain sharp. The tape itself is the hero of the image and is shown plain and unbranded. Photorealistic commercial product photography. Full-frame camera, 50mm lens for scene shots and 100mm macro for detail shots, f/4, sharp focus on the point of application with the background falling away softly. Natural colour, realistic material response, true-to-life scale. Hands, where shown, are anatomically correct with five fingers and clean, unmanicured working nails. ABSOLUTELY NO TEXT of any kind: no letters, words, numbers, logos, brand names, printed labels, barcodes, packaging copy, signage text, watermarks or UI overlays anywhere in the frame. Every tape roll, carton, panel, tool and surface is completely blank and unbranded. No invented lettering, no partial or garbled characters. Avoid: extra fingers, malformed hands, floating objects, duplicated tools, plastic-looking skin, HDR halos, heavy vignette, oversaturation."
Double-Sided PE Foam Tape,double-sided-pe-foam-tape,bumpers-tapes,2,Glass tabletop,"Building & Construction, Display Signage","clear round bumpers spaced beneath a glass tabletop resting on a timber base, catching a highlight; soft interior daylight, minimal styling. The tape itself is the hero of the image and is shown plain and unbranded. Photorealistic commercial product photography. Full-frame camera, 50mm lens for scene shots and 100mm macro for detail shots, f/4, sharp focus on the point of application with the background falling away softly. Natural colour, realistic material response, true-to-life scale. Hands, where shown, are anatomically correct with five fingers and clean, unmanicured working nails. ABSOLUTELY NO TEXT of any kind: no letters, words, numbers, logos, brand names, printed labels, barcodes, packaging copy, signage text, watermarks or UI overlays anywhere in the frame. Every tape roll, carton, panel, tool and surface is completely blank and unbranded. No invented lettering, no partial or garbled characters. Avoid: extra fingers, malformed hands, floating objects, duplicated tools, plastic-looking skin, HDR halos, heavy vignette, oversaturation."
Double-Sided PE Foam Tape,double-sided-pe-foam-tape,bumpers-tapes,3,Drawer stop,"Building & Construction, Display Signage","hands fitting clear bumpers to the inside face of a joinery drawer front in a workshop, cabinet carcass on the bench; warm workshop light, sawdust detail. The tape itself is the hero of the image and is shown plain and unbranded. Photorealistic commercial product photography. Full-frame camera, 50mm lens for scene shots and 100mm macro for detail shots, f/4, sharp focus on the point of application with the background falling away softly. Natural colour, realistic material response, true-to-life scale. Hands, where shown, are anatomically correct with five fingers and clean, unmanicured working nails. ABSOLUTELY NO TEXT of any kind: no letters, words, numbers, logos, brand names, printed labels, barcodes, packaging copy, signage text, watermarks or UI overlays anywhere in the frame. Every tape roll, carton, panel, tool and surface is completely blank and unbranded. No invented lettering, no partial or garbled characters. Avoid: extra fingers, malformed hands, floating objects, duplicated tools, plastic-looking skin, HDR halos, heavy vignette, oversaturation."
Ultra High Bond Acrylic Foam Tape D/Sided – Clear,high-bond-acrylic-tape-clear,foam-tape-double-sided,1,Mirror mounting,"Aerospace Defense, Building & Construction","hands pressing a frameless bathroom mirror onto a tiled wall, evenly spaced strips of white double-sided foam tape on the mirror's back edge just visible; soft diffused bathroom light, tile grout lines crisp. The tape itself is the hero of the image and is shown plain and unbranded. Photorealistic commercial product photography. Full-frame camera, 50mm lens for scene shots and 100mm macro for detail shots, f/4, sharp focus on the point of application with the background falling away softly. Natural colour, realistic material response, true-to-life scale. Hands, where shown, are anatomically correct with five fingers and clean, unmanicured working nails. ABSOLUTELY NO TEXT of any kind: no letters, words, numbers, logos, brand names, printed labels, barcodes, packaging copy, signage text, watermarks or UI overlays anywhere in the frame. Every tape roll, carton, panel, tool and surface is completely blank and unbranded. No invented lettering, no partial or garbled characters. Avoid: extra fingers, malformed hands, floating objects, duplicated tools, plastic-looking skin, HDR halos, heavy vignette, oversaturation."
Ultra High Bond Acrylic Foam Tape D/Sided – Clear,high-bond-acrylic-tape-clear,foam-tape-double-sided,2,Sign mounting,"Aerospace Defense, Building & Construction","a signwriter aligning a blank brushed-aluminium plaque onto a painted reception wall, foam tape strips on the reverse; shallow depth of field, soft architectural lighting. The tape itself is the hero of the image and is shown plain and unbranded. Photorealistic commercial product photography. Full-frame camera, 50mm lens for scene shots and 100mm macro for detail shots, f/4, sharp focus on the point of application with the background falling away softly. Natural colour, realistic material response, true-to-life scale. Hands, where shown, are anatomically correct with five fingers and clean, unmanicured working nails. ABSOLUTELY NO TEXT of any kind: no letters, words, numbers, logos, brand names, printed labels, barcodes, packaging copy, signage text, watermarks or UI overlays anywhere in the frame. Every tape roll, carton, panel, tool and surface is completely blank and unbranded. No invented lettering, no partial or garbled characters. Avoid: extra fingers, malformed hands, floating objects, duplicated tools, plastic-looking skin, HDR halos, heavy vignette, oversaturation."
Ultra High Bond Acrylic Foam Tape D/Sided – Clear,high-bond-acrylic-tape-clear,foam-tape-double-sided,3,Window seal,"Aerospace Defense, Building & Construction","a close-up of grey foam tape being pressed into the rebate of an aluminium window frame on a construction site, weather seal continuous around the corner; bright overcast daylight. The tape itself is the hero of the image and is shown plain and unbranded. Photorealistic commercial product photography. Full-frame camera, 50mm lens for scene shots and 100mm macro for detail shots, f/4, sharp focus on the point of application with the background falling away softly. Natural colour, realistic material response, true-to-life scale. Hands, where shown, are anatomically correct with five fingers and clean, unmanicured working nails. ABSOLUTELY NO TEXT of any kind: no letters, words, numbers, logos, brand names, printed labels, barcodes, packaging copy, signage text, watermarks or UI overlays anywhere in the frame. Every tape roll, carton, panel, tool and surface is completely blank and unbranded. No invented lettering, no partial or garbled characters. Avoid: extra fingers, malformed hands, floating objects, duplicated tools, plastic-looking skin, HDR halos, heavy vignette, oversaturation."
Carpet Tape Double Sided,double-sided-carpet-tape,cloth-double-sided-tape,1,Carpet laying,"Building & Construction, Display Signage","a flooring installer pressing carpet down onto strips of double-sided cloth tape across a subfloor, knee kicker beside them; bright renovation daylight, dust motes in the air. The tape itself is the hero of the image and is shown plain and unbranded. Photorealistic commercial product photography. Full-frame camera, 50mm lens for scene shots and 100mm macro for detail shots, f/4, sharp focus on the point of application with the background falling away softly. Natural colour, realistic material response, true-to-life scale. Hands, where shown, are anatomically correct with five fingers and clean, unmanicured working nails. ABSOLUTELY NO TEXT of any kind: no letters, words, numbers, logos, brand names, printed labels, barcodes, packaging copy, signage text, watermarks or UI overlays anywhere in the frame. Every tape roll, carton, panel, tool and surface is completely blank and unbranded. No invented lettering, no partial or garbled characters. Avoid: extra fingers, malformed hands, floating objects, duplicated tools, plastic-looking skin, HDR halos, heavy vignette, oversaturation."
Carpet Tape Double Sided,double-sided-carpet-tape,cloth-double-sided-tape,2,Exhibition floor,"Building & Construction, Display Signage","hands laying carpet tiles onto double-sided tape over a temporary exhibition floor, tile edges butted tight; even hall lighting. The tape itself is the hero of the image and is shown plain and unbranded. Photorealistic commercial product photography. Full-frame camera, 50mm lens for scene shots and 100mm macro for detail shots, f/4, sharp focus on the point of application with the background falling away softly. Natural colour, realistic material response, true-to-life scale. Hands, where shown, are anatomically correct with five fingers and clean, unmanicured working nails. ABSOLUTELY NO TEXT of any kind: no letters, words, numbers, logos, brand names, printed labels, barcodes, packaging copy, signage text, watermarks or UI overlays anywhere in the frame. Every tape roll, carton, panel, tool and surface is completely blank and unbranded. No invented lettering, no partial or garbled characters. Avoid: extra fingers, malformed hands, floating objects, duplicated tools, plastic-looking skin, HDR halos, heavy vignette, oversaturation."
Carpet Tape Double Sided,double-sided-carpet-tape,cloth-double-sided-tape,3,Tape on subfloor,"Building & Construction, Display Signage","a close-up of double-sided cloth tape being unrolled across a plywood subfloor in a straight line, release liner peeling; raking daylight showing the grid. The tape itself is the hero of the image and is shown plain and unbranded. Photorealistic commercial product photography. Full-frame camera, 50mm lens for scene shots and 100mm macro for detail shots, f/4, sharp focus on the point of application with the background falling away softly. Natural colour, realistic material response, true-to-life scale. Hands, where shown, are anatomically correct with five fingers and clean, unmanicured working nails. ABSOLUTELY NO TEXT of any kind: no letters, words, numbers, logos, brand names, printed labels, barcodes, packaging copy, signage text, watermarks or UI overlays anywhere in the frame. Every tape roll, carton, panel, tool and surface is completely blank and unbranded. No invented lettering, no partial or garbled characters. Avoid: extra fingers, malformed hands, floating objects, duplicated tools, plastic-looking skin, HDR halos, heavy vignette, oversaturation."
White Double Sided Polyester Tape,white-double-sided-polyester-tape,polyester-tape,1,Powder-coat masking,"Manufacturing, Tapes for Visual, Arts & Entertainment","gloved hands masking threaded holes on a steel bracket with green polyester tape before powder coating, parts jig behind; bright industrial lighting, matte metal. The tape itself is the hero of the image and is shown plain and unbranded. Photorealistic commercial product photography. Full-frame camera, 50mm lens for scene shots and 100mm macro for detail shots, f/4, sharp focus on the point of application with the background falling away softly. Natural colour, realistic material response, true-to-life scale. Hands, where shown, are anatomically correct with five fingers and clean, unmanicured working nails. ABSOLUTELY NO TEXT of any kind: no letters, words, numbers, logos, brand names, printed labels, barcodes, packaging copy, signage text, watermarks or UI overlays anywhere in the frame. Every tape roll, carton, panel, tool and surface is completely blank and unbranded. No invented lettering, no partial or garbled characters. Avoid: extra fingers, malformed hands, floating objects, duplicated tools, plastic-looking skin, HDR halos, heavy vignette, oversaturation."
White Double Sided Polyester Tape,white-double-sided-polyester-tape,polyester-tape,2,Coil insulation,"Manufacturing, Tapes for Visual, Arts & Entertainment","a close-up of thin polyester film tape wrapped around a transformer coil on an electronics bench; sharp macro detail, cool task lighting. The tape itself is the hero of the image and is shown plain and unbranded. Photorealistic commercial product photography. Full-frame camera, 50mm lens for scene shots and 100mm macro for detail shots, f/4, sharp focus on the point of application with the background falling away softly. Natural colour, realistic material response, true-to-life scale. Hands, where shown, are anatomically correct with five fingers and clean, unmanicured working nails. ABSOLUTELY NO TEXT of any kind: no letters, words, numbers, logos, brand names, printed labels, barcodes, packaging copy, signage text, watermarks or UI overlays anywhere in the frame. Every tape roll, carton, panel, tool and surface is completely blank and unbranded. No invented lettering, no partial or garbled characters. Avoid: extra fingers, malformed hands, floating objects, duplicated tools, plastic-looking skin, HDR halos, heavy vignette, oversaturation."
White Double Sided Polyester Tape,white-double-sided-polyester-tape,polyester-tape,3,Plating mask,"Manufacturing, Tapes for Visual, Arts & Entertainment","polyester masking tape discs applied to machined aluminium parts on a tray before surface treatment; clean bright factory light. The tape itself is the hero of the image and is shown plain and unbranded. Photorealistic commercial product photography. Full-frame camera, 50mm lens for scene shots and 100mm macro for detail shots, f/4, sharp focus on the point of application with the background falling away softly. Natural colour, realistic material response, true-to-life scale. Hands, where shown, are anatomically correct with five fingers and clean, unmanicured working nails. ABSOLUTELY NO TEXT of any kind: no letters, words, numbers, logos, brand names, printed labels, barcodes, packaging copy, signage text, watermarks or UI overlays anywhere in the frame. Every tape roll, carton, panel, tool and surface is completely blank and unbranded. No invented lettering, no partial or garbled characters. Avoid: extra fingers, malformed hands, floating objects, duplicated tools, plastic-looking skin, HDR halos, heavy vignette, oversaturation."
Double-Sided Butyl Tape – Kikusui,double-sided-black-butyl-tape,butyl-tape,1,Gutter seal,"Airconditioning Refrigeration Tapes, Building & Construction","gloved hands pressing thick black butyl sealing tape into the lap joint of a metal gutter on a roof; bright hard sunlight, metal glare. The tape itself is the hero of the image and is shown plain and unbranded. Photorealistic commercial product photography. Full-frame camera, 50mm lens for scene shots and 100mm macro for detail shots, f/4, sharp focus on the point of application with the background falling away softly. Natural colour, realistic material response, true-to-life scale. Hands, where shown, are anatomically correct with five fingers and clean, unmanicured working nails. ABSOLUTELY NO TEXT of any kind: no letters, words, numbers, logos, brand names, printed labels, barcodes, packaging copy, signage text, watermarks or UI overlays anywhere in the frame. Every tape roll, carton, panel, tool and surface is completely blank and unbranded. No invented lettering, no partial or garbled characters. Avoid: extra fingers, malformed hands, floating objects, duplicated tools, plastic-looking skin, HDR halos, heavy vignette, oversaturation."
Double-Sided Butyl Tape – Kikusui,double-sided-black-butyl-tape,butyl-tape,2,RV seam,"Airconditioning Refrigeration Tapes, Building & Construction","butyl tape being applied along a caravan roof seam before a trim strip is fitted; bright outdoor daylight, aluminium panel texture. The tape itself is the hero of the image and is shown plain and unbranded. Photorealistic commercial product photography. Full-frame camera, 50mm lens for scene shots and 100mm macro for detail shots, f/4, sharp focus on the point of application with the background falling away softly. Natural colour, realistic material response, true-to-life scale. Hands, where shown, are anatomically correct with five fingers and clean, unmanicured working nails. ABSOLUTELY NO TEXT of any kind: no letters, words, numbers, logos, brand names, printed labels, barcodes, packaging copy, signage text, watermarks or UI overlays anywhere in the frame. Every tape roll, carton, panel, tool and surface is completely blank and unbranded. No invented lettering, no partial or garbled characters. Avoid: extra fingers, malformed hands, floating objects, duplicated tools, plastic-looking skin, HDR halos, heavy vignette, oversaturation."
Double-Sided Butyl Tape – Kikusui,double-sided-black-butyl-tape,butyl-tape,3,Stretch detail,"Airconditioning Refrigeration Tapes, Building & Construction","a close-up of butyl tape stretching and conforming into an uneven metal joint, its tacky body deforming under thumb pressure; hard side lighting. The tape itself is the hero of the image and is shown plain and unbranded. Photorealistic commercial product photography. Full-frame camera, 50mm lens for scene shots and 100mm macro for detail shots, f/4, sharp focus on the point of application with the background falling away softly. Natural colour, realistic material response, true-to-life scale. Hands, where shown, are anatomically correct with five fingers and clean, unmanicured working nails. ABSOLUTELY NO TEXT of any kind: no letters, words, numbers, logos, brand names, printed labels, barcodes, packaging copy, signage text, watermarks or UI overlays anywhere in the frame. Every tape roll, carton, panel, tool and surface is completely blank and unbranded. No invented lettering, no partial or garbled characters. Avoid: extra fingers, malformed hands, floating objects, duplicated tools, plastic-looking skin, HDR halos, heavy vignette, oversaturation."
Structural Glazing Tape – Medium Density Open Cell,spacer-glazing-tape,foam-tape-double-sided,1,Mirror mounting,"Building & Construction, Glass & Glazing","hands pressing a frameless bathroom mirror onto a tiled wall, evenly spaced strips of white double-sided foam tape on the mirror's back edge just visible; soft diffused bathroom light, tile grout lines crisp. The tape itself is the hero of the image and is shown plain and unbranded. Photorealistic commercial product photography. Full-frame camera, 50mm lens for scene shots and 100mm macro for detail shots, f/4, sharp focus on the point of application with the background falling away softly. Natural colour, realistic material response, true-to-life scale. Hands, where shown, are anatomically correct with five fingers and clean, unmanicured working nails. ABSOLUTELY NO TEXT of any kind: no letters, words, numbers, logos, brand names, printed labels, barcodes, packaging copy, signage text, watermarks or UI overlays anywhere in the frame. Every tape roll, carton, panel, tool and surface is completely blank and unbranded. No invented lettering, no partial or garbled characters. Avoid: extra fingers, malformed hands, floating objects, duplicated tools, plastic-looking skin, HDR halos, heavy vignette, oversaturation."
Structural Glazing Tape – Medium Density Open Cell,spacer-glazing-tape,foam-tape-double-sided,2,Sign mounting,"Building & Construction, Glass & Glazing","a signwriter aligning a blank brushed-aluminium plaque onto a painted reception wall, foam tape strips on the reverse; shallow depth of field, soft architectural lighting. The tape itself is the hero of the image and is shown plain and unbranded. Photorealistic commercial product photography. Full-frame camera, 50mm lens for scene shots and 100mm macro for detail shots, f/4, sharp focus on the point of application with the background falling away softly. Natural colour, realistic material response, true-to-life scale. Hands, where shown, are anatomically correct with five fingers and clean, unmanicured working nails. ABSOLUTELY NO TEXT of any kind: no letters, words, numbers, logos, brand names, printed labels, barcodes, packaging copy, signage text, watermarks or UI overlays anywhere in the frame. Every tape roll, carton, panel, tool and surface is completely blank and unbranded. No invented lettering, no partial or garbled characters. Avoid: extra fingers, malformed hands, floating objects, duplicated tools, plastic-looking skin, HDR halos, heavy vignette, oversaturation."
Structural Glazing Tape – Medium Density Open Cell,spacer-glazing-tape,foam-tape-double-sided,3,Window seal,"Building & Construction, Glass & Glazing","a close-up of grey foam tape being pressed into the rebate of an aluminium window frame on a construction site, weather seal continuous around the corner; bright overcast daylight. The tape itself is the hero of the image and is shown plain and unbranded. Photorealistic commercial product photography. Full-frame camera, 50mm lens for scene shots and 100mm macro for detail shots, f/4, sharp focus on the point of application with the background falling away softly. Natural colour, realistic material response, true-to-life scale. Hands, where shown, are anatomically correct with five fingers and clean, unmanicured working nails. ABSOLUTELY NO TEXT of any kind: no letters, words, numbers, logos, brand names, printed labels, barcodes, packaging copy, signage text, watermarks or UI overlays anywhere in the frame. Every tape roll, carton, panel, tool and surface is completely blank and unbranded. No invented lettering, no partial or garbled characters. Avoid: extra fingers, malformed hands, floating objects, duplicated tools, plastic-looking skin, HDR halos, heavy vignette, oversaturation."
PVC Nitrile Foam Tape-Single Sided (Black),pvc-nitrile-foam-tape,bumpers-tapes,1,Cabinet door,"Airconditioning Refrigeration Tapes, Building & Construction","an extreme close-up of a small clear self-adhesive bumper being pressed into the inside corner of a shaker kitchen cabinet door; warm domestic light, timber grain sharp. The tape itself is the hero of the image and is shown plain and unbranded. Photorealistic commercial product photography. Full-frame camera, 50mm lens for scene shots and 100mm macro for detail shots, f/4, sharp focus on the point of application with the background falling away softly. Natural colour, realistic material response, true-to-life scale. Hands, where shown, are anatomically correct with five fingers and clean, unmanicured working nails. ABSOLUTELY NO TEXT of any kind: no letters, words, numbers, logos, brand names, printed labels, barcodes, packaging copy, signage text, watermarks or UI overlays anywhere in the frame. Every tape roll, carton, panel, tool and surface is completely blank and unbranded. No invented lettering, no partial or garbled characters. Avoid: extra fingers, malformed hands, floating objects, duplicated tools, plastic-looking skin, HDR halos, heavy vignette, oversaturation."
PVC Nitrile Foam Tape-Single Sided (Black),pvc-nitrile-foam-tape,bumpers-tapes,2,Glass tabletop,"Airconditioning Refrigeration Tapes, Building & Construction","clear round bumpers spaced beneath a glass tabletop resting on a timber base, catching a highlight; soft interior daylight, minimal styling. The tape itself is the hero of the image and is shown plain and unbranded. Photorealistic commercial product photography. Full-frame camera, 50mm lens for scene shots and 100mm macro for detail shots, f/4, sharp focus on the point of application with the background falling away softly. Natural colour, realistic material response, true-to-life scale. Hands, where shown, are anatomically correct with five fingers and clean, unmanicured working nails. ABSOLUTELY NO TEXT of any kind: no letters, words, numbers, logos, brand names, printed labels, barcodes, packaging copy, signage text, watermarks or UI overlays anywhere in the frame. Every tape roll, carton, panel, tool and surface is completely blank and unbranded. No invented lettering, no partial or garbled characters. Avoid: extra fingers, malformed hands, floating objects, duplicated tools, plastic-looking skin, HDR halos, heavy vignette, oversaturation."
PVC Nitrile Foam Tape-Single Sided (Black),pvc-nitrile-foam-tape,bumpers-tapes,3,Drawer stop,"Airconditioning Refrigeration Tapes, Building & Construction","hands fitting clear bumpers to the inside face of a joinery drawer front in a workshop, cabinet carcass on the bench; warm workshop light, sawdust detail. The tape itself is the hero of the image and is shown plain and unbranded. Photorealistic commercial product photography. Full-frame camera, 50mm lens for scene shots and 100mm macro for detail shots, f/4, sharp focus on the point of application with the background falling away softly. Natural colour, realistic material response, true-to-life scale. Hands, where shown, are anatomically correct with five fingers and clean, unmanicured working nails. ABSOLUTELY NO TEXT of any kind: no letters, words, numbers, logos, brand names, printed labels, barcodes, packaging copy, signage text, watermarks or UI overlays anywhere in the frame. Every tape roll, carton, panel, tool and surface is completely blank and unbranded. No invented lettering, no partial or garbled characters. Avoid: extra fingers, malformed hands, floating objects, duplicated tools, plastic-looking skin, HDR halos, heavy vignette, oversaturation."
Silicone Kraft Paper Tape – Brown,silicone-kraft-paper-tapes,paper-kraft-tape,1,Gummed seal,"Building & Construction, Glass & Glazing","water-activated kraft paper tape being pressed onto a carton seam, the fibres visibly bonding into the board; clean bright dispatch bench. The tape itself is the hero of the image and is shown plain and unbranded. Photorealistic commercial product photography. Full-frame camera, 50mm lens for scene shots and 100mm macro for detail shots, f/4, sharp focus on the point of application with the background falling away softly. Natural colour, realistic material response, true-to-life scale. Hands, where shown, are anatomically correct with five fingers and clean, unmanicured working nails. ABSOLUTELY NO TEXT of any kind: no letters, words, numbers, logos, brand names, printed labels, barcodes, packaging copy, signage text, watermarks or UI overlays anywhere in the frame. Every tape roll, carton, panel, tool and surface is completely blank and unbranded. No invented lettering, no partial or garbled characters. Avoid: extra fingers, malformed hands, floating objects, duplicated tools, plastic-looking skin, HDR halos, heavy vignette, oversaturation."
Silicone Kraft Paper Tape – Brown,silicone-kraft-paper-tapes,paper-kraft-tape,2,Bundle wrap,"Building & Construction, Glass & Glazing","hands wrapping a bundle of flat-packed cardboard with kraft paper tape for recycling; warm warehouse light. The tape itself is the hero of the image and is shown plain and unbranded. Photorealistic commercial product photography. Full-frame camera, 50mm lens for scene shots and 100mm macro for detail shots, f/4, sharp focus on the point of application with the background falling away softly. Natural colour, realistic material response, true-to-life scale. Hands, where shown, are anatomically correct with five fingers and clean, unmanicured working nails. ABSOLUTELY NO TEXT of any kind: no letters, words, numbers, logos, brand names, printed labels, barcodes, packaging copy, signage text, watermarks or UI overlays anywhere in the frame. Every tape roll, carton, panel, tool and surface is completely blank and unbranded. No invented lettering, no partial or garbled characters. Avoid: extra fingers, malformed hands, floating objects, duplicated tools, plastic-looking skin, HDR halos, heavy vignette, oversaturation."
Silicone Kraft Paper Tape – Brown,silicone-kraft-paper-tapes,paper-kraft-tape,3,Macro texture,"Building & Construction, Glass & Glazing","an extreme macro of kraft paper tape torn across, showing the reinforcing fibre threads inside; dramatic side lighting, dark background. The tape itself is the hero of the image and is shown plain and unbranded. Photorealistic commercial product photography. Full-frame camera, 50mm lens for scene shots and 100mm macro for detail shots, f/4, sharp focus on the point of application with the background falling away softly. Natural colour, realistic material response, true-to-life scale. Hands, where shown, are anatomically correct with five fingers and clean, unmanicured working nails. ABSOLUTELY NO TEXT of any kind: no letters, words, numbers, logos, brand names, printed labels, barcodes, packaging copy, signage text, watermarks or UI overlays anywhere in the frame. Every tape roll, carton, panel, tool and surface is completely blank and unbranded. No invented lettering, no partial or garbled characters. Avoid: extra fingers, malformed hands, floating objects, duplicated tools, plastic-looking skin, HDR halos, heavy vignette, oversaturation."
Renderers Cloth Masking Tape,rendering-cloth-masking-tape,automotive,1,Trim attachment,"Joinery Kitchen Furniture, Manufacturing","a technician's gloved hands pressing a blank chrome side-moulding strip onto a car door panel in a workshop, adhesive tape line visible along the moulding's back; glossy paint reflections, cool overhead workshop lighting. The tape itself is the hero of the image and is shown plain and unbranded. Photorealistic commercial product photography. Full-frame camera, 50mm lens for scene shots and 100mm macro for detail shots, f/4, sharp focus on the point of application with the background falling away softly. Natural colour, realistic material response, true-to-life scale. Hands, where shown, are anatomically correct with five fingers and clean, unmanicured working nails. ABSOLUTELY NO TEXT of any kind: no letters, words, numbers, logos, brand names, printed labels, barcodes, packaging copy, signage text, watermarks or UI overlays anywhere in the frame. Every tape roll, carton, panel, tool and surface is completely blank and unbranded. No invented lettering, no partial or garbled characters. Avoid: extra fingers, malformed hands, floating objects, duplicated tools, plastic-looking skin, HDR halos, heavy vignette, oversaturation."
Renderers Cloth Masking Tape,rendering-cloth-masking-tape,automotive,2,Door membrane,"Joinery Kitchen Furniture, Manufacturing","hands sealing a plastic vapour barrier to a car door shell with butyl-backed tape, door card removed and speaker visible; shallow depth of field, garage light. The tape itself is the hero of the image and is shown plain and unbranded. Photorealistic commercial product photography. Full-frame camera, 50mm lens for scene shots and 100mm macro for detail shots, f/4, sharp focus on the point of application with the background falling away softly. Natural colour, realistic material response, true-to-life scale. Hands, where shown, are anatomically correct with five fingers and clean, unmanicured working nails. ABSOLUTELY NO TEXT of any kind: no letters, words, numbers, logos, brand names, printed labels, barcodes, packaging copy, signage text, watermarks or UI overlays anywhere in the frame. Every tape roll, carton, panel, tool and surface is completely blank and unbranded. No invented lettering, no partial or garbled characters. Avoid: extra fingers, malformed hands, floating objects, duplicated tools, plastic-looking skin, HDR halos, heavy vignette, oversaturation."
Renderers Cloth Masking Tape,rendering-cloth-masking-tape,automotive,3,Dashcam mount,"Joinery Kitchen Furniture, Manufacturing","interior view of a windscreen with a compact unbranded black camera being pressed to the glass on an adhesive pad, rear-view mirror and blurred road ahead; bright daylight through the screen. The tape itself is the hero of the image and is shown plain and unbranded. Photorealistic commercial product photography. Full-frame camera, 50mm lens for scene shots and 100mm macro for detail shots, f/4, sharp focus on the point of application with the background falling away softly. Natural colour, realistic material response, true-to-life scale. Hands, where shown, are anatomically correct with five fingers and clean, unmanicured working nails. ABSOLUTELY NO TEXT of any kind: no letters, words, numbers, logos, brand names, printed labels, barcodes, packaging copy, signage text, watermarks or UI overlays anywhere in the frame. Every tape roll, carton, panel, tool and surface is completely blank and unbranded. No invented lettering, no partial or garbled characters. Avoid: extra fingers, malformed hands, floating objects, duplicated tools, plastic-looking skin, HDR halos, heavy vignette, oversaturation."
Flatback Kraft Paper Tape – Brown | White,flatback-kraft-paper-tape,paper-kraft-tape,1,Gummed seal,"Framing & Insulation, Picture Framing Tapes","water-activated kraft paper tape being pressed onto a carton seam, the fibres visibly bonding into the board; clean bright dispatch bench. The tape itself is the hero of the image and is shown plain and unbranded. Photorealistic commercial product photography. Full-frame camera, 50mm lens for scene shots and 100mm macro for detail shots, f/4, sharp focus on the point of application with the background falling away softly. Natural colour, realistic material response, true-to-life scale. Hands, where shown, are anatomically correct with five fingers and clean, unmanicured working nails. ABSOLUTELY NO TEXT of any kind: no letters, words, numbers, logos, brand names, printed labels, barcodes, packaging copy, signage text, watermarks or UI overlays anywhere in the frame. Every tape roll, carton, panel, tool and surface is completely blank and unbranded. No invented lettering, no partial or garbled characters. Avoid: extra fingers, malformed hands, floating objects, duplicated tools, plastic-looking skin, HDR halos, heavy vignette, oversaturation."
Flatback Kraft Paper Tape – Brown | White,flatback-kraft-paper-tape,paper-kraft-tape,2,Bundle wrap,"Framing & Insulation, Picture Framing Tapes","hands wrapping a bundle of flat-packed cardboard with kraft paper tape for recycling; warm warehouse light. The tape itself is the hero of the image and is shown plain and unbranded. Photorealistic commercial product photography. Full-frame camera, 50mm lens for scene shots and 100mm macro for detail shots, f/4, sharp focus on the point of application with the background falling away softly. Natural colour, realistic material response, true-to-life scale. Hands, where shown, are anatomically correct with five fingers and clean, unmanicured working nails. ABSOLUTELY NO TEXT of any kind: no letters, words, numbers, logos, brand names, printed labels, barcodes, packaging copy, signage text, watermarks or UI overlays anywhere in the frame. Every tape roll, carton, panel, tool and surface is completely blank and unbranded. No invented lettering, no partial or garbled characters. Avoid: extra fingers, malformed hands, floating objects, duplicated tools, plastic-looking skin, HDR halos, heavy vignette, oversaturation."
Flatback Kraft Paper Tape – Brown | White,flatback-kraft-paper-tape,paper-kraft-tape,3,Macro texture,"Framing & Insulation, Picture Framing Tapes","an extreme macro of kraft paper tape torn across, showing the reinforcing fibre threads inside; dramatic side lighting, dark background. The tape itself is the hero of the image and is shown plain and unbranded. Photorealistic commercial product photography. Full-frame camera, 50mm lens for scene shots and 100mm macro for detail shots, f/4, sharp focus on the point of application with the background falling away softly. Natural colour, realistic material response, true-to-life scale. Hands, where shown, are anatomically correct with five fingers and clean, unmanicured working nails. ABSOLUTELY NO TEXT of any kind: no letters, words, numbers, logos, brand names, printed labels, barcodes, packaging copy, signage text, watermarks or UI overlays anywhere in the frame. Every tape roll, carton, panel, tool and surface is completely blank and unbranded. No invented lettering, no partial or garbled characters. Avoid: extra fingers, malformed hands, floating objects, duplicated tools, plastic-looking skin, HDR halos, heavy vignette, oversaturation."
Eco Friendly Kraft Paper Tapes – Brown,eco-friendly-kraft-paper-tapes,eco-friendly-tapes,1,Kraft carton seal,"Picture Framing Tapes, Warehouse Packaging Logistics","hands smoothing a strip of brown paper tape across the seam of a recyclable kraft carton at a sustainable packing bench, plant on the windowsill; soft natural light. The tape itself is the hero of the image and is shown plain and unbranded. Photorealistic commercial product photography. Full-frame camera, 50mm lens for scene shots and 100mm macro for detail shots, f/4, sharp focus on the point of application with the background falling away softly. Natural colour, realistic material response, true-to-life scale. Hands, where shown, are anatomically correct with five fingers and clean, unmanicured working nails. ABSOLUTELY NO TEXT of any kind: no letters, words, numbers, logos, brand names, printed labels, barcodes, packaging copy, signage text, watermarks or UI overlays anywhere in the frame. Every tape roll, carton, panel, tool and surface is completely blank and unbranded. No invented lettering, no partial or garbled characters. Avoid: extra fingers, malformed hands, floating objects, duplicated tools, plastic-looking skin, HDR halos, heavy vignette, oversaturation."
Eco Friendly Kraft Paper Tapes – Brown,eco-friendly-kraft-paper-tapes,eco-friendly-tapes,2,Recyclable parcel,"Picture Framing Tapes, Warehouse Packaging Logistics","a finished plain kraft parcel sealed with paper tape sitting on a timber table beside twine and a stack of unbleached tissue; warm morning light, minimal styling. The tape itself is the hero of the image and is shown plain and unbranded. Photorealistic commercial product photography. Full-frame camera, 50mm lens for scene shots and 100mm macro for detail shots, f/4, sharp focus on the point of application with the background falling away softly. Natural colour, realistic material response, true-to-life scale. Hands, where shown, are anatomically correct with five fingers and clean, unmanicured working nails. ABSOLUTELY NO TEXT of any kind: no letters, words, numbers, logos, brand names, printed labels, barcodes, packaging copy, signage text, watermarks or UI overlays anywhere in the frame. Every tape roll, carton, panel, tool and surface is completely blank and unbranded. No invented lettering, no partial or garbled characters. Avoid: extra fingers, malformed hands, floating objects, duplicated tools, plastic-looking skin, HDR halos, heavy vignette, oversaturation."
Eco Friendly Kraft Paper Tapes – Brown,eco-friendly-kraft-paper-tapes,eco-friendly-tapes,3,Water-activated dispenser,"Picture Framing Tapes, Warehouse Packaging Logistics","a paper tape being drawn from a gummed-tape dispenser and applied to a carton, the moistened tape bonding into the board; clean bright warehouse light. The tape itself is the hero of the image and is shown plain and unbranded. Photorealistic commercial product photography. Full-frame camera, 50mm lens for scene shots and 100mm macro for detail shots, f/4, sharp focus on the point of application with the background falling away softly. Natural colour, realistic material response, true-to-life scale. Hands, where shown, are anatomically correct with five fingers and clean, unmanicured working nails. ABSOLUTELY NO TEXT of any kind: no letters, words, numbers, logos, brand names, printed labels, barcodes, packaging copy, signage text, watermarks or UI overlays anywhere in the frame. Every tape roll, carton, panel, tool and surface is completely blank and unbranded. No invented lettering, no partial or garbled characters. Avoid: extra fingers, malformed hands, floating objects, duplicated tools, plastic-looking skin, HDR halos, heavy vignette, oversaturation."
Eco Friendly Kraft Paper Tape Printed 50mm x 50m,eco-friendly-kraft-paper-tape-printed,eco-friendly-tapes,1,Kraft carton seal,Warehouse Packaging Logistics,"hands smoothing a strip of brown paper tape across the seam of a recyclable kraft carton at a sustainable packing bench, plant on the windowsill; soft natural light. The tape itself is the hero of the image and is shown plain and unbranded. Photorealistic commercial product photography. Full-frame camera, 50mm lens for scene shots and 100mm macro for detail shots, f/4, sharp focus on the point of application with the background falling away softly. Natural colour, realistic material response, true-to-life scale. Hands, where shown, are anatomically correct with five fingers and clean, unmanicured working nails. ABSOLUTELY NO TEXT of any kind: no letters, words, numbers, logos, brand names, printed labels, barcodes, packaging copy, signage text, watermarks or UI overlays anywhere in the frame. Every tape roll, carton, panel, tool and surface is completely blank and unbranded. No invented lettering, no partial or garbled characters. Avoid: extra fingers, malformed hands, floating objects, duplicated tools, plastic-looking skin, HDR halos, heavy vignette, oversaturation."
Eco Friendly Kraft Paper Tape Printed 50mm x 50m,eco-friendly-kraft-paper-tape-printed,eco-friendly-tapes,2,Recyclable parcel,Warehouse Packaging Logistics,"a finished plain kraft parcel sealed with paper tape sitting on a timber table beside twine and a stack of unbleached tissue; warm morning light, minimal styling. The tape itself is the hero of the image and is shown plain and unbranded. Photorealistic commercial product photography. Full-frame camera, 50mm lens for scene shots and 100mm macro for detail shots, f/4, sharp focus on the point of application with the background falling away softly. Natural colour, realistic material response, true-to-life scale. Hands, where shown, are anatomically correct with five fingers and clean, unmanicured working nails. ABSOLUTELY NO TEXT of any kind: no letters, words, numbers, logos, brand names, printed labels, barcodes, packaging copy, signage text, watermarks or UI overlays anywhere in the frame. Every tape roll, carton, panel, tool and surface is completely blank and unbranded. No invented lettering, no partial or garbled characters. Avoid: extra fingers, malformed hands, floating objects, duplicated tools, plastic-looking skin, HDR halos, heavy vignette, oversaturation."
Eco Friendly Kraft Paper Tape Printed 50mm x 50m,eco-friendly-kraft-paper-tape-printed,eco-friendly-tapes,3,Water-activated dispenser,Warehouse Packaging Logistics,"a paper tape being drawn from a gummed-tape dispenser and applied to a carton, the moistened tape bonding into the board; clean bright warehouse light. The tape itself is the hero of the image and is shown plain and unbranded. Photorealistic commercial product photography. Full-frame camera, 50mm lens for scene shots and 100mm macro for detail shots, f/4, sharp focus on the point of application with the background falling away softly. Natural colour, realistic material response, true-to-life scale. Hands, where shown, are anatomically correct with five fingers and clean, unmanicured working nails. ABSOLUTELY NO TEXT of any kind: no letters, words, numbers, logos, brand names, printed labels, barcodes, packaging copy, signage text, watermarks or UI overlays anywhere in the frame. Every tape roll, carton, panel, tool and surface is completely blank and unbranded. No invented lettering, no partial or garbled characters. Avoid: extra fingers, malformed hands, floating objects, duplicated tools, plastic-looking skin, HDR halos, heavy vignette, oversaturation."
Utility Grade Masking Tapes,utility-grade-masking-tapes,automotive,1,Trim attachment,"Joinery Kitchen Furniture, Manufacturing","a technician's gloved hands pressing a blank chrome side-moulding strip onto a car door panel in a workshop, adhesive tape line visible along the moulding's back; glossy paint reflections, cool overhead workshop lighting. The tape itself is the hero of the image and is shown plain and unbranded. Photorealistic commercial product photography. Full-frame camera, 50mm lens for scene shots and 100mm macro for detail shots, f/4, sharp focus on the point of application with the background falling away softly. Natural colour, realistic material response, true-to-life scale. Hands, where shown, are anatomically correct with five fingers and clean, unmanicured working nails. ABSOLUTELY NO TEXT of any kind: no letters, words, numbers, logos, brand names, printed labels, barcodes, packaging copy, signage text, watermarks or UI overlays anywhere in the frame. Every tape roll, carton, panel, tool and surface is completely blank and unbranded. No invented lettering, no partial or garbled characters. Avoid: extra fingers, malformed hands, floating objects, duplicated tools, plastic-looking skin, HDR halos, heavy vignette, oversaturation."
Utility Grade Masking Tapes,utility-grade-masking-tapes,automotive,2,Door membrane,"Joinery Kitchen Furniture, Manufacturing","hands sealing a plastic vapour barrier to a car door shell with butyl-backed tape, door card removed and speaker visible; shallow depth of field, garage light. The tape itself is the hero of the image and is shown plain and unbranded. Photorealistic commercial product photography. Full-frame camera, 50mm lens for scene shots and 100mm macro for detail shots, f/4, sharp focus on the point of application with the background falling away softly. Natural colour, realistic material response, true-to-life scale. Hands, where shown, are anatomically correct with five fingers and clean, unmanicured working nails. ABSOLUTELY NO TEXT of any kind: no letters, words, numbers, logos, brand names, printed labels, barcodes, packaging copy, signage text, watermarks or UI overlays anywhere in the frame. Every tape roll, carton, panel, tool and surface is completely blank and unbranded. No invented lettering, no partial or garbled characters. Avoid: extra fingers, malformed hands, floating objects, duplicated tools, plastic-looking skin, HDR halos, heavy vignette, oversaturation."
Utility Grade Masking Tapes,utility-grade-masking-tapes,automotive,3,Dashcam mount,"Joinery Kitchen Furniture, Manufacturing","interior view of a windscreen with a compact unbranded black camera being pressed to the glass on an adhesive pad, rear-view mirror and blurred road ahead; bright daylight through the screen. The tape itself is the hero of the image and is shown plain and unbranded. Photorealistic commercial product photography. Full-frame camera, 50mm lens for scene shots and 100mm macro for detail shots, f/4, sharp focus on the point of application with the background falling away softly. Natural colour, realistic material response, true-to-life scale. Hands, where shown, are anatomically correct with five fingers and clean, unmanicured working nails. ABSOLUTELY NO TEXT of any kind: no letters, words, numbers, logos, brand names, printed labels, barcodes, packaging copy, signage text, watermarks or UI overlays anywhere in the frame. Every tape roll, carton, panel, tool and surface is completely blank and unbranded. No invented lettering, no partial or garbled characters. Avoid: extra fingers, malformed hands, floating objects, duplicated tools, plastic-looking skin, HDR halos, heavy vignette, oversaturation."
General Purpose Masking Tape,general-purpose-masking-tape,automotive,1,Trim attachment,"Framing & Insulation, Glass & Glazing","a technician's gloved hands pressing a blank chrome side-moulding strip onto a car door panel in a workshop, adhesive tape line visible along the moulding's back; glossy paint reflections, cool overhead workshop lighting. The tape itself is the hero of the image and is shown plain and unbranded. Photorealistic commercial product photography. Full-frame camera, 50mm lens for scene shots and 100mm macro for detail shots, f/4, sharp focus on the point of application with the background falling away softly. Natural colour, realistic material response, true-to-life scale. Hands, where shown, are anatomically correct with five fingers and clean, unmanicured working nails. ABSOLUTELY NO TEXT of any kind: no letters, words, numbers, logos, brand names, printed labels, barcodes, packaging copy, signage text, watermarks or UI overlays anywhere in the frame. Every tape roll, carton, panel, tool and surface is completely blank and unbranded. No invented lettering, no partial or garbled characters. Avoid: extra fingers, malformed hands, floating objects, duplicated tools, plastic-looking skin, HDR halos, heavy vignette, oversaturation."
General Purpose Masking Tape,general-purpose-masking-tape,automotive,2,Door membrane,"Framing & Insulation, Glass & Glazing","hands sealing a plastic vapour barrier to a car door shell with butyl-backed tape, door card removed and speaker visible; shallow depth of field, garage light. The tape itself is the hero of the image and is shown plain and unbranded. Photorealistic commercial product photography. Full-frame camera, 50mm lens for scene shots and 100mm macro for detail shots, f/4, sharp focus on the point of application with the background falling away softly. Natural colour, realistic material response, true-to-life scale. Hands, where shown, are anatomically correct with five fingers and clean, unmanicured working nails. ABSOLUTELY NO TEXT of any kind: no letters, words, numbers, logos, brand names, printed labels, barcodes, packaging copy, signage text, watermarks or UI overlays anywhere in the frame. Every tape roll, carton, panel, tool and surface is completely blank and unbranded. No invented lettering, no partial or garbled characters. Avoid: extra fingers, malformed hands, floating objects, duplicated tools, plastic-looking skin, HDR halos, heavy vignette, oversaturation."
General Purpose Masking Tape,general-purpose-masking-tape,automotive,3,Dashcam mount,"Framing & Insulation, Glass & Glazing","interior view of a windscreen with a compact unbranded black camera being pressed to the glass on an adhesive pad, rear-view mirror and blurred road ahead; bright daylight through the screen. The tape itself is the hero of the image and is shown plain and unbranded. Photorealistic commercial product photography. Full-frame camera, 50mm lens for scene shots and 100mm macro for detail shots, f/4, sharp focus on the point of application with the background falling away softly. Natural colour, realistic material response, true-to-life scale. Hands, where shown, are anatomically correct with five fingers and clean, unmanicured working nails. ABSOLUTELY NO TEXT of any kind: no letters, words, numbers, logos, brand names, printed labels, barcodes, packaging copy, signage text, watermarks or UI overlays anywhere in the frame. Every tape roll, carton, panel, tool and surface is completely blank and unbranded. No invented lettering, no partial or garbled characters. Avoid: extra fingers, malformed hands, floating objects, duplicated tools, plastic-looking skin, HDR halos, heavy vignette, oversaturation."
White Automotive Painters Masking Tape,white-automotive-masking-tapes,automotive,1,Trim attachment,"Building & Construction, Joinery Kitchen Furniture","a technician's gloved hands pressing a blank chrome side-moulding strip onto a car door panel in a workshop, adhesive tape line visible along the moulding's back; glossy paint reflections, cool overhead workshop lighting. The tape itself is the hero of the image and is shown plain and unbranded. Photorealistic commercial product photography. Full-frame camera, 50mm lens for scene shots and 100mm macro for detail shots, f/4, sharp focus on the point of application with the background falling away softly. Natural colour, realistic material response, true-to-life scale. Hands, where shown, are anatomically correct with five fingers and clean, unmanicured working nails. ABSOLUTELY NO TEXT of any kind: no letters, words, numbers, logos, brand names, printed labels, barcodes, packaging copy, signage text, watermarks or UI overlays anywhere in the frame. Every tape roll, carton, panel, tool and surface is completely blank and unbranded. No invented lettering, no partial or garbled characters. Avoid: extra fingers, malformed hands, floating objects, duplicated tools, plastic-looking skin, HDR halos, heavy vignette, oversaturation."
White Automotive Painters Masking Tape,white-automotive-masking-tapes,automotive,2,Door membrane,"Building & Construction, Joinery Kitchen Furniture","hands sealing a plastic vapour barrier to a car door shell with butyl-backed tape, door card removed and speaker visible; shallow depth of field, garage light. The tape itself is the hero of the image and is shown plain and unbranded. Photorealistic commercial product photography. Full-frame camera, 50mm lens for scene shots and 100mm macro for detail shots, f/4, sharp focus on the point of application with the background falling away softly. Natural colour, realistic material response, true-to-life scale. Hands, where shown, are anatomically correct with five fingers and clean, unmanicured working nails. ABSOLUTELY NO TEXT of any kind: no letters, words, numbers, logos, brand names, printed labels, barcodes, packaging copy, signage text, watermarks or UI overlays anywhere in the frame. Every tape roll, carton, panel, tool and surface is completely blank and unbranded. No invented lettering, no partial or garbled characters. Avoid: extra fingers, malformed hands, floating objects, duplicated tools, plastic-looking skin, HDR halos, heavy vignette, oversaturation."
White Automotive Painters Masking Tape,white-automotive-masking-tapes,automotive,3,Dashcam mount,"Building & Construction, Joinery Kitchen Furniture","interior view of a windscreen with a compact unbranded black camera being pressed to the glass on an adhesive pad, rear-view mirror and blurred road ahead; bright daylight through the screen. The tape itself is the hero of the image and is shown plain and unbranded. Photorealistic commercial product photography. Full-frame camera, 50mm lens for scene shots and 100mm macro for detail shots, f/4, sharp focus on the point of application with the background falling away softly. Natural colour, realistic material response, true-to-life scale. Hands, where shown, are anatomically correct with five fingers and clean, unmanicured working nails. ABSOLUTELY NO TEXT of any kind: no letters, words, numbers, logos, brand names, printed labels, barcodes, packaging copy, signage text, watermarks or UI overlays anywhere in the frame. Every tape roll, carton, panel, tool and surface is completely blank and unbranded. No invented lettering, no partial or garbled characters. Avoid: extra fingers, malformed hands, floating objects, duplicated tools, plastic-looking skin, HDR halos, heavy vignette, oversaturation."
High Performance Masking,high-performance-masking,automotive,1,Trim attachment,"Building & Construction, Glass & Glazing","a technician's gloved hands pressing a blank chrome side-moulding strip onto a car door panel in a workshop, adhesive tape line visible along the moulding's back; glossy paint reflections, cool overhead workshop lighting. The tape itself is the hero of the image and is shown plain and unbranded. Photorealistic commercial product photography. Full-frame camera, 50mm lens for scene shots and 100mm macro for detail shots, f/4, sharp focus on the point of application with the background falling away softly. Natural colour, realistic material response, true-to-life scale. Hands, where shown, are anatomically correct with five fingers and clean, unmanicured working nails. ABSOLUTELY NO TEXT of any kind: no letters, words, numbers, logos, brand names, printed labels, barcodes, packaging copy, signage text, watermarks or UI overlays anywhere in the frame. Every tape roll, carton, panel, tool and surface is completely blank and unbranded. No invented lettering, no partial or garbled characters. Avoid: extra fingers, malformed hands, floating objects, duplicated tools, plastic-looking skin, HDR halos, heavy vignette, oversaturation."
High Performance Masking,high-performance-masking,automotive,2,Door membrane,"Building & Construction, Glass & Glazing","hands sealing a plastic vapour barrier to a car door shell with butyl-backed tape, door card removed and speaker visible; shallow depth of field, garage light. The tape itself is the hero of the image and is shown plain and unbranded. Photorealistic commercial product photography. Full-frame camera, 50mm lens for scene shots and 100mm macro for detail shots, f/4, sharp focus on the point of application with the background falling away softly. Natural colour, realistic material response, true-to-life scale. Hands, where shown, are anatomically correct with five fingers and clean, unmanicured working nails. ABSOLUTELY NO TEXT of any kind: no letters, words, numbers, logos, brand names, printed labels, barcodes, packaging copy, signage text, watermarks or UI overlays anywhere in the frame. Every tape roll, carton, panel, tool and surface is completely blank and unbranded. No invented lettering, no partial or garbled characters. Avoid: extra fingers, malformed hands, floating objects, duplicated tools, plastic-looking skin, HDR halos, heavy vignette, oversaturation."
High Performance Masking,high-performance-masking,automotive,3,Dashcam mount,"Building & Construction, Glass & Glazing","interior view of a windscreen with a compact unbranded black camera being pressed to the glass on an adhesive pad, rear-view mirror and blurred road ahead; bright daylight through the screen. The tape itself is the hero of the image and is shown plain and unbranded. Photorealistic commercial product photography. Full-frame camera, 50mm lens for scene shots and 100mm macro for detail shots, f/4, sharp focus on the point of application with the background falling away softly. Natural colour, realistic material response, true-to-life scale. Hands, where shown, are anatomically correct with five fingers and clean, unmanicured working nails. ABSOLUTELY NO TEXT of any kind: no letters, words, numbers, logos, brand names, printed labels, barcodes, packaging copy, signage text, watermarks or UI overlays anywhere in the frame. Every tape roll, carton, panel, tool and surface is completely blank and unbranded. No invented lettering, no partial or garbled characters. Avoid: extra fingers, malformed hands, floating objects, duplicated tools, plastic-looking skin, HDR halos, heavy vignette, oversaturation."
Coloured Painters Masking Tape – 14 Days Removal,14-day-premium-masking-tape,masking-tape,1,Wall cut-in,"Building & Construction, Display Signage","a painter's hand pulling a strip of masking tape along the junction of a wall and white skirting board, roller tray and brush blurred on a drop sheet below; bright interior daylight. The tape itself is the hero of the image and is shown plain and unbranded. Photorealistic commercial product photography. Full-frame camera, 50mm lens for scene shots and 100mm macro for detail shots, f/4, sharp focus on the point of application with the background falling away softly. Natural colour, realistic material response, true-to-life scale. Hands, where shown, are anatomically correct with five fingers and clean, unmanicured working nails. ABSOLUTELY NO TEXT of any kind: no letters, words, numbers, logos, brand names, printed labels, barcodes, packaging copy, signage text, watermarks or UI overlays anywhere in the frame. Every tape roll, carton, panel, tool and surface is completely blank and unbranded. No invented lettering, no partial or garbled characters. Avoid: extra fingers, malformed hands, floating objects, duplicated tools, plastic-looking skin, HDR halos, heavy vignette, oversaturation."
Coloured Painters Masking Tape – 14 Days Removal,14-day-premium-masking-tape,masking-tape,2,Automotive spray,"Building & Construction, Display Signage","a spray booth technician masking a car panel with tape and paper before painting, crisp tape edge along the panel gap; even booth lighting, matte primer surface. The tape itself is the hero of the image and is shown plain and unbranded. Photorealistic commercial product photography. Full-frame camera, 50mm lens for scene shots and 100mm macro for detail shots, f/4, sharp focus on the point of application with the background falling away softly. Natural colour, realistic material response, true-to-life scale. Hands, where shown, are anatomically correct with five fingers and clean, unmanicured working nails. ABSOLUTELY NO TEXT of any kind: no letters, words, numbers, logos, brand names, printed labels, barcodes, packaging copy, signage text, watermarks or UI overlays anywhere in the frame. Every tape roll, carton, panel, tool and surface is completely blank and unbranded. No invented lettering, no partial or garbled characters. Avoid: extra fingers, malformed hands, floating objects, duplicated tools, plastic-looking skin, HDR halos, heavy vignette, oversaturation."
Coloured Painters Masking Tape – 14 Days Removal,14-day-premium-masking-tape,masking-tape,3,Clean paint line,"Building & Construction, Display Signage","an extreme close-up of tape being peeled back to reveal a perfectly sharp paint line between two wall colours; shallow depth of field, soft natural light. The tape itself is the hero of the image and is shown plain and unbranded. Photorealistic commercial product photography. Full-frame camera, 50mm lens for scene shots and 100mm macro for detail shots, f/4, sharp focus on the point of application with the background falling away softly. Natural colour, realistic material response, true-to-life scale. Hands, where shown, are anatomically correct with five fingers and clean, unmanicured working nails. ABSOLUTELY NO TEXT of any kind: no letters, words, numbers, logos, brand names, printed labels, barcodes, packaging copy, signage text, watermarks or UI overlays anywhere in the frame. Every tape roll, carton, panel, tool and surface is completely blank and unbranded. No invented lettering, no partial or garbled characters. Avoid: extra fingers, malformed hands, floating objects, duplicated tools, plastic-looking skin, HDR halos, heavy vignette, oversaturation."
Yellow Painters Masking Tape – 7 Days Removal,7-day-premium-masking-tape,masking-tape,1,Wall cut-in,"Building & Construction, Display Signage","a painter's hand pulling a strip of masking tape along the junction of a wall and white skirting board, roller tray and brush blurred on a drop sheet below; bright interior daylight. The tape itself is the hero of the image and is shown plain and unbranded. Photorealistic commercial product photography. Full-frame camera, 50mm lens for scene shots and 100mm macro for detail shots, f/4, sharp focus on the point of application with the background falling away softly. Natural colour, realistic material response, true-to-life scale. Hands, where shown, are anatomically correct with five fingers and clean, unmanicured working nails. ABSOLUTELY NO TEXT of any kind: no letters, words, numbers, logos, brand names, printed labels, barcodes, packaging copy, signage text, watermarks or UI overlays anywhere in the frame. Every tape roll, carton, panel, tool and surface is completely blank and unbranded. No invented lettering, no partial or garbled characters. Avoid: extra fingers, malformed hands, floating objects, duplicated tools, plastic-looking skin, HDR halos, heavy vignette, oversaturation."
Yellow Painters Masking Tape – 7 Days Removal,7-day-premium-masking-tape,masking-tape,2,Automotive spray,"Building & Construction, Display Signage","a spray booth technician masking a car panel with tape and paper before painting, crisp tape edge along the panel gap; even booth lighting, matte primer surface. The tape itself is the hero of the image and is shown plain and unbranded. Photorealistic commercial product photography. Full-frame camera, 50mm lens for scene shots and 100mm macro for detail shots, f/4, sharp focus on the point of application with the background falling away softly. Natural colour, realistic material response, true-to-life scale. Hands, where shown, are anatomically correct with five fingers and clean, unmanicured working nails. ABSOLUTELY NO TEXT of any kind: no letters, words, numbers, logos, brand names, printed labels, barcodes, packaging copy, signage text, watermarks or UI overlays anywhere in the frame. Every tape roll, carton, panel, tool and surface is completely blank and unbranded. No invented lettering, no partial or garbled characters. Avoid: extra fingers, malformed hands, floating objects, duplicated tools, plastic-looking skin, HDR halos, heavy vignette, oversaturation."
Yellow Painters Masking Tape – 7 Days Removal,7-day-premium-masking-tape,masking-tape,3,Clean paint line,"Building & Construction, Display Signage","an extreme close-up of tape being peeled back to reveal a perfectly sharp paint line between two wall colours; shallow depth of field, soft natural light. The tape itself is the hero of the image and is shown plain and unbranded. Photorealistic commercial product photography. Full-frame camera, 50mm lens for scene shots and 100mm macro for detail shots, f/4, sharp focus on the point of application with the background falling away softly. Natural colour, realistic material response, true-to-life scale. Hands, where shown, are anatomically correct with five fingers and clean, unmanicured working nails. ABSOLUTELY NO TEXT of any kind: no letters, words, numbers, logos, brand names, printed labels, barcodes, packaging copy, signage text, watermarks or UI overlays anywhere in the frame. Every tape roll, carton, panel, tool and surface is completely blank and unbranded. No invented lettering, no partial or garbled characters. Avoid: extra fingers, malformed hands, floating objects, duplicated tools, plastic-looking skin, HDR halos, heavy vignette, oversaturation."
Blue Painters Masking Tape – 28 Days Removal,28-day-premium-masking,masking-tape,1,Wall cut-in,"Building & Construction, Display Signage","a painter's hand pulling a strip of masking tape along the junction of a wall and white skirting board, roller tray and brush blurred on a drop sheet below; bright interior daylight. The tape itself is the hero of the image and is shown plain and unbranded. Photorealistic commercial product photography. Full-frame camera, 50mm lens for scene shots and 100mm macro for detail shots, f/4, sharp focus on the point of application with the background falling away softly. Natural colour, realistic material response, true-to-life scale. Hands, where shown, are anatomically correct with five fingers and clean, unmanicured working nails. ABSOLUTELY NO TEXT of any kind: no letters, words, numbers, logos, brand names, printed labels, barcodes, packaging copy, signage text, watermarks or UI overlays anywhere in the frame. Every tape roll, carton, panel, tool and surface is completely blank and unbranded. No invented lettering, no partial or garbled characters. Avoid: extra fingers, malformed hands, floating objects, duplicated tools, plastic-looking skin, HDR halos, heavy vignette, oversaturation."
Blue Painters Masking Tape – 28 Days Removal,28-day-premium-masking,masking-tape,2,Automotive spray,"Building & Construction, Display Signage","a spray booth technician masking a car panel with tape and paper before painting, crisp tape edge along the panel gap; even booth lighting, matte primer surface. The tape itself is the hero of the image and is shown plain and unbranded. Photorealistic commercial product photography. Full-frame camera, 50mm lens for scene shots and 100mm macro for detail shots, f/4, sharp focus on the point of application with the background falling away softly. Natural colour, realistic material response, true-to-life scale. Hands, where shown, are anatomically correct with five fingers and clean, unmanicured working nails. ABSOLUTELY NO TEXT of any kind: no letters, words, numbers, logos, brand names, printed labels, barcodes, packaging copy, signage text, watermarks or UI overlays anywhere in the frame. Every tape roll, carton, panel, tool and surface is completely blank and unbranded. No invented lettering, no partial or garbled characters. Avoid: extra fingers, malformed hands, floating objects, duplicated tools, plastic-looking skin, HDR halos, heavy vignette, oversaturation."
Blue Painters Masking Tape – 28 Days Removal,28-day-premium-masking,masking-tape,3,Clean paint line,"Building & Construction, Display Signage","an extreme close-up of tape being peeled back to reveal a perfectly sharp paint line between two wall colours; shallow depth of field, soft natural light. The tape itself is the hero of the image and is shown plain and unbranded. Photorealistic commercial product photography. Full-frame camera, 50mm lens for scene shots and 100mm macro for detail shots, f/4, sharp focus on the point of application with the background falling away softly. Natural colour, realistic material response, true-to-life scale. Hands, where shown, are anatomically correct with five fingers and clean, unmanicured working nails. ABSOLUTELY NO TEXT of any kind: no letters, words, numbers, logos, brand names, printed labels, barcodes, packaging copy, signage text, watermarks or UI overlays anywhere in the frame. Every tape roll, carton, panel, tool and surface is completely blank and unbranded. No invented lettering, no partial or garbled characters. Avoid: extra fingers, malformed hands, floating objects, duplicated tools, plastic-looking skin, HDR halos, heavy vignette, oversaturation."
All Weather Repair Tape – Clear,all-weather-repair-tape,protection-tape,1,Metal surface film,Building & Construction,"a fabricator peeling blue protective film from a freshly cut stainless steel panel, the mirror surface revealed beneath; bright workshop lighting, strong reflections. The tape itself is the hero of the image and is shown plain and unbranded. Photorealistic commercial product photography. Full-frame camera, 50mm lens for scene shots and 100mm macro for detail shots, f/4, sharp focus on the point of application with the background falling away softly. Natural colour, realistic material response, true-to-life scale. Hands, where shown, are anatomically correct with five fingers and clean, unmanicured working nails. ABSOLUTELY NO TEXT of any kind: no letters, words, numbers, logos, brand names, printed labels, barcodes, packaging copy, signage text, watermarks or UI overlays anywhere in the frame. Every tape roll, carton, panel, tool and surface is completely blank and unbranded. No invented lettering, no partial or garbled characters. Avoid: extra fingers, malformed hands, floating objects, duplicated tools, plastic-looking skin, HDR halos, heavy vignette, oversaturation."
All Weather Repair Tape – Clear,all-weather-repair-tape,protection-tape,2,Glazing protection,Building & Construction,"protective film applied over a newly installed window pane on a construction site, a gloved hand smoothing it flat; bright overcast daylight. The tape itself is the hero of the image and is shown plain and unbranded. Photorealistic commercial product photography. Full-frame camera, 50mm lens for scene shots and 100mm macro for detail shots, f/4, sharp focus on the point of application with the background falling away softly. Natural colour, realistic material response, true-to-life scale. Hands, where shown, are anatomically correct with five fingers and clean, unmanicured working nails. ABSOLUTELY NO TEXT of any kind: no letters, words, numbers, logos, brand names, printed labels, barcodes, packaging copy, signage text, watermarks or UI overlays anywhere in the frame. Every tape roll, carton, panel, tool and surface is completely blank and unbranded. No invented lettering, no partial or garbled characters. Avoid: extra fingers, malformed hands, floating objects, duplicated tools, plastic-looking skin, HDR halos, heavy vignette, oversaturation."
All Weather Repair Tape – Clear,all-weather-repair-tape,protection-tape,3,Peel detail,Building & Construction,"an extreme close-up of protective film lifting from a brushed aluminium surface in one clean strip; raking light along the brush grain. The tape itself is the hero of the image and is shown plain and unbranded. Photorealistic commercial product photography. Full-frame camera, 50mm lens for scene shots and 100mm macro for detail shots, f/4, sharp focus on the point of application with the background falling away softly. Natural colour, realistic material response, true-to-life scale. Hands, where shown, are anatomically correct with five fingers and clean, unmanicured working nails. ABSOLUTELY NO TEXT of any kind: no letters, words, numbers, logos, brand names, printed labels, barcodes, packaging copy, signage text, watermarks or UI overlays anywhere in the frame. Every tape roll, carton, panel, tool and surface is completely blank and unbranded. No invented lettering, no partial or garbled characters. Avoid: extra fingers, malformed hands, floating objects, duplicated tools, plastic-looking skin, HDR halos, heavy vignette, oversaturation."
PE Protection Tape- Black x 66m,protection-tape,protection-tape,1,Metal surface film,"Building & Construction, Flooring","a fabricator peeling blue protective film from a freshly cut stainless steel panel, the mirror surface revealed beneath; bright workshop lighting, strong reflections. The tape itself is the hero of the image and is shown plain and unbranded. Photorealistic commercial product photography. Full-frame camera, 50mm lens for scene shots and 100mm macro for detail shots, f/4, sharp focus on the point of application with the background falling away softly. Natural colour, realistic material response, true-to-life scale. Hands, where shown, are anatomically correct with five fingers and clean, unmanicured working nails. ABSOLUTELY NO TEXT of any kind: no letters, words, numbers, logos, brand names, printed labels, barcodes, packaging copy, signage text, watermarks or UI overlays anywhere in the frame. Every tape roll, carton, panel, tool and surface is completely blank and unbranded. No invented lettering, no partial or garbled characters. Avoid: extra fingers, malformed hands, floating objects, duplicated tools, plastic-looking skin, HDR halos, heavy vignette, oversaturation."
PE Protection Tape- Black x 66m,protection-tape,protection-tape,2,Glazing protection,"Building & Construction, Flooring","protective film applied over a newly installed window pane on a construction site, a gloved hand smoothing it flat; bright overcast daylight. The tape itself is the hero of the image and is shown plain and unbranded. Photorealistic commercial product photography. Full-frame camera, 50mm lens for scene shots and 100mm macro for detail shots, f/4, sharp focus on the point of application with the background falling away softly. Natural colour, realistic material response, true-to-life scale. Hands, where shown, are anatomically correct with five fingers and clean, unmanicured working nails. ABSOLUTELY NO TEXT of any kind: no letters, words, numbers, logos, brand names, printed labels, barcodes, packaging copy, signage text, watermarks or UI overlays anywhere in the frame. Every tape roll, carton, panel, tool and surface is completely blank and unbranded. No invented lettering, no partial or garbled characters. Avoid: extra fingers, malformed hands, floating objects, duplicated tools, plastic-looking skin, HDR halos, heavy vignette, oversaturation."
PE Protection Tape- Black x 66m,protection-tape,protection-tape,3,Peel detail,"Building & Construction, Flooring","an extreme close-up of protective film lifting from a brushed aluminium surface in one clean strip; raking light along the brush grain. The tape itself is the hero of the image and is shown plain and unbranded. Photorealistic commercial product photography. Full-frame camera, 50mm lens for scene shots and 100mm macro for detail shots, f/4, sharp focus on the point of application with the background falling away softly. Natural colour, realistic material response, true-to-life scale. Hands, where shown, are anatomically correct with five fingers and clean, unmanicured working nails. ABSOLUTELY NO TEXT of any kind: no letters, words, numbers, logos, brand names, printed labels, barcodes, packaging copy, signage text, watermarks or UI overlays anywhere in the frame. Every tape roll, carton, panel, tool and surface is completely blank and unbranded. No invented lettering, no partial or garbled characters. Avoid: extra fingers, malformed hands, floating objects, duplicated tools, plastic-looking skin, HDR halos, heavy vignette, oversaturation."
Butyl Waterproof Flashing Tape,flashing-tape,flashing-tape,1,Window flashing,"Building & Construction, Glass & Glazing","a builder pressing self-adhesive flashing tape around the head of a window opening in a timber-framed wall, house wrap behind; bright construction daylight. The tape itself is the hero of the image and is shown plain and unbranded. Photorealistic commercial product photography. Full-frame camera, 50mm lens for scene shots and 100mm macro for detail shots, f/4, sharp focus on the point of application with the background falling away softly. Natural colour, realistic material response, true-to-life scale. Hands, where shown, are anatomically correct with five fingers and clean, unmanicured working nails. ABSOLUTELY NO TEXT of any kind: no letters, words, numbers, logos, brand names, printed labels, barcodes, packaging copy, signage text, watermarks or UI overlays anywhere in the frame. Every tape roll, carton, panel, tool and surface is completely blank and unbranded. No invented lettering, no partial or garbled characters. Avoid: extra fingers, malformed hands, floating objects, duplicated tools, plastic-looking skin, HDR halos, heavy vignette, oversaturation."
Butyl Waterproof Flashing Tape,flashing-tape,flashing-tape,2,Sheathing seam,"Building & Construction, Glass & Glazing","gloved hands rolling flashing tape along the vertical joint between two sheets of structural sheathing, seam roller in use; overcast site light. The tape itself is the hero of the image and is shown plain and unbranded. Photorealistic commercial product photography. Full-frame camera, 50mm lens for scene shots and 100mm macro for detail shots, f/4, sharp focus on the point of application with the background falling away softly. Natural colour, realistic material response, true-to-life scale. Hands, where shown, are anatomically correct with five fingers and clean, unmanicured working nails. ABSOLUTELY NO TEXT of any kind: no letters, words, numbers, logos, brand names, printed labels, barcodes, packaging copy, signage text, watermarks or UI overlays anywhere in the frame. Every tape roll, carton, panel, tool and surface is completely blank and unbranded. No invented lettering, no partial or garbled characters. Avoid: extra fingers, malformed hands, floating objects, duplicated tools, plastic-looking skin, HDR halos, heavy vignette, oversaturation."
Butyl Waterproof Flashing Tape,flashing-tape,flashing-tape,3,Corner detail,"Building & Construction, Glass & Glazing","a close-up of flashing tape folded neatly around the corner of a window sill pan, fully sealed; sharp raking daylight. The tape itself is the hero of the image and is shown plain and unbranded. Photorealistic commercial product photography. Full-frame camera, 50mm lens for scene shots and 100mm macro for detail shots, f/4, sharp focus on the point of application with the background falling away softly. Natural colour, realistic material response, true-to-life scale. Hands, where shown, are anatomically correct with five fingers and clean, unmanicured working nails. ABSOLUTELY NO TEXT of any kind: no letters, words, numbers, logos, brand names, printed labels, barcodes, packaging copy, signage text, watermarks or UI overlays anywhere in the frame. Every tape roll, carton, panel, tool and surface is completely blank and unbranded. No invented lettering, no partial or garbled characters. Avoid: extra fingers, malformed hands, floating objects, duplicated tools, plastic-looking skin, HDR halos, heavy vignette, oversaturation."
Reinforced Flashing Tape,reinforced-flashing-tape,flashing-tape,1,Window flashing,"Building & Construction, Glass & Glazing","a builder pressing self-adhesive flashing tape around the head of a window opening in a timber-framed wall, house wrap behind; bright construction daylight. The tape itself is the hero of the image and is shown plain and unbranded. Photorealistic commercial product photography. Full-frame camera, 50mm lens for scene shots and 100mm macro for detail shots, f/4, sharp focus on the point of application with the background falling away softly. Natural colour, realistic material response, true-to-life scale. Hands, where shown, are anatomically correct with five fingers and clean, unmanicured working nails. ABSOLUTELY NO TEXT of any kind: no letters, words, numbers, logos, brand names, printed labels, barcodes, packaging copy, signage text, watermarks or UI overlays anywhere in the frame. Every tape roll, carton, panel, tool and surface is completely blank and unbranded. No invented lettering, no partial or garbled characters. Avoid: extra fingers, malformed hands, floating objects, duplicated tools, plastic-looking skin, HDR halos, heavy vignette, oversaturation."
Reinforced Flashing Tape,reinforced-flashing-tape,flashing-tape,2,Sheathing seam,"Building & Construction, Glass & Glazing","gloved hands rolling flashing tape along the vertical joint between two sheets of structural sheathing, seam roller in use; overcast site light. The tape itself is the hero of the image and is shown plain and unbranded. Photorealistic commercial product photography. Full-frame camera, 50mm lens for scene shots and 100mm macro for detail shots, f/4, sharp focus on the point of application with the background falling away softly. Natural colour, realistic material response, true-to-life scale. Hands, where shown, are anatomically correct with five fingers and clean, unmanicured working nails. ABSOLUTELY NO TEXT of any kind: no letters, words, numbers, logos, brand names, printed labels, barcodes, packaging copy, signage text, watermarks or UI overlays anywhere in the frame. Every tape roll, carton, panel, tool and surface is completely blank and unbranded. No invented lettering, no partial or garbled characters. Avoid: extra fingers, malformed hands, floating objects, duplicated tools, plastic-looking skin, HDR halos, heavy vignette, oversaturation."
Reinforced Flashing Tape,reinforced-flashing-tape,flashing-tape,3,Corner detail,"Building & Construction, Glass & Glazing","a close-up of flashing tape folded neatly around the corner of a window sill pan, fully sealed; sharp raking daylight. The tape itself is the hero of the image and is shown plain and unbranded. Photorealistic commercial product photography. Full-frame camera, 50mm lens for scene shots and 100mm macro for detail shots, f/4, sharp focus on the point of application with the background falling away softly. Natural colour, realistic material response, true-to-life scale. Hands, where shown, are anatomically correct with five fingers and clean, unmanicured working nails. ABSOLUTELY NO TEXT of any kind: no letters, words, numbers, logos, brand names, printed labels, barcodes, packaging copy, signage text, watermarks or UI overlays anywhere in the frame. Every tape roll, carton, panel, tool and surface is completely blank and unbranded. No invented lettering, no partial or garbled characters. Avoid: extra fingers, malformed hands, floating objects, duplicated tools, plastic-looking skin, HDR halos, heavy vignette, oversaturation."
Cloth Tape – 7 Colours,cloth-tapes,fabric-tape,1,Stage cable run,"Airconditioning Refrigeration Tapes, Building & Construction","a stage technician taping a run of black cables to a dark venue floor with matte cloth tape, boot and cable coil in frame; moody theatrical lighting, shallow depth of field. The tape itself is the hero of the image and is shown plain and unbranded. Photorealistic commercial product photography. Full-frame camera, 50mm lens for scene shots and 100mm macro for detail shots, f/4, sharp focus on the point of application with the background falling away softly. Natural colour, realistic material response, true-to-life scale. Hands, where shown, are anatomically correct with five fingers and clean, unmanicured working nails. ABSOLUTELY NO TEXT of any kind: no letters, words, numbers, logos, brand names, printed labels, barcodes, packaging copy, signage text, watermarks or UI overlays anywhere in the frame. Every tape roll, carton, panel, tool and surface is completely blank and unbranded. No invented lettering, no partial or garbled characters. Avoid: extra fingers, malformed hands, floating objects, duplicated tools, plastic-looking skin, HDR halos, heavy vignette, oversaturation."
Cloth Tape – 7 Colours,cloth-tapes,fabric-tape,2,Carpet edge,"Airconditioning Refrigeration Tapes, Building & Construction","hands pressing cloth tape along the trimmed edge of a carpet run in an office fit-out, underlay visible; bright even daylight. The tape itself is the hero of the image and is shown plain and unbranded. Photorealistic commercial product photography. Full-frame camera, 50mm lens for scene shots and 100mm macro for detail shots, f/4, sharp focus on the point of application with the background falling away softly. Natural colour, realistic material response, true-to-life scale. Hands, where shown, are anatomically correct with five fingers and clean, unmanicured working nails. ABSOLUTELY NO TEXT of any kind: no letters, words, numbers, logos, brand names, printed labels, barcodes, packaging copy, signage text, watermarks or UI overlays anywhere in the frame. Every tape roll, carton, panel, tool and surface is completely blank and unbranded. No invented lettering, no partial or garbled characters. Avoid: extra fingers, malformed hands, floating objects, duplicated tools, plastic-looking skin, HDR halos, heavy vignette, oversaturation."
Cloth Tape – 7 Colours,cloth-tapes,fabric-tape,3,Roll close-up,"Airconditioning Refrigeration Tapes, Building & Construction","an extreme close-up of matte black cloth tape being torn by hand, the woven fibre edge visible in the tear; dramatic raking light, dark background. The tape itself is the hero of the image and is shown plain and unbranded. Photorealistic commercial product photography. Full-frame camera, 50mm lens for scene shots and 100mm macro for detail shots, f/4, sharp focus on the point of application with the background falling away softly. Natural colour, realistic material response, true-to-life scale. Hands, where shown, are anatomically correct with five fingers and clean, unmanicured working nails. ABSOLUTELY NO TEXT of any kind: no letters, words, numbers, logos, brand names, printed labels, barcodes, packaging copy, signage text, watermarks or UI overlays anywhere in the frame. Every tape roll, carton, panel, tool and surface is completely blank and unbranded. No invented lettering, no partial or garbled characters. Avoid: extra fingers, malformed hands, floating objects, duplicated tools, plastic-looking skin, HDR halos, heavy vignette, oversaturation."
Clear Stationery Tape,clear-stationery-tape,packaging-tapes,1,Carton seal,"Tapes For School Library, Warehouse Packaging Logistics","an extreme close-up of clear packaging tape being pressed along the H-seam of a kraft carton, the tape's slight sheen catching the light and the cardboard flute texture visible at the edge; shallow depth of field. The tape itself is the hero of the image and is shown plain and unbranded. Photorealistic commercial product photography. Full-frame camera, 50mm lens for scene shots and 100mm macro for detail shots, f/4, sharp focus on the point of application with the background falling away softly. Natural colour, realistic material response, true-to-life scale. Hands, where shown, are anatomically correct with five fingers and clean, unmanicured working nails. ABSOLUTELY NO TEXT of any kind: no letters, words, numbers, logos, brand names, printed labels, barcodes, packaging copy, signage text, watermarks or UI overlays anywhere in the frame. Every tape roll, carton, panel, tool and surface is completely blank and unbranded. No invented lettering, no partial or garbled characters. Avoid: extra fingers, malformed hands, floating objects, duplicated tools, plastic-looking skin, HDR halos, heavy vignette, oversaturation."
Clear Stationery Tape,clear-stationery-tape,packaging-tapes,2,Pallet of sealed cartons,"Tapes For School Library, Warehouse Packaging Logistics","a shrink-free pallet stacked with uniformly sealed plain kraft cartons in a clean warehouse aisle, tape lines crisp and parallel across every lid; orange racking receding softly out of focus. The tape itself is the hero of the image and is shown plain and unbranded. Photorealistic commercial product photography. Full-frame camera, 50mm lens for scene shots and 100mm macro for detail shots, f/4, sharp focus on the point of application with the background falling away softly. Natural colour, realistic material response, true-to-life scale. Hands, where shown, are anatomically correct with five fingers and clean, unmanicured working nails. ABSOLUTELY NO TEXT of any kind: no letters, words, numbers, logos, brand names, printed labels, barcodes, packaging copy, signage text, watermarks or UI overlays anywhere in the frame. Every tape roll, carton, panel, tool and surface is completely blank and unbranded. No invented lettering, no partial or garbled characters. Avoid: extra fingers, malformed hands, floating objects, duplicated tools, plastic-looking skin, HDR halos, heavy vignette, oversaturation."
Clear Stationery Tape,clear-stationery-tape,packaging-tapes,3,E-commerce packing,"Tapes For School Library, Warehouse Packaging Logistics","a small-business owner taping a parcel closed on a timber worktable surrounded by tissue paper and a stack of ready-to-post boxes; soft warm window light, homely studio atmosphere. The tape itself is the hero of the image and is shown plain and unbranded. Photorealistic commercial product photography. Full-frame camera, 50mm lens for scene shots and 100mm macro for detail shots, f/4, sharp focus on the point of application with the background falling away softly. Natural colour, realistic material response, true-to-life scale. Hands, where shown, are anatomically correct with five fingers and clean, unmanicured working nails. ABSOLUTELY NO TEXT of any kind: no letters, words, numbers, logos, brand names, printed labels, barcodes, packaging copy, signage text, watermarks or UI overlays anywhere in the frame. Every tape roll, carton, panel, tool and surface is completely blank and unbranded. No invented lettering, no partial or garbled characters. Avoid: extra fingers, malformed hands, floating objects, duplicated tools, plastic-looking skin, HDR halos, heavy vignette, oversaturation."
Mylar Tape – Glass Reinforced,glass-reinforced-mylar,thermal-insulation-tape,1,Duct seam,"Electronics & Electrical, Manufacturing","gloved hands smoothing insulation tape along the longitudinal seam of a rigid HVAC duct in a plant room; pipework and lagging behind, cool industrial lighting. The tape itself is the hero of the image and is shown plain and unbranded. Photorealistic commercial product photography. Full-frame camera, 50mm lens for scene shots and 100mm macro for detail shots, f/4, sharp focus on the point of application with the background falling away softly. Natural colour, realistic material response, true-to-life scale. Hands, where shown, are anatomically correct with five fingers and clean, unmanicured working nails. ABSOLUTELY NO TEXT of any kind: no letters, words, numbers, logos, brand names, printed labels, barcodes, packaging copy, signage text, watermarks or UI overlays anywhere in the frame. Every tape roll, carton, panel, tool and surface is completely blank and unbranded. No invented lettering, no partial or garbled characters. Avoid: extra fingers, malformed hands, floating objects, duplicated tools, plastic-looking skin, HDR halos, heavy vignette, oversaturation."
Mylar Tape – Glass Reinforced,glass-reinforced-mylar,thermal-insulation-tape,2,Pipe lagging,"Electronics & Electrical, Manufacturing","a close-up of foil-faced insulation tape spiralled around the joint between two lengths of pipe lagging in a ceiling void; work light raking across the surface. The tape itself is the hero of the image and is shown plain and unbranded. Photorealistic commercial product photography. Full-frame camera, 50mm lens for scene shots and 100mm macro for detail shots, f/4, sharp focus on the point of application with the background falling away softly. Natural colour, realistic material response, true-to-life scale. Hands, where shown, are anatomically correct with five fingers and clean, unmanicured working nails. ABSOLUTELY NO TEXT of any kind: no letters, words, numbers, logos, brand names, printed labels, barcodes, packaging copy, signage text, watermarks or UI overlays anywhere in the frame. Every tape roll, carton, panel, tool and surface is completely blank and unbranded. No invented lettering, no partial or garbled characters. Avoid: extra fingers, malformed hands, floating objects, duplicated tools, plastic-looking skin, HDR halos, heavy vignette, oversaturation."
Mylar Tape – Glass Reinforced,glass-reinforced-mylar,thermal-insulation-tape,3,Rooftop plant,"Electronics & Electrical, Manufacturing","a technician taping a duct joint on a rooftop air-handling unit, city skyline soft behind; bright late-afternoon daylight, metal duct reflections. The tape itself is the hero of the image and is shown plain and unbranded. Photorealistic commercial product photography. Full-frame camera, 50mm lens for scene shots and 100mm macro for detail shots, f/4, sharp focus on the point of application with the background falling away softly. Natural colour, realistic material response, true-to-life scale. Hands, where shown, are anatomically correct with five fingers and clean, unmanicured working nails. ABSOLUTELY NO TEXT of any kind: no letters, words, numbers, logos, brand names, printed labels, barcodes, packaging copy, signage text, watermarks or UI overlays anywhere in the frame. Every tape roll, carton, panel, tool and surface is completely blank and unbranded. No invented lettering, no partial or garbled characters. Avoid: extra fingers, malformed hands, floating objects, duplicated tools, plastic-looking skin, HDR halos, heavy vignette, oversaturation."
Pe Foam Bumper Tape,pe-foam-bumper-tape,bumpers-tapes,1,Cabinet door,"Building & Construction, Picture Framing Tapes","an extreme close-up of a small clear self-adhesive bumper being pressed into the inside corner of a shaker kitchen cabinet door; warm domestic light, timber grain sharp. The tape itself is the hero of the image and is shown plain and unbranded. Photorealistic commercial product photography. Full-frame camera, 50mm lens for scene shots and 100mm macro for detail shots, f/4, sharp focus on the point of application with the background falling away softly. Natural colour, realistic material response, true-to-life scale. Hands, where shown, are anatomically correct with five fingers and clean, unmanicured working nails. ABSOLUTELY NO TEXT of any kind: no letters, words, numbers, logos, brand names, printed labels, barcodes, packaging copy, signage text, watermarks or UI overlays anywhere in the frame. Every tape roll, carton, panel, tool and surface is completely blank and unbranded. No invented lettering, no partial or garbled characters. Avoid: extra fingers, malformed hands, floating objects, duplicated tools, plastic-looking skin, HDR halos, heavy vignette, oversaturation."
Pe Foam Bumper Tape,pe-foam-bumper-tape,bumpers-tapes,2,Glass tabletop,"Building & Construction, Picture Framing Tapes","clear round bumpers spaced beneath a glass tabletop resting on a timber base, catching a highlight; soft interior daylight, minimal styling. The tape itself is the hero of the image and is shown plain and unbranded. Photorealistic commercial product photography. Full-frame camera, 50mm lens for scene shots and 100mm macro for detail shots, f/4, sharp focus on the point of application with the background falling away softly. Natural colour, realistic material response, true-to-life scale. Hands, where shown, are anatomically correct with five fingers and clean, unmanicured working nails. ABSOLUTELY NO TEXT of any kind: no letters, words, numbers, logos, brand names, printed labels, barcodes, packaging copy, signage text, watermarks or UI overlays anywhere in the frame. Every tape roll, carton, panel, tool and surface is completely blank and unbranded. No invented lettering, no partial or garbled characters. Avoid: extra fingers, malformed hands, floating objects, duplicated tools, plastic-looking skin, HDR halos, heavy vignette, oversaturation."
Pe Foam Bumper Tape,pe-foam-bumper-tape,bumpers-tapes,3,Drawer stop,"Building & Construction, Picture Framing Tapes","hands fitting clear bumpers to the inside face of a joinery drawer front in a workshop, cabinet carcass on the bench; warm workshop light, sawdust detail. The tape itself is the hero of the image and is shown plain and unbranded. Photorealistic commercial product photography. Full-frame camera, 50mm lens for scene shots and 100mm macro for detail shots, f/4, sharp focus on the point of application with the background falling away softly. Natural colour, realistic material response, true-to-life scale. Hands, where shown, are anatomically correct with five fingers and clean, unmanicured working nails. ABSOLUTELY NO TEXT of any kind: no letters, words, numbers, logos, brand names, printed labels, barcodes, packaging copy, signage text, watermarks or UI overlays anywhere in the frame. Every tape roll, carton, panel, tool and surface is completely blank and unbranded. No invented lettering, no partial or garbled characters. Avoid: extra fingers, malformed hands, floating objects, duplicated tools, plastic-looking skin, HDR halos, heavy vignette, oversaturation."
Fine Line Masking Tape,fineline-masking-tape,automotive,1,Trim attachment,"Joinery Kitchen Furniture, Manufacturing","a technician's gloved hands pressing a blank chrome side-moulding strip onto a car door panel in a workshop, adhesive tape line visible along the moulding's back; glossy paint reflections, cool overhead workshop lighting. The tape itself is the hero of the image and is shown plain and unbranded. Photorealistic commercial product photography. Full-frame camera, 50mm lens for scene shots and 100mm macro for detail shots, f/4, sharp focus on the point of application with the background falling away softly. Natural colour, realistic material response, true-to-life scale. Hands, where shown, are anatomically correct with five fingers and clean, unmanicured working nails. ABSOLUTELY NO TEXT of any kind: no letters, words, numbers, logos, brand names, printed labels, barcodes, packaging copy, signage text, watermarks or UI overlays anywhere in the frame. Every tape roll, carton, panel, tool and surface is completely blank and unbranded. No invented lettering, no partial or garbled characters. Avoid: extra fingers, malformed hands, floating objects, duplicated tools, plastic-looking skin, HDR halos, heavy vignette, oversaturation."
Fine Line Masking Tape,fineline-masking-tape,automotive,2,Door membrane,"Joinery Kitchen Furniture, Manufacturing","hands sealing a plastic vapour barrier to a car door shell with butyl-backed tape, door card removed and speaker visible; shallow depth of field, garage light. The tape itself is the hero of the image and is shown plain and unbranded. Photorealistic commercial product photography. Full-frame camera, 50mm lens for scene shots and 100mm macro for detail shots, f/4, sharp focus on the point of application with the background falling away softly. Natural colour, realistic material response, true-to-life scale. Hands, where shown, are anatomically correct with five fingers and clean, unmanicured working nails. ABSOLUTELY NO TEXT of any kind: no letters, words, numbers, logos, brand names, printed labels, barcodes, packaging copy, signage text, watermarks or UI overlays anywhere in the frame. Every tape roll, carton, panel, tool and surface is completely blank and unbranded. No invented lettering, no partial or garbled characters. Avoid: extra fingers, malformed hands, floating objects, duplicated tools, plastic-looking skin, HDR halos, heavy vignette, oversaturation."
Fine Line Masking Tape,fineline-masking-tape,automotive,3,Dashcam mount,"Joinery Kitchen Furniture, Manufacturing","interior view of a windscreen with a compact unbranded black camera being pressed to the glass on an adhesive pad, rear-view mirror and blurred road ahead; bright daylight through the screen. The tape itself is the hero of the image and is shown plain and unbranded. Photorealistic commercial product photography. Full-frame camera, 50mm lens for scene shots and 100mm macro for detail shots, f/4, sharp focus on the point of application with the background falling away softly. Natural colour, realistic material response, true-to-life scale. Hands, where shown, are anatomically correct with five fingers and clean, unmanicured working nails. ABSOLUTELY NO TEXT of any kind: no letters, words, numbers, logos, brand names, printed labels, barcodes, packaging copy, signage text, watermarks or UI overlays anywhere in the frame. Every tape roll, carton, panel, tool and surface is completely blank and unbranded. No invented lettering, no partial or garbled characters. Avoid: extra fingers, malformed hands, floating objects, duplicated tools, plastic-looking skin, HDR halos, heavy vignette, oversaturation."
Double Sided Polypropylene Tape,double-sided-polypropylene-tape,double-sided-tape,1,Panel mounting,"Manufacturing, Tapes for Visual, Arts & Entertainment","hands mounting a blank acrylic panel onto a painted wall with double-sided tape strips; clean interior, soft even lighting. The tape itself is the hero of the image and is shown plain and unbranded. Photorealistic commercial product photography. Full-frame camera, 50mm lens for scene shots and 100mm macro for detail shots, f/4, sharp focus on the point of application with the background falling away softly. Natural colour, realistic material response, true-to-life scale. Hands, where shown, are anatomically correct with five fingers and clean, unmanicured working nails. ABSOLUTELY NO TEXT of any kind: no letters, words, numbers, logos, brand names, printed labels, barcodes, packaging copy, signage text, watermarks or UI overlays anywhere in the frame. Every tape roll, carton, panel, tool and surface is completely blank and unbranded. No invented lettering, no partial or garbled characters. Avoid: extra fingers, malformed hands, floating objects, duplicated tools, plastic-looking skin, HDR halos, heavy vignette, oversaturation."
Double Sided Polypropylene Tape,double-sided-polypropylene-tape,double-sided-tape,2,Bench application,"Manufacturing, Tapes for Visual, Arts & Entertainment","a close-up of double-sided tape being applied along the edge of a timber batten on a workbench, liner peeling away; warm workshop light. The tape itself is the hero of the image and is shown plain and unbranded. Photorealistic commercial product photography. Full-frame camera, 50mm lens for scene shots and 100mm macro for detail shots, f/4, sharp focus on the point of application with the background falling away softly. Natural colour, realistic material response, true-to-life scale. Hands, where shown, are anatomically correct with five fingers and clean, unmanicured working nails. ABSOLUTELY NO TEXT of any kind: no letters, words, numbers, logos, brand names, printed labels, barcodes, packaging copy, signage text, watermarks or UI overlays anywhere in the frame. Every tape roll, carton, panel, tool and surface is completely blank and unbranded. No invented lettering, no partial or garbled characters. Avoid: extra fingers, malformed hands, floating objects, duplicated tools, plastic-looking skin, HDR halos, heavy vignette, oversaturation."
Double Sided Polypropylene Tape,double-sided-polypropylene-tape,double-sided-tape,3,Fixture install,"Manufacturing, Tapes for Visual, Arts & Entertainment","a tradesperson fixing a slim unbranded fixture to a tiled surface with double-sided tape; bright clean interior. The tape itself is the hero of the image and is shown plain and unbranded. Photorealistic commercial product photography. Full-frame camera, 50mm lens for scene shots and 100mm macro for detail shots, f/4, sharp focus on the point of application with the background falling away softly. Natural colour, realistic material response, true-to-life scale. Hands, where shown, are anatomically correct with five fingers and clean, unmanicured working nails. ABSOLUTELY NO TEXT of any kind: no letters, words, numbers, logos, brand names, printed labels, barcodes, packaging copy, signage text, watermarks or UI overlays anywhere in the frame. Every tape roll, carton, panel, tool and surface is completely blank and unbranded. No invented lettering, no partial or garbled characters. Avoid: extra fingers, malformed hands, floating objects, duplicated tools, plastic-looking skin, HDR halos, heavy vignette, oversaturation."
Double-Sided Kikusui Tissue Tape,double-sided-premium-tissue-tape,double-sided-tissue-tape,1,Graphic mounting,"Joinery Kitchen Furniture, Manufacturing","a signmaker mounting a blank printed graphic panel to an acrylic sheet with thin double-sided tissue tape, squeegee in hand; clean bright studio lighting. The tape itself is the hero of the image and is shown plain and unbranded. Photorealistic commercial product photography. Full-frame camera, 50mm lens for scene shots and 100mm macro for detail shots, f/4, sharp focus on the point of application with the background falling away softly. Natural colour, realistic material response, true-to-life scale. Hands, where shown, are anatomically correct with five fingers and clean, unmanicured working nails. ABSOLUTELY NO TEXT of any kind: no letters, words, numbers, logos, brand names, printed labels, barcodes, packaging copy, signage text, watermarks or UI overlays anywhere in the frame. Every tape roll, carton, panel, tool and surface is completely blank and unbranded. No invented lettering, no partial or garbled characters. Avoid: extra fingers, malformed hands, floating objects, duplicated tools, plastic-looking skin, HDR halos, heavy vignette, oversaturation."
Double-Sided Kikusui Tissue Tape,double-sided-premium-tissue-tape,double-sided-tissue-tape,2,Paper splice,"Joinery Kitchen Furniture, Manufacturing","an extreme macro of two paper webs joined by a thin transparent tissue tape splice on a print-finishing table; crisp side lighting showing the join. The tape itself is the hero of the image and is shown plain and unbranded. Photorealistic commercial product photography. Full-frame camera, 50mm lens for scene shots and 100mm macro for detail shots, f/4, sharp focus on the point of application with the background falling away softly. Natural colour, realistic material response, true-to-life scale. Hands, where shown, are anatomically correct with five fingers and clean, unmanicured working nails. ABSOLUTELY NO TEXT of any kind: no letters, words, numbers, logos, brand names, printed labels, barcodes, packaging copy, signage text, watermarks or UI overlays anywhere in the frame. Every tape roll, carton, panel, tool and surface is completely blank and unbranded. No invented lettering, no partial or garbled characters. Avoid: extra fingers, malformed hands, floating objects, duplicated tools, plastic-looking skin, HDR halos, heavy vignette, oversaturation."
Double-Sided Kikusui Tissue Tape,double-sided-premium-tissue-tape,double-sided-tissue-tape,3,Bench detail,"Joinery Kitchen Furniture, Manufacturing","hands laying strips of double-sided tissue tape onto blank card stock at a finishing bench, release liner curling away; warm task lighting. The tape itself is the hero of the image and is shown plain and unbranded. Photorealistic commercial product photography. Full-frame camera, 50mm lens for scene shots and 100mm macro for detail shots, f/4, sharp focus on the point of application with the background falling away softly. Natural colour, realistic material response, true-to-life scale. Hands, where shown, are anatomically correct with five fingers and clean, unmanicured working nails. ABSOLUTELY NO TEXT of any kind: no letters, words, numbers, logos, brand names, printed labels, barcodes, packaging copy, signage text, watermarks or UI overlays anywhere in the frame. Every tape roll, carton, panel, tool and surface is completely blank and unbranded. No invented lettering, no partial or garbled characters. Avoid: extra fingers, malformed hands, floating objects, duplicated tools, plastic-looking skin, HDR halos, heavy vignette, oversaturation."
Acid-Free Tape,double-sided-acid-free-tissue-tape,double-sided-tissue-tape,1,Graphic mounting,"Manufacturing, Picture Framing Tapes","a signmaker mounting a blank printed graphic panel to an acrylic sheet with thin double-sided tissue tape, squeegee in hand; clean bright studio lighting. The tape itself is the hero of the image and is shown plain and unbranded. Photorealistic commercial product photography. Full-frame camera, 50mm lens for scene shots and 100mm macro for detail shots, f/4, sharp focus on the point of application with the background falling away softly. Natural colour, realistic material response, true-to-life scale. Hands, where shown, are anatomically correct with five fingers and clean, unmanicured working nails. ABSOLUTELY NO TEXT of any kind: no letters, words, numbers, logos, brand names, printed labels, barcodes, packaging copy, signage text, watermarks or UI overlays anywhere in the frame. Every tape roll, carton, panel, tool and surface is completely blank and unbranded. No invented lettering, no partial or garbled characters. Avoid: extra fingers, malformed hands, floating objects, duplicated tools, plastic-looking skin, HDR halos, heavy vignette, oversaturation."
Acid-Free Tape,double-sided-acid-free-tissue-tape,double-sided-tissue-tape,2,Paper splice,"Manufacturing, Picture Framing Tapes","an extreme macro of two paper webs joined by a thin transparent tissue tape splice on a print-finishing table; crisp side lighting showing the join. The tape itself is the hero of the image and is shown plain and unbranded. Photorealistic commercial product photography. Full-frame camera, 50mm lens for scene shots and 100mm macro for detail shots, f/4, sharp focus on the point of application with the background falling away softly. Natural colour, realistic material response, true-to-life scale. Hands, where shown, are anatomically correct with five fingers and clean, unmanicured working nails. ABSOLUTELY NO TEXT of any kind: no letters, words, numbers, logos, brand names, printed labels, barcodes, packaging copy, signage text, watermarks or UI overlays anywhere in the frame. Every tape roll, carton, panel, tool and surface is completely blank and unbranded. No invented lettering, no partial or garbled characters. Avoid: extra fingers, malformed hands, floating objects, duplicated tools, plastic-looking skin, HDR halos, heavy vignette, oversaturation."
Acid-Free Tape,double-sided-acid-free-tissue-tape,double-sided-tissue-tape,3,Bench detail,"Manufacturing, Picture Framing Tapes","hands laying strips of double-sided tissue tape onto blank card stock at a finishing bench, release liner curling away; warm task lighting. The tape itself is the hero of the image and is shown plain and unbranded. Photorealistic commercial product photography. Full-frame camera, 50mm lens for scene shots and 100mm macro for detail shots, f/4, sharp focus on the point of application with the background falling away softly. Natural colour, realistic material response, true-to-life scale. Hands, where shown, are anatomically correct with five fingers and clean, unmanicured working nails. ABSOLUTELY NO TEXT of any kind: no letters, words, numbers, logos, brand names, printed labels, barcodes, packaging copy, signage text, watermarks or UI overlays anywhere in the frame. Every tape roll, carton, panel, tool and surface is completely blank and unbranded. No invented lettering, no partial or garbled characters. Avoid: extra fingers, malformed hands, floating objects, duplicated tools, plastic-looking skin, HDR halos, heavy vignette, oversaturation."
Removable Double-Sided Tape/Differential Adhesive,double-sided-differential-adhesive-tape,double-sided-tissue-tape,1,Graphic mounting,"Picture Framing Tapes, Tapes for Visual, Arts & Entertainment","a signmaker mounting a blank printed graphic panel to an acrylic sheet with thin double-sided tissue tape, squeegee in hand; clean bright studio lighting. The tape itself is the hero of the image and is shown plain and unbranded. Photorealistic commercial product photography. Full-frame camera, 50mm lens for scene shots and 100mm macro for detail shots, f/4, sharp focus on the point of application with the background falling away softly. Natural colour, realistic material response, true-to-life scale. Hands, where shown, are anatomically correct with five fingers and clean, unmanicured working nails. ABSOLUTELY NO TEXT of any kind: no letters, words, numbers, logos, brand names, printed labels, barcodes, packaging copy, signage text, watermarks or UI overlays anywhere in the frame. Every tape roll, carton, panel, tool and surface is completely blank and unbranded. No invented lettering, no partial or garbled characters. Avoid: extra fingers, malformed hands, floating objects, duplicated tools, plastic-looking skin, HDR halos, heavy vignette, oversaturation."
Removable Double-Sided Tape/Differential Adhesive,double-sided-differential-adhesive-tape,double-sided-tissue-tape,2,Paper splice,"Picture Framing Tapes, Tapes for Visual, Arts & Entertainment","an extreme macro of two paper webs joined by a thin transparent tissue tape splice on a print-finishing table; crisp side lighting showing the join. The tape itself is the hero of the image and is shown plain and unbranded. Photorealistic commercial product photography. Full-frame camera, 50mm lens for scene shots and 100mm macro for detail shots, f/4, sharp focus on the point of application with the background falling away softly. Natural colour, realistic material response, true-to-life scale. Hands, where shown, are anatomically correct with five fingers and clean, unmanicured working nails. ABSOLUTELY NO TEXT of any kind: no letters, words, numbers, logos, brand names, printed labels, barcodes, packaging copy, signage text, watermarks or UI overlays anywhere in the frame. Every tape roll, carton, panel, tool and surface is completely blank and unbranded. No invented lettering, no partial or garbled characters. Avoid: extra fingers, malformed hands, floating objects, duplicated tools, plastic-looking skin, HDR halos, heavy vignette, oversaturation."
Removable Double-Sided Tape/Differential Adhesive,double-sided-differential-adhesive-tape,double-sided-tissue-tape,3,Bench detail,"Picture Framing Tapes, Tapes for Visual, Arts & Entertainment","hands laying strips of double-sided tissue tape onto blank card stock at a finishing bench, release liner curling away; warm task lighting. The tape itself is the hero of the image and is shown plain and unbranded. Photorealistic commercial product photography. Full-frame camera, 50mm lens for scene shots and 100mm macro for detail shots, f/4, sharp focus on the point of application with the background falling away softly. Natural colour, realistic material response, true-to-life scale. Hands, where shown, are anatomically correct with five fingers and clean, unmanicured working nails. ABSOLUTELY NO TEXT of any kind: no letters, words, numbers, logos, brand names, printed labels, barcodes, packaging copy, signage text, watermarks or UI overlays anywhere in the frame. Every tape roll, carton, panel, tool and surface is completely blank and unbranded. No invented lettering, no partial or garbled characters. Avoid: extra fingers, malformed hands, floating objects, duplicated tools, plastic-looking skin, HDR halos, heavy vignette, oversaturation."
Double Sided Adhesive Transfer Tape,adhesive-transfer-tape,double-sided-tape,1,Panel mounting,"Tapes for Visual, Arts & Entertainment, Nameplates","hands mounting a blank acrylic panel onto a painted wall with double-sided tape strips; clean interior, soft even lighting. The tape itself is the hero of the image and is shown plain and unbranded. Photorealistic commercial product photography. Full-frame camera, 50mm lens for scene shots and 100mm macro for detail shots, f/4, sharp focus on the point of application with the background falling away softly. Natural colour, realistic material response, true-to-life scale. Hands, where shown, are anatomically correct with five fingers and clean, unmanicured working nails. ABSOLUTELY NO TEXT of any kind: no letters, words, numbers, logos, brand names, printed labels, barcodes, packaging copy, signage text, watermarks or UI overlays anywhere in the frame. Every tape roll, carton, panel, tool and surface is completely blank and unbranded. No invented lettering, no partial or garbled characters. Avoid: extra fingers, malformed hands, floating objects, duplicated tools, plastic-looking skin, HDR halos, heavy vignette, oversaturation."
Double Sided Adhesive Transfer Tape,adhesive-transfer-tape,double-sided-tape,2,Bench application,"Tapes for Visual, Arts & Entertainment, Nameplates","a close-up of double-sided tape being applied along the edge of a timber batten on a workbench, liner peeling away; warm workshop light. The tape itself is the hero of the image and is shown plain and unbranded. Photorealistic commercial product photography. Full-frame camera, 50mm lens for scene shots and 100mm macro for detail shots, f/4, sharp focus on the point of application with the background falling away softly. Natural colour, realistic material response, true-to-life scale. Hands, where shown, are anatomically correct with five fingers and clean, unmanicured working nails. ABSOLUTELY NO TEXT of any kind: no letters, words, numbers, logos, brand names, printed labels, barcodes, packaging copy, signage text, watermarks or UI overlays anywhere in the frame. Every tape roll, carton, panel, tool and surface is completely blank and unbranded. No invented lettering, no partial or garbled characters. Avoid: extra fingers, malformed hands, floating objects, duplicated tools, plastic-looking skin, HDR halos, heavy vignette, oversaturation."
Double Sided Adhesive Transfer Tape,adhesive-transfer-tape,double-sided-tape,3,Fixture install,"Tapes for Visual, Arts & Entertainment, Nameplates","a tradesperson fixing a slim unbranded fixture to a tiled surface with double-sided tape; bright clean interior. The tape itself is the hero of the image and is shown plain and unbranded. Photorealistic commercial product photography. Full-frame camera, 50mm lens for scene shots and 100mm macro for detail shots, f/4, sharp focus on the point of application with the background falling away softly. Natural colour, realistic material response, true-to-life scale. Hands, where shown, are anatomically correct with five fingers and clean, unmanicured working nails. ABSOLUTELY NO TEXT of any kind: no letters, words, numbers, logos, brand names, printed labels, barcodes, packaging copy, signage text, watermarks or UI overlays anywhere in the frame. Every tape roll, carton, panel, tool and surface is completely blank and unbranded. No invented lettering, no partial or garbled characters. Avoid: extra fingers, malformed hands, floating objects, duplicated tools, plastic-looking skin, HDR halos, heavy vignette, oversaturation."
Polyimide Film Tape | Kapton Tape,polyimide-film-kapton-tape,thermal-insulation-tape,1,Duct seam,"Aerospace Defense, Electronics & Electrical","gloved hands smoothing insulation tape along the longitudinal seam of a rigid HVAC duct in a plant room; pipework and lagging behind, cool industrial lighting. The tape itself is the hero of the image and is shown plain and unbranded. Photorealistic commercial product photography. Full-frame camera, 50mm lens for scene shots and 100mm macro for detail shots, f/4, sharp focus on the point of application with the background falling away softly. Natural colour, realistic material response, true-to-life scale. Hands, where shown, are anatomically correct with five fingers and clean, unmanicured working nails. ABSOLUTELY NO TEXT of any kind: no letters, words, numbers, logos, brand names, printed labels, barcodes, packaging copy, signage text, watermarks or UI overlays anywhere in the frame. Every tape roll, carton, panel, tool and surface is completely blank and unbranded. No invented lettering, no partial or garbled characters. Avoid: extra fingers, malformed hands, floating objects, duplicated tools, plastic-looking skin, HDR halos, heavy vignette, oversaturation."
Polyimide Film Tape | Kapton Tape,polyimide-film-kapton-tape,thermal-insulation-tape,2,Pipe lagging,"Aerospace Defense, Electronics & Electrical","a close-up of foil-faced insulation tape spiralled around the joint between two lengths of pipe lagging in a ceiling void; work light raking across the surface. The tape itself is the hero of the image and is shown plain and unbranded. Photorealistic commercial product photography. Full-frame camera, 50mm lens for scene shots and 100mm macro for detail shots, f/4, sharp focus on the point of application with the background falling away softly. Natural colour, realistic material response, true-to-life scale. Hands, where shown, are anatomically correct with five fingers and clean, unmanicured working nails. ABSOLUTELY NO TEXT of any kind: no letters, words, numbers, logos, brand names, printed labels, barcodes, packaging copy, signage text, watermarks or UI overlays anywhere in the frame. Every tape roll, carton, panel, tool and surface is completely blank and unbranded. No invented lettering, no partial or garbled characters. Avoid: extra fingers, malformed hands, floating objects, duplicated tools, plastic-looking skin, HDR halos, heavy vignette, oversaturation."
Polyimide Film Tape | Kapton Tape,polyimide-film-kapton-tape,thermal-insulation-tape,3,Rooftop plant,"Aerospace Defense, Electronics & Electrical","a technician taping a duct joint on a rooftop air-handling unit, city skyline soft behind; bright late-afternoon daylight, metal duct reflections. The tape itself is the hero of the image and is shown plain and unbranded. Photorealistic commercial product photography. Full-frame camera, 50mm lens for scene shots and 100mm macro for detail shots, f/4, sharp focus on the point of application with the background falling away softly. Natural colour, realistic material response, true-to-life scale. Hands, where shown, are anatomically correct with five fingers and clean, unmanicured working nails. ABSOLUTELY NO TEXT of any kind: no letters, words, numbers, logos, brand names, printed labels, barcodes, packaging copy, signage text, watermarks or UI overlays anywhere in the frame. Every tape roll, carton, panel, tool and surface is completely blank and unbranded. No invented lettering, no partial or garbled characters. Avoid: extra fingers, malformed hands, floating objects, duplicated tools, plastic-looking skin, HDR halos, heavy vignette, oversaturation."
Natural Rubber Packaging Tape 48mm x 50m,biodegradable-packaging-tape,eco-friendly-tapes,1,Kraft carton seal,"Picture Framing Tapes, Warehouse Packaging Logistics","hands smoothing a strip of brown paper tape across the seam of a recyclable kraft carton at a sustainable packing bench, plant on the windowsill; soft natural light. The tape itself is the hero of the image and is shown plain and unbranded. Photorealistic commercial product photography. Full-frame camera, 50mm lens for scene shots and 100mm macro for detail shots, f/4, sharp focus on the point of application with the background falling away softly. Natural colour, realistic material response, true-to-life scale. Hands, where shown, are anatomically correct with five fingers and clean, unmanicured working nails. ABSOLUTELY NO TEXT of any kind: no letters, words, numbers, logos, brand names, printed labels, barcodes, packaging copy, signage text, watermarks or UI overlays anywhere in the frame. Every tape roll, carton, panel, tool and surface is completely blank and unbranded. No invented lettering, no partial or garbled characters. Avoid: extra fingers, malformed hands, floating objects, duplicated tools, plastic-looking skin, HDR halos, heavy vignette, oversaturation."
Natural Rubber Packaging Tape 48mm x 50m,biodegradable-packaging-tape,eco-friendly-tapes,2,Recyclable parcel,"Picture Framing Tapes, Warehouse Packaging Logistics","a finished plain kraft parcel sealed with paper tape sitting on a timber table beside twine and a stack of unbleached tissue; warm morning light, minimal styling. The tape itself is the hero of the image and is shown plain and unbranded. Photorealistic commercial product photography. Full-frame camera, 50mm lens for scene shots and 100mm macro for detail shots, f/4, sharp focus on the point of application with the background falling away softly. Natural colour, realistic material response, true-to-life scale. Hands, where shown, are anatomically correct with five fingers and clean, unmanicured working nails. ABSOLUTELY NO TEXT of any kind: no letters, words, numbers, logos, brand names, printed labels, barcodes, packaging copy, signage text, watermarks or UI overlays anywhere in the frame. Every tape roll, carton, panel, tool and surface is completely blank and unbranded. No invented lettering, no partial or garbled characters. Avoid: extra fingers, malformed hands, floating objects, duplicated tools, plastic-looking skin, HDR halos, heavy vignette, oversaturation."
Natural Rubber Packaging Tape 48mm x 50m,biodegradable-packaging-tape,eco-friendly-tapes,3,Water-activated dispenser,"Picture Framing Tapes, Warehouse Packaging Logistics","a paper tape being drawn from a gummed-tape dispenser and applied to a carton, the moistened tape bonding into the board; clean bright warehouse light. The tape itself is the hero of the image and is shown plain and unbranded. Photorealistic commercial product photography. Full-frame camera, 50mm lens for scene shots and 100mm macro for detail shots, f/4, sharp focus on the point of application with the background falling away softly. Natural colour, realistic material response, true-to-life scale. Hands, where shown, are anatomically correct with five fingers and clean, unmanicured working nails. ABSOLUTELY NO TEXT of any kind: no letters, words, numbers, logos, brand names, printed labels, barcodes, packaging copy, signage text, watermarks or UI overlays anywhere in the frame. Every tape roll, carton, panel, tool and surface is completely blank and unbranded. No invented lettering, no partial or garbled characters. Avoid: extra fingers, malformed hands, floating objects, duplicated tools, plastic-looking skin, HDR halos, heavy vignette, oversaturation."
Silicone Splicing Adhesive Tape,silicone-splicing-tape,specialty-tape,1,Precision bench,"Aerospace Defense, Airconditioning Refrigeration Tapes","a technician applying a narrow strip of specialist tape to a precision component on a clean workbench, tweezers in hand; bright even task lighting, shallow depth of field. The tape itself is the hero of the image and is shown plain and unbranded. Photorealistic commercial product photography. Full-frame camera, 50mm lens for scene shots and 100mm macro for detail shots, f/4, sharp focus on the point of application with the background falling away softly. Natural colour, realistic material response, true-to-life scale. Hands, where shown, are anatomically correct with five fingers and clean, unmanicured working nails. ABSOLUTELY NO TEXT of any kind: no letters, words, numbers, logos, brand names, printed labels, barcodes, packaging copy, signage text, watermarks or UI overlays anywhere in the frame. Every tape roll, carton, panel, tool and surface is completely blank and unbranded. No invented lettering, no partial or garbled characters. Avoid: extra fingers, malformed hands, floating objects, duplicated tools, plastic-looking skin, HDR halos, heavy vignette, oversaturation."
Silicone Splicing Adhesive Tape,silicone-splicing-tape,specialty-tape,2,Industrial line,"Aerospace Defense, Airconditioning Refrigeration Tapes","the tape in use on a production line, applied to a plain component moving along a conveyor; cool factory lighting, motion softly implied. The tape itself is the hero of the image and is shown plain and unbranded. Photorealistic commercial product photography. Full-frame camera, 50mm lens for scene shots and 100mm macro for detail shots, f/4, sharp focus on the point of application with the background falling away softly. Natural colour, realistic material response, true-to-life scale. Hands, where shown, are anatomically correct with five fingers and clean, unmanicured working nails. ABSOLUTELY NO TEXT of any kind: no letters, words, numbers, logos, brand names, printed labels, barcodes, packaging copy, signage text, watermarks or UI overlays anywhere in the frame. Every tape roll, carton, panel, tool and surface is completely blank and unbranded. No invented lettering, no partial or garbled characters. Avoid: extra fingers, malformed hands, floating objects, duplicated tools, plastic-looking skin, HDR halos, heavy vignette, oversaturation."
Silicone Splicing Adhesive Tape,silicone-splicing-tape,specialty-tape,3,Macro adhesive,"Aerospace Defense, Airconditioning Refrigeration Tapes","an extreme macro of the tape's edge lifting from a smooth substrate, the adhesive stringing slightly; dramatic directional light, dark background. The tape itself is the hero of the image and is shown plain and unbranded. Photorealistic commercial product photography. Full-frame camera, 50mm lens for scene shots and 100mm macro for detail shots, f/4, sharp focus on the point of application with the background falling away softly. Natural colour, realistic material response, true-to-life scale. Hands, where shown, are anatomically correct with five fingers and clean, unmanicured working nails. ABSOLUTELY NO TEXT of any kind: no letters, words, numbers, logos, brand names, printed labels, barcodes, packaging copy, signage text, watermarks or UI overlays anywhere in the frame. Every tape roll, carton, panel, tool and surface is completely blank and unbranded. No invented lettering, no partial or garbled characters. Avoid: extra fingers, malformed hands, floating objects, duplicated tools, plastic-looking skin, HDR halos, heavy vignette, oversaturation."
Polyethylene (PE) Foam Tape,polyethylene-foam-tape,bumpers-tapes,1,Cabinet door,"Airconditioning Refrigeration Tapes, Building & Construction","an extreme close-up of a small clear self-adhesive bumper being pressed into the inside corner of a shaker kitchen cabinet door; warm domestic light, timber grain sharp. The tape itself is the hero of the image and is shown plain and unbranded. Photorealistic commercial product photography. Full-frame camera, 50mm lens for scene shots and 100mm macro for detail shots, f/4, sharp focus on the point of application with the background falling away softly. Natural colour, realistic material response, true-to-life scale. Hands, where shown, are anatomically correct with five fingers and clean, unmanicured working nails. ABSOLUTELY NO TEXT of any kind: no letters, words, numbers, logos, brand names, printed labels, barcodes, packaging copy, signage text, watermarks or UI overlays anywhere in the frame. Every tape roll, carton, panel, tool and surface is completely blank and unbranded. No invented lettering, no partial or garbled characters. Avoid: extra fingers, malformed hands, floating objects, duplicated tools, plastic-looking skin, HDR halos, heavy vignette, oversaturation."
Polyethylene (PE) Foam Tape,polyethylene-foam-tape,bumpers-tapes,2,Glass tabletop,"Airconditioning Refrigeration Tapes, Building & Construction","clear round bumpers spaced beneath a glass tabletop resting on a timber base, catching a highlight; soft interior daylight, minimal styling. The tape itself is the hero of the image and is shown plain and unbranded. Photorealistic commercial product photography. Full-frame camera, 50mm lens for scene shots and 100mm macro for detail shots, f/4, sharp focus on the point of application with the background falling away softly. Natural colour, realistic material response, true-to-life scale. Hands, where shown, are anatomically correct with five fingers and clean, unmanicured working nails. ABSOLUTELY NO TEXT of any kind: no letters, words, numbers, logos, brand names, printed labels, barcodes, packaging copy, signage text, watermarks or UI overlays anywhere in the frame. Every tape roll, carton, panel, tool and surface is completely blank and unbranded. No invented lettering, no partial or garbled characters. Avoid: extra fingers, malformed hands, floating objects, duplicated tools, plastic-looking skin, HDR halos, heavy vignette, oversaturation."
Polyethylene (PE) Foam Tape,polyethylene-foam-tape,bumpers-tapes,3,Drawer stop,"Airconditioning Refrigeration Tapes, Building & Construction","hands fitting clear bumpers to the inside face of a joinery drawer front in a workshop, cabinet carcass on the bench; warm workshop light, sawdust detail. The tape itself is the hero of the image and is shown plain and unbranded. Photorealistic commercial product photography. Full-frame camera, 50mm lens for scene shots and 100mm macro for detail shots, f/4, sharp focus on the point of application with the background falling away softly. Natural colour, realistic material response, true-to-life scale. Hands, where shown, are anatomically correct with five fingers and clean, unmanicured working nails. ABSOLUTELY NO TEXT of any kind: no letters, words, numbers, logos, brand names, printed labels, barcodes, packaging copy, signage text, watermarks or UI overlays anywhere in the frame. Every tape roll, carton, panel, tool and surface is completely blank and unbranded. No invented lettering, no partial or garbled characters. Avoid: extra fingers, malformed hands, floating objects, duplicated tools, plastic-looking skin, HDR halos, heavy vignette, oversaturation."
Economy Packaging Tape Brown / White 48mm x 72m,economy-packaging-tape-brown,packaging-tapes,1,Carton seal,Warehouse Packaging Logistics,"an extreme close-up of clear packaging tape being pressed along the H-seam of a kraft carton, the tape's slight sheen catching the light and the cardboard flute texture visible at the edge; shallow depth of field. The tape itself is the hero of the image and is shown plain and unbranded. Photorealistic commercial product photography. Full-frame camera, 50mm lens for scene shots and 100mm macro for detail shots, f/4, sharp focus on the point of application with the background falling away softly. Natural colour, realistic material response, true-to-life scale. Hands, where shown, are anatomically correct with five fingers and clean, unmanicured working nails. ABSOLUTELY NO TEXT of any kind: no letters, words, numbers, logos, brand names, printed labels, barcodes, packaging copy, signage text, watermarks or UI overlays anywhere in the frame. Every tape roll, carton, panel, tool and surface is completely blank and unbranded. No invented lettering, no partial or garbled characters. Avoid: extra fingers, malformed hands, floating objects, duplicated tools, plastic-looking skin, HDR halos, heavy vignette, oversaturation."
Economy Packaging Tape Brown / White 48mm x 72m,economy-packaging-tape-brown,packaging-tapes,2,Pallet of sealed cartons,Warehouse Packaging Logistics,"a shrink-free pallet stacked with uniformly sealed plain kraft cartons in a clean warehouse aisle, tape lines crisp and parallel across every lid; orange racking receding softly out of focus. The tape itself is the hero of the image and is shown plain and unbranded. Photorealistic commercial product photography. Full-frame camera, 50mm lens for scene shots and 100mm macro for detail shots, f/4, sharp focus on the point of application with the background falling away softly. Natural colour, realistic material response, true-to-life scale. Hands, where shown, are anatomically correct with five fingers and clean, unmanicured working nails. ABSOLUTELY NO TEXT of any kind: no letters, words, numbers, logos, brand names, printed labels, barcodes, packaging copy, signage text, watermarks or UI overlays anywhere in the frame. Every tape roll, carton, panel, tool and surface is completely blank and unbranded. No invented lettering, no partial or garbled characters. Avoid: extra fingers, malformed hands, floating objects, duplicated tools, plastic-looking skin, HDR halos, heavy vignette, oversaturation."
Economy Packaging Tape Brown / White 48mm x 72m,economy-packaging-tape-brown,packaging-tapes,3,E-commerce packing,Warehouse Packaging Logistics,"a small-business owner taping a parcel closed on a timber worktable surrounded by tissue paper and a stack of ready-to-post boxes; soft warm window light, homely studio atmosphere. The tape itself is the hero of the image and is shown plain and unbranded. Photorealistic commercial product photography. Full-frame camera, 50mm lens for scene shots and 100mm macro for detail shots, f/4, sharp focus on the point of application with the background falling away softly. Natural colour, realistic material response, true-to-life scale. Hands, where shown, are anatomically correct with five fingers and clean, unmanicured working nails. ABSOLUTELY NO TEXT of any kind: no letters, words, numbers, logos, brand names, printed labels, barcodes, packaging copy, signage text, watermarks or UI overlays anywhere in the frame. Every tape roll, carton, panel, tool and surface is completely blank and unbranded. No invented lettering, no partial or garbled characters. Avoid: extra fingers, malformed hands, floating objects, duplicated tools, plastic-looking skin, HDR halos, heavy vignette, oversaturation."
Gaffer Tape | Gaffa Tape,gaffer-tape,fabric-tape,1,Stage cable run,"Building & Construction, Display Signage","a stage technician taping a run of black cables to a dark venue floor with matte cloth tape, boot and cable coil in frame; moody theatrical lighting, shallow depth of field. The tape itself is the hero of the image and is shown plain and unbranded. Photorealistic commercial product photography. Full-frame camera, 50mm lens for scene shots and 100mm macro for detail shots, f/4, sharp focus on the point of application with the background falling away softly. Natural colour, realistic material response, true-to-life scale. Hands, where shown, are anatomically correct with five fingers and clean, unmanicured working nails. ABSOLUTELY NO TEXT of any kind: no letters, words, numbers, logos, brand names, printed labels, barcodes, packaging copy, signage text, watermarks or UI overlays anywhere in the frame. Every tape roll, carton, panel, tool and surface is completely blank and unbranded. No invented lettering, no partial or garbled characters. Avoid: extra fingers, malformed hands, floating objects, duplicated tools, plastic-looking skin, HDR halos, heavy vignette, oversaturation."
Gaffer Tape | Gaffa Tape,gaffer-tape,fabric-tape,2,Carpet edge,"Building & Construction, Display Signage","hands pressing cloth tape along the trimmed edge of a carpet run in an office fit-out, underlay visible; bright even daylight. The tape itself is the hero of the image and is shown plain and unbranded. Photorealistic commercial product photography. Full-frame camera, 50mm lens for scene shots and 100mm macro for detail shots, f/4, sharp focus on the point of application with the background falling away softly. Natural colour, realistic material response, true-to-life scale. Hands, where shown, are anatomically correct with five fingers and clean, unmanicured working nails. ABSOLUTELY NO TEXT of any kind: no letters, words, numbers, logos, brand names, printed labels, barcodes, packaging copy, signage text, watermarks or UI overlays anywhere in the frame. Every tape roll, carton, panel, tool and surface is completely blank and unbranded. No invented lettering, no partial or garbled characters. Avoid: extra fingers, malformed hands, floating objects, duplicated tools, plastic-looking skin, HDR halos, heavy vignette, oversaturation."
Gaffer Tape | Gaffa Tape,gaffer-tape,fabric-tape,3,Roll close-up,"Building & Construction, Display Signage","an extreme close-up of matte black cloth tape being torn by hand, the woven fibre edge visible in the tear; dramatic raking light, dark background. The tape itself is the hero of the image and is shown plain and unbranded. Photorealistic commercial product photography. Full-frame camera, 50mm lens for scene shots and 100mm macro for detail shots, f/4, sharp focus on the point of application with the background falling away softly. Natural colour, realistic material response, true-to-life scale. Hands, where shown, are anatomically correct with five fingers and clean, unmanicured working nails. ABSOLUTELY NO TEXT of any kind: no letters, words, numbers, logos, brand names, printed labels, barcodes, packaging copy, signage text, watermarks or UI overlays anywhere in the frame. Every tape roll, carton, panel, tool and surface is completely blank and unbranded. No invented lettering, no partial or garbled characters. Avoid: extra fingers, malformed hands, floating objects, duplicated tools, plastic-looking skin, HDR halos, heavy vignette, oversaturation."
Polyurethane(PU) Foam Tape – Single Sided,polyurethane-foam-tape,bumpers-tapes,1,Cabinet door,"Airconditioning Refrigeration Tapes, Building & Construction","an extreme close-up of a small clear self-adhesive bumper being pressed into the inside corner of a shaker kitchen cabinet door; warm domestic light, timber grain sharp. The tape itself is the hero of the image and is shown plain and unbranded. Photorealistic commercial product photography. Full-frame camera, 50mm lens for scene shots and 100mm macro for detail shots, f/4, sharp focus on the point of application with the background falling away softly. Natural colour, realistic material response, true-to-life scale. Hands, where shown, are anatomically correct with five fingers and clean, unmanicured working nails. ABSOLUTELY NO TEXT of any kind: no letters, words, numbers, logos, brand names, printed labels, barcodes, packaging copy, signage text, watermarks or UI overlays anywhere in the frame. Every tape roll, carton, panel, tool and surface is completely blank and unbranded. No invented lettering, no partial or garbled characters. Avoid: extra fingers, malformed hands, floating objects, duplicated tools, plastic-looking skin, HDR halos, heavy vignette, oversaturation."
Polyurethane(PU) Foam Tape – Single Sided,polyurethane-foam-tape,bumpers-tapes,2,Glass tabletop,"Airconditioning Refrigeration Tapes, Building & Construction","clear round bumpers spaced beneath a glass tabletop resting on a timber base, catching a highlight; soft interior daylight, minimal styling. The tape itself is the hero of the image and is shown plain and unbranded. Photorealistic commercial product photography. Full-frame camera, 50mm lens for scene shots and 100mm macro for detail shots, f/4, sharp focus on the point of application with the background falling away softly. Natural colour, realistic material response, true-to-life scale. Hands, where shown, are anatomically correct with five fingers and clean, unmanicured working nails. ABSOLUTELY NO TEXT of any kind: no letters, words, numbers, logos, brand names, printed labels, barcodes, packaging copy, signage text, watermarks or UI overlays anywhere in the frame. Every tape roll, carton, panel, tool and surface is completely blank and unbranded. No invented lettering, no partial or garbled characters. Avoid: extra fingers, malformed hands, floating objects, duplicated tools, plastic-looking skin, HDR halos, heavy vignette, oversaturation."
Polyurethane(PU) Foam Tape – Single Sided,polyurethane-foam-tape,bumpers-tapes,3,Drawer stop,"Airconditioning Refrigeration Tapes, Building & Construction","hands fitting clear bumpers to the inside face of a joinery drawer front in a workshop, cabinet carcass on the bench; warm workshop light, sawdust detail. The tape itself is the hero of the image and is shown plain and unbranded. Photorealistic commercial product photography. Full-frame camera, 50mm lens for scene shots and 100mm macro for detail shots, f/4, sharp focus on the point of application with the background falling away softly. Natural colour, realistic material response, true-to-life scale. Hands, where shown, are anatomically correct with five fingers and clean, unmanicured working nails. ABSOLUTELY NO TEXT of any kind: no letters, words, numbers, logos, brand names, printed labels, barcodes, packaging copy, signage text, watermarks or UI overlays anywhere in the frame. Every tape roll, carton, panel, tool and surface is completely blank and unbranded. No invented lettering, no partial or garbled characters. Avoid: extra fingers, malformed hands, floating objects, duplicated tools, plastic-looking skin, HDR halos, heavy vignette, oversaturation."
Clear Packaging Tape 48mm x 1000m,clear-packaging-tape,packaging-tapes,1,Carton seal,"Picture Framing Tapes, Warehouse Packaging Logistics","an extreme close-up of clear packaging tape being pressed along the H-seam of a kraft carton, the tape's slight sheen catching the light and the cardboard flute texture visible at the edge; shallow depth of field. The tape itself is the hero of the image and is shown plain and unbranded. Photorealistic commercial product photography. Full-frame camera, 50mm lens for scene shots and 100mm macro for detail shots, f/4, sharp focus on the point of application with the background falling away softly. Natural colour, realistic material response, true-to-life scale. Hands, where shown, are anatomically correct with five fingers and clean, unmanicured working nails. ABSOLUTELY NO TEXT of any kind: no letters, words, numbers, logos, brand names, printed labels, barcodes, packaging copy, signage text, watermarks or UI overlays anywhere in the frame. Every tape roll, carton, panel, tool and surface is completely blank and unbranded. No invented lettering, no partial or garbled characters. Avoid: extra fingers, malformed hands, floating objects, duplicated tools, plastic-looking skin, HDR halos, heavy vignette, oversaturation."
Clear Packaging Tape 48mm x 1000m,clear-packaging-tape,packaging-tapes,2,Pallet of sealed cartons,"Picture Framing Tapes, Warehouse Packaging Logistics","a shrink-free pallet stacked with uniformly sealed plain kraft cartons in a clean warehouse aisle, tape lines crisp and parallel across every lid; orange racking receding softly out of focus. The tape itself is the hero of the image and is shown plain and unbranded. Photorealistic commercial product photography. Full-frame camera, 50mm lens for scene shots and 100mm macro for detail shots, f/4, sharp focus on the point of application with the background falling away softly. Natural colour, realistic material response, true-to-life scale. Hands, where shown, are anatomically correct with five fingers and clean, unmanicured working nails. ABSOLUTELY NO TEXT of any kind: no letters, words, numbers, logos, brand names, printed labels, barcodes, packaging copy, signage text, watermarks or UI overlays anywhere in the frame. Every tape roll, carton, panel, tool and surface is completely blank and unbranded. No invented lettering, no partial or garbled characters. Avoid: extra fingers, malformed hands, floating objects, duplicated tools, plastic-looking skin, HDR halos, heavy vignette, oversaturation."
Clear Packaging Tape 48mm x 1000m,clear-packaging-tape,packaging-tapes,3,E-commerce packing,"Picture Framing Tapes, Warehouse Packaging Logistics","a small-business owner taping a parcel closed on a timber worktable surrounded by tissue paper and a stack of ready-to-post boxes; soft warm window light, homely studio atmosphere. The tape itself is the hero of the image and is shown plain and unbranded. Photorealistic commercial product photography. Full-frame camera, 50mm lens for scene shots and 100mm macro for detail shots, f/4, sharp focus on the point of application with the background falling away softly. Natural colour, realistic material response, true-to-life scale. Hands, where shown, are anatomically correct with five fingers and clean, unmanicured working nails. ABSOLUTELY NO TEXT of any kind: no letters, words, numbers, logos, brand names, printed labels, barcodes, packaging copy, signage text, watermarks or UI overlays anywhere in the frame. Every tape roll, carton, panel, tool and surface is completely blank and unbranded. No invented lettering, no partial or garbled characters. Avoid: extra fingers, malformed hands, floating objects, duplicated tools, plastic-looking skin, HDR halos, heavy vignette, oversaturation."
Coloured PVC Electrical Tape – Pack of 10,coloured-electrical-tape,pvc-electrical-insulation-tape,1,Cable joint,"Airconditioning Refrigeration Tapes, Electronics & Electrical","a licensed electrician's hands wrapping black PVC insulation tape tightly around a spliced copper cable joint, the spiral overlap crisp and even; blurred switchboard and cable loom behind, cool task lighting. The tape itself is the hero of the image and is shown plain and unbranded. Photorealistic commercial product photography. Full-frame camera, 50mm lens for scene shots and 100mm macro for detail shots, f/4, sharp focus on the point of application with the background falling away softly. Natural colour, realistic material response, true-to-life scale. Hands, where shown, are anatomically correct with five fingers and clean, unmanicured working nails. ABSOLUTELY NO TEXT of any kind: no letters, words, numbers, logos, brand names, printed labels, barcodes, packaging copy, signage text, watermarks or UI overlays anywhere in the frame. Every tape roll, carton, panel, tool and surface is completely blank and unbranded. No invented lettering, no partial or garbled characters. Avoid: extra fingers, malformed hands, floating objects, duplicated tools, plastic-looking skin, HDR halos, heavy vignette, oversaturation."
Coloured PVC Electrical Tape – Pack of 10,coloured-electrical-tape,pvc-electrical-insulation-tape,2,Colour-coded switchboard,"Airconditioning Refrigeration Tapes, Electronics & Electrical","a distribution board with neatly dressed cables, several conductors identified with bands of red, blue and yellow PVC tape; sharp focus on the tape bands, breaker rows softly out of focus. The tape itself is the hero of the image and is shown plain and unbranded. Photorealistic commercial product photography. Full-frame camera, 50mm lens for scene shots and 100mm macro for detail shots, f/4, sharp focus on the point of application with the background falling away softly. Natural colour, realistic material response, true-to-life scale. Hands, where shown, are anatomically correct with five fingers and clean, unmanicured working nails. ABSOLUTELY NO TEXT of any kind: no letters, words, numbers, logos, brand names, printed labels, barcodes, packaging copy, signage text, watermarks or UI overlays anywhere in the frame. Every tape roll, carton, panel, tool and surface is completely blank and unbranded. No invented lettering, no partial or garbled characters. Avoid: extra fingers, malformed hands, floating objects, duplicated tools, plastic-looking skin, HDR halos, heavy vignette, oversaturation."
Coloured PVC Electrical Tape – Pack of 10,coloured-electrical-tape,pvc-electrical-insulation-tape,3,Conduit run,"Airconditioning Refrigeration Tapes, Electronics & Electrical","hands taping a joint on an electrical conduit run against a plasterboard wall stud during a fit-out, offcuts and a cordless driver on the floor below; bright construction daylight. The tape itself is the hero of the image and is shown plain and unbranded. Photorealistic commercial product photography. Full-frame camera, 50mm lens for scene shots and 100mm macro for detail shots, f/4, sharp focus on the point of application with the background falling away softly. Natural colour, realistic material response, true-to-life scale. Hands, where shown, are anatomically correct with five fingers and clean, unmanicured working nails. ABSOLUTELY NO TEXT of any kind: no letters, words, numbers, logos, brand names, printed labels, barcodes, packaging copy, signage text, watermarks or UI overlays anywhere in the frame. Every tape roll, carton, panel, tool and surface is completely blank and unbranded. No invented lettering, no partial or garbled characters. Avoid: extra fingers, malformed hands, floating objects, duplicated tools, plastic-looking skin, HDR halos, heavy vignette, oversaturation."
"Anti Slip Tape, Non Slip Adhesive Tape",anti-slip-tread-tape,safety-tape,1,Stair nosing,"Aerospace Defense, Building & Construction","black and yellow anti-slip safety tape applied to the nosing of industrial steel stairs, a boot stepping onto the tread; cool stairwell lighting, textured grit surface sharp. The tape itself is the hero of the image and is shown plain and unbranded. Photorealistic commercial product photography. Full-frame camera, 50mm lens for scene shots and 100mm macro for detail shots, f/4, sharp focus on the point of application with the background falling away softly. Natural colour, realistic material response, true-to-life scale. Hands, where shown, are anatomically correct with five fingers and clean, unmanicured working nails. ABSOLUTELY NO TEXT of any kind: no letters, words, numbers, logos, brand names, printed labels, barcodes, packaging copy, signage text, watermarks or UI overlays anywhere in the frame. Every tape roll, carton, panel, tool and surface is completely blank and unbranded. No invented lettering, no partial or garbled characters. Avoid: extra fingers, malformed hands, floating objects, duplicated tools, plastic-looking skin, HDR halos, heavy vignette, oversaturation."
"Anti Slip Tape, Non Slip Adhesive Tape",anti-slip-tread-tape,safety-tape,2,Floor marking,"Aerospace Defense, Building & Construction","yellow floor-marking tape laid in a crisp right angle to define a pedestrian walkway on a warehouse floor, forklift blurred in the distance; bright overhead lighting. The tape itself is the hero of the image and is shown plain and unbranded. Photorealistic commercial product photography. Full-frame camera, 50mm lens for scene shots and 100mm macro for detail shots, f/4, sharp focus on the point of application with the background falling away softly. Natural colour, realistic material response, true-to-life scale. Hands, where shown, are anatomically correct with five fingers and clean, unmanicured working nails. ABSOLUTELY NO TEXT of any kind: no letters, words, numbers, logos, brand names, printed labels, barcodes, packaging copy, signage text, watermarks or UI overlays anywhere in the frame. Every tape roll, carton, panel, tool and surface is completely blank and unbranded. No invented lettering, no partial or garbled characters. Avoid: extra fingers, malformed hands, floating objects, duplicated tools, plastic-looking skin, HDR halos, heavy vignette, oversaturation."
"Anti Slip Tape, Non Slip Adhesive Tape",anti-slip-tread-tape,safety-tape,3,Ramp edge,"Aerospace Defense, Building & Construction","high-visibility safety tape marking the edge of a loading dock ramp, rain-darkened concrete; overcast daylight, strong colour contrast. The tape itself is the hero of the image and is shown plain and unbranded. Photorealistic commercial product photography. Full-frame camera, 50mm lens for scene shots and 100mm macro for detail shots, f/4, sharp focus on the point of application with the background falling away softly. Natural colour, realistic material response, true-to-life scale. Hands, where shown, are anatomically correct with five fingers and clean, unmanicured working nails. ABSOLUTELY NO TEXT of any kind: no letters, words, numbers, logos, brand names, printed labels, barcodes, packaging copy, signage text, watermarks or UI overlays anywhere in the frame. Every tape roll, carton, panel, tool and surface is completely blank and unbranded. No invented lettering, no partial or garbled characters. Avoid: extra fingers, malformed hands, floating objects, duplicated tools, plastic-looking skin, HDR halos, heavy vignette, oversaturation."
Reverse Wound Acid Free Tissue Tape,reverse-wound-acid-free-tissue-tape,atg-tapes,1,Picture framing,"Picture Framing Tapes, Tapes for Visual, Arts & Entertainment","a framer's hands running an ATG applicator gun along the rebate of a timber picture frame on a felt-topped bench, mount board and a blank print waiting alongside; warm studio lamp light. The tape itself is the hero of the image and is shown plain and unbranded. Photorealistic commercial product photography. Full-frame camera, 50mm lens for scene shots and 100mm macro for detail shots, f/4, sharp focus on the point of application with the background falling away softly. Natural colour, realistic material response, true-to-life scale. Hands, where shown, are anatomically correct with five fingers and clean, unmanicured working nails. ABSOLUTELY NO TEXT of any kind: no letters, words, numbers, logos, brand names, printed labels, barcodes, packaging copy, signage text, watermarks or UI overlays anywhere in the frame. Every tape roll, carton, panel, tool and surface is completely blank and unbranded. No invented lettering, no partial or garbled characters. Avoid: extra fingers, malformed hands, floating objects, duplicated tools, plastic-looking skin, HDR halos, heavy vignette, oversaturation."
Reverse Wound Acid Free Tissue Tape,reverse-wound-acid-free-tissue-tape,atg-tapes,2,Print finishing,"Picture Framing Tapes, Tapes for Visual, Arts & Entertainment","a print-finisher mounting a large blank photographic print onto foam board with transfer adhesive, roller in hand; clean bright studio, shallow depth of field. The tape itself is the hero of the image and is shown plain and unbranded. Photorealistic commercial product photography. Full-frame camera, 50mm lens for scene shots and 100mm macro for detail shots, f/4, sharp focus on the point of application with the background falling away softly. Natural colour, realistic material response, true-to-life scale. Hands, where shown, are anatomically correct with five fingers and clean, unmanicured working nails. ABSOLUTELY NO TEXT of any kind: no letters, words, numbers, logos, brand names, printed labels, barcodes, packaging copy, signage text, watermarks or UI overlays anywhere in the frame. Every tape roll, carton, panel, tool and surface is completely blank and unbranded. No invented lettering, no partial or garbled characters. Avoid: extra fingers, malformed hands, floating objects, duplicated tools, plastic-looking skin, HDR halos, heavy vignette, oversaturation."
Reverse Wound Acid Free Tissue Tape,reverse-wound-acid-free-tissue-tape,atg-tapes,3,Applicator detail,"Picture Framing Tapes, Tapes for Visual, Arts & Entertainment","an extreme macro of an ATG gun laying a clear adhesive line onto matte board, the transfer film peeling away cleanly; dramatic side lighting. The tape itself is the hero of the image and is shown plain and unbranded. Photorealistic commercial product photography. Full-frame camera, 50mm lens for scene shots and 100mm macro for detail shots, f/4, sharp focus on the point of application with the background falling away softly. Natural colour, realistic material response, true-to-life scale. Hands, where shown, are anatomically correct with five fingers and clean, unmanicured working nails. ABSOLUTELY NO TEXT of any kind: no letters, words, numbers, logos, brand names, printed labels, barcodes, packaging copy, signage text, watermarks or UI overlays anywhere in the frame. Every tape roll, carton, panel, tool and surface is completely blank and unbranded. No invented lettering, no partial or garbled characters. Avoid: extra fingers, malformed hands, floating objects, duplicated tools, plastic-looking skin, HDR halos, heavy vignette, oversaturation."
Reverse Wound Tissue Tape,reverse-wound-tissue-tape,atg-tapes,1,Picture framing,"Picture Framing Tapes, Tapes for Visual, Arts & Entertainment","a framer's hands running an ATG applicator gun along the rebate of a timber picture frame on a felt-topped bench, mount board and a blank print waiting alongside; warm studio lamp light. The tape itself is the hero of the image and is shown plain and unbranded. Photorealistic commercial product photography. Full-frame camera, 50mm lens for scene shots and 100mm macro for detail shots, f/4, sharp focus on the point of application with the background falling away softly. Natural colour, realistic material response, true-to-life scale. Hands, where shown, are anatomically correct with five fingers and clean, unmanicured working nails. ABSOLUTELY NO TEXT of any kind: no letters, words, numbers, logos, brand names, printed labels, barcodes, packaging copy, signage text, watermarks or UI overlays anywhere in the frame. Every tape roll, carton, panel, tool and surface is completely blank and unbranded. No invented lettering, no partial or garbled characters. Avoid: extra fingers, malformed hands, floating objects, duplicated tools, plastic-looking skin, HDR halos, heavy vignette, oversaturation."
Reverse Wound Tissue Tape,reverse-wound-tissue-tape,atg-tapes,2,Print finishing,"Picture Framing Tapes, Tapes for Visual, Arts & Entertainment","a print-finisher mounting a large blank photographic print onto foam board with transfer adhesive, roller in hand; clean bright studio, shallow depth of field. The tape itself is the hero of the image and is shown plain and unbranded. Photorealistic commercial product photography. Full-frame camera, 50mm lens for scene shots and 100mm macro for detail shots, f/4, sharp focus on the point of application with the background falling away softly. Natural colour, realistic material response, true-to-life scale. Hands, where shown, are anatomically correct with five fingers and clean, unmanicured working nails. ABSOLUTELY NO TEXT of any kind: no letters, words, numbers, logos, brand names, printed labels, barcodes, packaging copy, signage text, watermarks or UI overlays anywhere in the frame. Every tape roll, carton, panel, tool and surface is completely blank and unbranded. No invented lettering, no partial or garbled characters. Avoid: extra fingers, malformed hands, floating objects, duplicated tools, plastic-looking skin, HDR halos, heavy vignette, oversaturation."
Reverse Wound Tissue Tape,reverse-wound-tissue-tape,atg-tapes,3,Applicator detail,"Picture Framing Tapes, Tapes for Visual, Arts & Entertainment","an extreme macro of an ATG gun laying a clear adhesive line onto matte board, the transfer film peeling away cleanly; dramatic side lighting. The tape itself is the hero of the image and is shown plain and unbranded. Photorealistic commercial product photography. Full-frame camera, 50mm lens for scene shots and 100mm macro for detail shots, f/4, sharp focus on the point of application with the background falling away softly. Natural colour, realistic material response, true-to-life scale. Hands, where shown, are anatomically correct with five fingers and clean, unmanicured working nails. ABSOLUTELY NO TEXT of any kind: no letters, words, numbers, logos, brand names, printed labels, barcodes, packaging copy, signage text, watermarks or UI overlays anywhere in the frame. Every tape roll, carton, panel, tool and surface is completely blank and unbranded. No invented lettering, no partial or garbled characters. Avoid: extra fingers, malformed hands, floating objects, duplicated tools, plastic-looking skin, HDR halos, heavy vignette, oversaturation."
Polyester Insulation Tape,polyester-insulation-tape,thermal-insulation-tape,1,Duct seam,Framing & Insulation,"gloved hands smoothing insulation tape along the longitudinal seam of a rigid HVAC duct in a plant room; pipework and lagging behind, cool industrial lighting. The tape itself is the hero of the image and is shown plain and unbranded. Photorealistic commercial product photography. Full-frame camera, 50mm lens for scene shots and 100mm macro for detail shots, f/4, sharp focus on the point of application with the background falling away softly. Natural colour, realistic material response, true-to-life scale. Hands, where shown, are anatomically correct with five fingers and clean, unmanicured working nails. ABSOLUTELY NO TEXT of any kind: no letters, words, numbers, logos, brand names, printed labels, barcodes, packaging copy, signage text, watermarks or UI overlays anywhere in the frame. Every tape roll, carton, panel, tool and surface is completely blank and unbranded. No invented lettering, no partial or garbled characters. Avoid: extra fingers, malformed hands, floating objects, duplicated tools, plastic-looking skin, HDR halos, heavy vignette, oversaturation."
Polyester Insulation Tape,polyester-insulation-tape,thermal-insulation-tape,2,Pipe lagging,Framing & Insulation,"a close-up of foil-faced insulation tape spiralled around the joint between two lengths of pipe lagging in a ceiling void; work light raking across the surface. The tape itself is the hero of the image and is shown plain and unbranded. Photorealistic commercial product photography. Full-frame camera, 50mm lens for scene shots and 100mm macro for detail shots, f/4, sharp focus on the point of application with the background falling away softly. Natural colour, realistic material response, true-to-life scale. Hands, where shown, are anatomically correct with five fingers and clean, unmanicured working nails. ABSOLUTELY NO TEXT of any kind: no letters, words, numbers, logos, brand names, printed labels, barcodes, packaging copy, signage text, watermarks or UI overlays anywhere in the frame. Every tape roll, carton, panel, tool and surface is completely blank and unbranded. No invented lettering, no partial or garbled characters. Avoid: extra fingers, malformed hands, floating objects, duplicated tools, plastic-looking skin, HDR halos, heavy vignette, oversaturation."
Polyester Insulation Tape,polyester-insulation-tape,thermal-insulation-tape,3,Rooftop plant,Framing & Insulation,"a technician taping a duct joint on a rooftop air-handling unit, city skyline soft behind; bright late-afternoon daylight, metal duct reflections. The tape itself is the hero of the image and is shown plain and unbranded. Photorealistic commercial product photography. Full-frame camera, 50mm lens for scene shots and 100mm macro for detail shots, f/4, sharp focus on the point of application with the background falling away softly. Natural colour, realistic material response, true-to-life scale. Hands, where shown, are anatomically correct with five fingers and clean, unmanicured working nails. ABSOLUTELY NO TEXT of any kind: no letters, words, numbers, logos, brand names, printed labels, barcodes, packaging copy, signage text, watermarks or UI overlays anywhere in the frame. Every tape roll, carton, panel, tool and surface is completely blank and unbranded. No invented lettering, no partial or garbled characters. Avoid: extra fingers, malformed hands, floating objects, duplicated tools, plastic-looking skin, HDR halos, heavy vignette, oversaturation."
Reflective Tape Class 2,class-2-reflective-tape,reflective-tape,1,Trailer marking,"Building & Construction, Display Signage","red and white reflective conspicuity tape on the rear of a trailer catching headlight glare at dusk, the retroreflection blazing bright against the dark body; moody blue-hour light. The tape itself is the hero of the image and is shown plain and unbranded. Photorealistic commercial product photography. Full-frame camera, 50mm lens for scene shots and 100mm macro for detail shots, f/4, sharp focus on the point of application with the background falling away softly. Natural colour, realistic material response, true-to-life scale. Hands, where shown, are anatomically correct with five fingers and clean, unmanicured working nails. ABSOLUTELY NO TEXT of any kind: no letters, words, numbers, logos, brand names, printed labels, barcodes, packaging copy, signage text, watermarks or UI overlays anywhere in the frame. Every tape roll, carton, panel, tool and surface is completely blank and unbranded. No invented lettering, no partial or garbled characters. Avoid: extra fingers, malformed hands, floating objects, duplicated tools, plastic-looking skin, HDR halos, heavy vignette, oversaturation."
Reflective Tape Class 2,class-2-reflective-tape,reflective-tape,2,Equipment marking,"Building & Construction, Display Signage","reflective tape strips on the frame of a warehouse forklift, a torch beam catching them in a dim aisle; dramatic pool of light. The tape itself is the hero of the image and is shown plain and unbranded. Photorealistic commercial product photography. Full-frame camera, 50mm lens for scene shots and 100mm macro for detail shots, f/4, sharp focus on the point of application with the background falling away softly. Natural colour, realistic material response, true-to-life scale. Hands, where shown, are anatomically correct with five fingers and clean, unmanicured working nails. ABSOLUTELY NO TEXT of any kind: no letters, words, numbers, logos, brand names, printed labels, barcodes, packaging copy, signage text, watermarks or UI overlays anywhere in the frame. Every tape roll, carton, panel, tool and surface is completely blank and unbranded. No invented lettering, no partial or garbled characters. Avoid: extra fingers, malformed hands, floating objects, duplicated tools, plastic-looking skin, HDR halos, heavy vignette, oversaturation."
Reflective Tape Class 2,class-2-reflective-tape,reflective-tape,3,Night detail,"Building & Construction, Display Signage","an extreme close-up of reflective tape at night, the glass-bead surface glittering under direct light; deep black background, high contrast. The tape itself is the hero of the image and is shown plain and unbranded. Photorealistic commercial product photography. Full-frame camera, 50mm lens for scene shots and 100mm macro for detail shots, f/4, sharp focus on the point of application with the background falling away softly. Natural colour, realistic material response, true-to-life scale. Hands, where shown, are anatomically correct with five fingers and clean, unmanicured working nails. ABSOLUTELY NO TEXT of any kind: no letters, words, numbers, logos, brand names, printed labels, barcodes, packaging copy, signage text, watermarks or UI overlays anywhere in the frame. Every tape roll, carton, panel, tool and surface is completely blank and unbranded. No invented lettering, no partial or garbled characters. Avoid: extra fingers, malformed hands, floating objects, duplicated tools, plastic-looking skin, HDR halos, heavy vignette, oversaturation."
Reflective Tape – Class 1 High Intensity Grade,class-1-reflective-tape,reflective-tape,1,Trailer marking,"Building & Construction, Display Signage","red and white reflective conspicuity tape on the rear of a trailer catching headlight glare at dusk, the retroreflection blazing bright against the dark body; moody blue-hour light. The tape itself is the hero of the image and is shown plain and unbranded. Photorealistic commercial product photography. Full-frame camera, 50mm lens for scene shots and 100mm macro for detail shots, f/4, sharp focus on the point of application with the background falling away softly. Natural colour, realistic material response, true-to-life scale. Hands, where shown, are anatomically correct with five fingers and clean, unmanicured working nails. ABSOLUTELY NO TEXT of any kind: no letters, words, numbers, logos, brand names, printed labels, barcodes, packaging copy, signage text, watermarks or UI overlays anywhere in the frame. Every tape roll, carton, panel, tool and surface is completely blank and unbranded. No invented lettering, no partial or garbled characters. Avoid: extra fingers, malformed hands, floating objects, duplicated tools, plastic-looking skin, HDR halos, heavy vignette, oversaturation."
Reflective Tape – Class 1 High Intensity Grade,class-1-reflective-tape,reflective-tape,2,Equipment marking,"Building & Construction, Display Signage","reflective tape strips on the frame of a warehouse forklift, a torch beam catching them in a dim aisle; dramatic pool of light. The tape itself is the hero of the image and is shown plain and unbranded. Photorealistic commercial product photography. Full-frame camera, 50mm lens for scene shots and 100mm macro for detail shots, f/4, sharp focus on the point of application with the background falling away softly. Natural colour, realistic material response, true-to-life scale. Hands, where shown, are anatomically correct with five fingers and clean, unmanicured working nails. ABSOLUTELY NO TEXT of any kind: no letters, words, numbers, logos, brand names, printed labels, barcodes, packaging copy, signage text, watermarks or UI overlays anywhere in the frame. Every tape roll, carton, panel, tool and surface is completely blank and unbranded. No invented lettering, no partial or garbled characters. Avoid: extra fingers, malformed hands, floating objects, duplicated tools, plastic-looking skin, HDR halos, heavy vignette, oversaturation."
Reflective Tape – Class 1 High Intensity Grade,class-1-reflective-tape,reflective-tape,3,Night detail,"Building & Construction, Display Signage","an extreme close-up of reflective tape at night, the glass-bead surface glittering under direct light; deep black background, high contrast. The tape itself is the hero of the image and is shown plain and unbranded. Photorealistic commercial product photography. Full-frame camera, 50mm lens for scene shots and 100mm macro for detail shots, f/4, sharp focus on the point of application with the background falling away softly. Natural colour, realistic material response, true-to-life scale. Hands, where shown, are anatomically correct with five fingers and clean, unmanicured working nails. ABSOLUTELY NO TEXT of any kind: no letters, words, numbers, logos, brand names, printed labels, barcodes, packaging copy, signage text, watermarks or UI overlays anywhere in the frame. Every tape roll, carton, panel, tool and surface is completely blank and unbranded. No invented lettering, no partial or garbled characters. Avoid: extra fingers, malformed hands, floating objects, duplicated tools, plastic-looking skin, HDR halos, heavy vignette, oversaturation."
High-Visibility Reflective Tape- Class 1 Prismatic Grade,class-1-reflective-tape-prismatic-grade,reflective-tape,1,Trailer marking,"Building & Construction, Display Signage","red and white reflective conspicuity tape on the rear of a trailer catching headlight glare at dusk, the retroreflection blazing bright against the dark body; moody blue-hour light. The tape itself is the hero of the image and is shown plain and unbranded. Photorealistic commercial product photography. Full-frame camera, 50mm lens for scene shots and 100mm macro for detail shots, f/4, sharp focus on the point of application with the background falling away softly. Natural colour, realistic material response, true-to-life scale. Hands, where shown, are anatomically correct with five fingers and clean, unmanicured working nails. ABSOLUTELY NO TEXT of any kind: no letters, words, numbers, logos, brand names, printed labels, barcodes, packaging copy, signage text, watermarks or UI overlays anywhere in the frame. Every tape roll, carton, panel, tool and surface is completely blank and unbranded. No invented lettering, no partial or garbled characters. Avoid: extra fingers, malformed hands, floating objects, duplicated tools, plastic-looking skin, HDR halos, heavy vignette, oversaturation."
High-Visibility Reflective Tape- Class 1 Prismatic Grade,class-1-reflective-tape-prismatic-grade,reflective-tape,2,Equipment marking,"Building & Construction, Display Signage","reflective tape strips on the frame of a warehouse forklift, a torch beam catching them in a dim aisle; dramatic pool of light. The tape itself is the hero of the image and is shown plain and unbranded. Photorealistic commercial product photography. Full-frame camera, 50mm lens for scene shots and 100mm macro for detail shots, f/4, sharp focus on the point of application with the background falling away softly. Natural colour, realistic material response, true-to-life scale. Hands, where shown, are anatomically correct with five fingers and clean, unmanicured working nails. ABSOLUTELY NO TEXT of any kind: no letters, words, numbers, logos, brand names, printed labels, barcodes, packaging copy, signage text, watermarks or UI overlays anywhere in the frame. Every tape roll, carton, panel, tool and surface is completely blank and unbranded. No invented lettering, no partial or garbled characters. Avoid: extra fingers, malformed hands, floating objects, duplicated tools, plastic-looking skin, HDR halos, heavy vignette, oversaturation."
High-Visibility Reflective Tape- Class 1 Prismatic Grade,class-1-reflective-tape-prismatic-grade,reflective-tape,3,Night detail,"Building & Construction, Display Signage","an extreme close-up of reflective tape at night, the glass-bead surface glittering under direct light; deep black background, high contrast. The tape itself is the hero of the image and is shown plain and unbranded. Photorealistic commercial product photography. Full-frame camera, 50mm lens for scene shots and 100mm macro for detail shots, f/4, sharp focus on the point of application with the background falling away softly. Natural colour, realistic material response, true-to-life scale. Hands, where shown, are anatomically correct with five fingers and clean, unmanicured working nails. ABSOLUTELY NO TEXT of any kind: no letters, words, numbers, logos, brand names, printed labels, barcodes, packaging copy, signage text, watermarks or UI overlays anywhere in the frame. Every tape roll, carton, panel, tool and surface is completely blank and unbranded. No invented lettering, no partial or garbled characters. Avoid: extra fingers, malformed hands, floating objects, duplicated tools, plastic-looking skin, HDR halos, heavy vignette, oversaturation."
Fibreglass Cloth Insulation Tape,fibreglass-cloth-insulation-tape,thermal-insulation-tape,1,Duct seam,"Aerospace Defense, Framing & Insulation","gloved hands smoothing insulation tape along the longitudinal seam of a rigid HVAC duct in a plant room; pipework and lagging behind, cool industrial lighting. The tape itself is the hero of the image and is shown plain and unbranded. Photorealistic commercial product photography. Full-frame camera, 50mm lens for scene shots and 100mm macro for detail shots, f/4, sharp focus on the point of application with the background falling away softly. Natural colour, realistic material response, true-to-life scale. Hands, where shown, are anatomically correct with five fingers and clean, unmanicured working nails. ABSOLUTELY NO TEXT of any kind: no letters, words, numbers, logos, brand names, printed labels, barcodes, packaging copy, signage text, watermarks or UI overlays anywhere in the frame. Every tape roll, carton, panel, tool and surface is completely blank and unbranded. No invented lettering, no partial or garbled characters. Avoid: extra fingers, malformed hands, floating objects, duplicated tools, plastic-looking skin, HDR halos, heavy vignette, oversaturation."
Fibreglass Cloth Insulation Tape,fibreglass-cloth-insulation-tape,thermal-insulation-tape,2,Pipe lagging,"Aerospace Defense, Framing & Insulation","a close-up of foil-faced insulation tape spiralled around the joint between two lengths of pipe lagging in a ceiling void; work light raking across the surface. The tape itself is the hero of the image and is shown plain and unbranded. Photorealistic commercial product photography. Full-frame camera, 50mm lens for scene shots and 100mm macro for detail shots, f/4, sharp focus on the point of application with the background falling away softly. Natural colour, realistic material response, true-to-life scale. Hands, where shown, are anatomically correct with five fingers and clean, unmanicured working nails. ABSOLUTELY NO TEXT of any kind: no letters, words, numbers, logos, brand names, printed labels, barcodes, packaging copy, signage text, watermarks or UI overlays anywhere in the frame. Every tape roll, carton, panel, tool and surface is completely blank and unbranded. No invented lettering, no partial or garbled characters. Avoid: extra fingers, malformed hands, floating objects, duplicated tools, plastic-looking skin, HDR halos, heavy vignette, oversaturation."
Fibreglass Cloth Insulation Tape,fibreglass-cloth-insulation-tape,thermal-insulation-tape,3,Rooftop plant,"Aerospace Defense, Framing & Insulation","a technician taping a duct joint on a rooftop air-handling unit, city skyline soft behind; bright late-afternoon daylight, metal duct reflections. The tape itself is the hero of the image and is shown plain and unbranded. Photorealistic commercial product photography. Full-frame camera, 50mm lens for scene shots and 100mm macro for detail shots, f/4, sharp focus on the point of application with the background falling away softly. Natural colour, realistic material response, true-to-life scale. Hands, where shown, are anatomically correct with five fingers and clean, unmanicured working nails. ABSOLUTELY NO TEXT of any kind: no letters, words, numbers, logos, brand names, printed labels, barcodes, packaging copy, signage text, watermarks or UI overlays anywhere in the frame. Every tape roll, carton, panel, tool and surface is completely blank and unbranded. No invented lettering, no partial or garbled characters. Avoid: extra fingers, malformed hands, floating objects, duplicated tools, plastic-looking skin, HDR halos, heavy vignette, oversaturation."
PVC Film Packaging Tape,pvc-packaging-tape,packaging-tapes,1,Carton seal,"Building & Construction, Joinery Kitchen Furniture","an extreme close-up of clear packaging tape being pressed along the H-seam of a kraft carton, the tape's slight sheen catching the light and the cardboard flute texture visible at the edge; shallow depth of field. The tape itself is the hero of the image and is shown plain and unbranded. Photorealistic commercial product photography. Full-frame camera, 50mm lens for scene shots and 100mm macro for detail shots, f/4, sharp focus on the point of application with the background falling away softly. Natural colour, realistic material response, true-to-life scale. Hands, where shown, are anatomically correct with five fingers and clean, unmanicured working nails. ABSOLUTELY NO TEXT of any kind: no letters, words, numbers, logos, brand names, printed labels, barcodes, packaging copy, signage text, watermarks or UI overlays anywhere in the frame. Every tape roll, carton, panel, tool and surface is completely blank and unbranded. No invented lettering, no partial or garbled characters. Avoid: extra fingers, malformed hands, floating objects, duplicated tools, plastic-looking skin, HDR halos, heavy vignette, oversaturation."
PVC Film Packaging Tape,pvc-packaging-tape,packaging-tapes,2,Pallet of sealed cartons,"Building & Construction, Joinery Kitchen Furniture","a shrink-free pallet stacked with uniformly sealed plain kraft cartons in a clean warehouse aisle, tape lines crisp and parallel across every lid; orange racking receding softly out of focus. The tape itself is the hero of the image and is shown plain and unbranded. Photorealistic commercial product photography. Full-frame camera, 50mm lens for scene shots and 100mm macro for detail shots, f/4, sharp focus on the point of application with the background falling away softly. Natural colour, realistic material response, true-to-life scale. Hands, where shown, are anatomically correct with five fingers and clean, unmanicured working nails. ABSOLUTELY NO TEXT of any kind: no letters, words, numbers, logos, brand names, printed labels, barcodes, packaging copy, signage text, watermarks or UI overlays anywhere in the frame. Every tape roll, carton, panel, tool and surface is completely blank and unbranded. No invented lettering, no partial or garbled characters. Avoid: extra fingers, malformed hands, floating objects, duplicated tools, plastic-looking skin, HDR halos, heavy vignette, oversaturation."
PVC Film Packaging Tape,pvc-packaging-tape,packaging-tapes,3,E-commerce packing,"Building & Construction, Joinery Kitchen Furniture","a small-business owner taping a parcel closed on a timber worktable surrounded by tissue paper and a stack of ready-to-post boxes; soft warm window light, homely studio atmosphere. The tape itself is the hero of the image and is shown plain and unbranded. Photorealistic commercial product photography. Full-frame camera, 50mm lens for scene shots and 100mm macro for detail shots, f/4, sharp focus on the point of application with the background falling away softly. Natural colour, realistic material response, true-to-life scale. Hands, where shown, are anatomically correct with five fingers and clean, unmanicured working nails. ABSOLUTELY NO TEXT of any kind: no letters, words, numbers, logos, brand names, printed labels, barcodes, packaging copy, signage text, watermarks or UI overlays anywhere in the frame. Every tape roll, carton, panel, tool and surface is completely blank and unbranded. No invented lettering, no partial or garbled characters. Avoid: extra fingers, malformed hands, floating objects, duplicated tools, plastic-looking skin, HDR halos, heavy vignette, oversaturation."
Fragile Packing Tape- 48mm x 66m Red,fragile-packing-tape,packaging-tapes,1,Carton seal,Warehouse Packaging Logistics,"an extreme close-up of clear packaging tape being pressed along the H-seam of a kraft carton, the tape's slight sheen catching the light and the cardboard flute texture visible at the edge; shallow depth of field. The tape itself is the hero of the image and is shown plain and unbranded. Photorealistic commercial product photography. Full-frame camera, 50mm lens for scene shots and 100mm macro for detail shots, f/4, sharp focus on the point of application with the background falling away softly. Natural colour, realistic material response, true-to-life scale. Hands, where shown, are anatomically correct with five fingers and clean, unmanicured working nails. ABSOLUTELY NO TEXT of any kind: no letters, words, numbers, logos, brand names, printed labels, barcodes, packaging copy, signage text, watermarks or UI overlays anywhere in the frame. Every tape roll, carton, panel, tool and surface is completely blank and unbranded. No invented lettering, no partial or garbled characters. Avoid: extra fingers, malformed hands, floating objects, duplicated tools, plastic-looking skin, HDR halos, heavy vignette, oversaturation."
Fragile Packing Tape- 48mm x 66m Red,fragile-packing-tape,packaging-tapes,2,Pallet of sealed cartons,Warehouse Packaging Logistics,"a shrink-free pallet stacked with uniformly sealed plain kraft cartons in a clean warehouse aisle, tape lines crisp and parallel across every lid; orange racking receding softly out of focus. The tape itself is the hero of the image and is shown plain and unbranded. Photorealistic commercial product photography. Full-frame camera, 50mm lens for scene shots and 100mm macro for detail shots, f/4, sharp focus on the point of application with the background falling away softly. Natural colour, realistic material response, true-to-life scale. Hands, where shown, are anatomically correct with five fingers and clean, unmanicured working nails. ABSOLUTELY NO TEXT of any kind: no letters, words, numbers, logos, brand names, printed labels, barcodes, packaging copy, signage text, watermarks or UI overlays anywhere in the frame. Every tape roll, carton, panel, tool and surface is completely blank and unbranded. No invented lettering, no partial or garbled characters. Avoid: extra fingers, malformed hands, floating objects, duplicated tools, plastic-looking skin, HDR halos, heavy vignette, oversaturation."
Fragile Packing Tape- 48mm x 66m Red,fragile-packing-tape,packaging-tapes,3,E-commerce packing,Warehouse Packaging Logistics,"a small-business owner taping a parcel closed on a timber worktable surrounded by tissue paper and a stack of ready-to-post boxes; soft warm window light, homely studio atmosphere. The tape itself is the hero of the image and is shown plain and unbranded. Photorealistic commercial product photography. Full-frame camera, 50mm lens for scene shots and 100mm macro for detail shots, f/4, sharp focus on the point of application with the background falling away softly. Natural colour, realistic material response, true-to-life scale. Hands, where shown, are anatomically correct with five fingers and clean, unmanicured working nails. ABSOLUTELY NO TEXT of any kind: no letters, words, numbers, logos, brand names, printed labels, barcodes, packaging copy, signage text, watermarks or UI overlays anywhere in the frame. Every tape roll, carton, panel, tool and surface is completely blank and unbranded. No invented lettering, no partial or garbled characters. Avoid: extra fingers, malformed hands, floating objects, duplicated tools, plastic-looking skin, HDR halos, heavy vignette, oversaturation."
Floor & Line Marking Tape – 6 Colours x 33m,floor-marking-tape,safety-tape,1,Stair nosing,"Aerospace Defense, Building & Construction","black and yellow anti-slip safety tape applied to the nosing of industrial steel stairs, a boot stepping onto the tread; cool stairwell lighting, textured grit surface sharp. The tape itself is the hero of the image and is shown plain and unbranded. Photorealistic commercial product photography. Full-frame camera, 50mm lens for scene shots and 100mm macro for detail shots, f/4, sharp focus on the point of application with the background falling away softly. Natural colour, realistic material response, true-to-life scale. Hands, where shown, are anatomically correct with five fingers and clean, unmanicured working nails. ABSOLUTELY NO TEXT of any kind: no letters, words, numbers, logos, brand names, printed labels, barcodes, packaging copy, signage text, watermarks or UI overlays anywhere in the frame. Every tape roll, carton, panel, tool and surface is completely blank and unbranded. No invented lettering, no partial or garbled characters. Avoid: extra fingers, malformed hands, floating objects, duplicated tools, plastic-looking skin, HDR halos, heavy vignette, oversaturation."
Floor & Line Marking Tape – 6 Colours x 33m,floor-marking-tape,safety-tape,2,Floor marking,"Aerospace Defense, Building & Construction","yellow floor-marking tape laid in a crisp right angle to define a pedestrian walkway on a warehouse floor, forklift blurred in the distance; bright overhead lighting. The tape itself is the hero of the image and is shown plain and unbranded. Photorealistic commercial product photography. Full-frame camera, 50mm lens for scene shots and 100mm macro for detail shots, f/4, sharp focus on the point of application with the background falling away softly. Natural colour, realistic material response, true-to-life scale. Hands, where shown, are anatomically correct with five fingers and clean, unmanicured working nails. ABSOLUTELY NO TEXT of any kind: no letters, words, numbers, logos, brand names, printed labels, barcodes, packaging copy, signage text, watermarks or UI overlays anywhere in the frame. Every tape roll, carton, panel, tool and surface is completely blank and unbranded. No invented lettering, no partial or garbled characters. Avoid: extra fingers, malformed hands, floating objects, duplicated tools, plastic-looking skin, HDR halos, heavy vignette, oversaturation."
Floor & Line Marking Tape – 6 Colours x 33m,floor-marking-tape,safety-tape,3,Ramp edge,"Aerospace Defense, Building & Construction","high-visibility safety tape marking the edge of a loading dock ramp, rain-darkened concrete; overcast daylight, strong colour contrast. The tape itself is the hero of the image and is shown plain and unbranded. Photorealistic commercial product photography. Full-frame camera, 50mm lens for scene shots and 100mm macro for detail shots, f/4, sharp focus on the point of application with the background falling away softly. Natural colour, realistic material response, true-to-life scale. Hands, where shown, are anatomically correct with five fingers and clean, unmanicured working nails. ABSOLUTELY NO TEXT of any kind: no letters, words, numbers, logos, brand names, printed labels, barcodes, packaging copy, signage text, watermarks or UI overlays anywhere in the frame. Every tape roll, carton, panel, tool and surface is completely blank and unbranded. No invented lettering, no partial or garbled characters. Avoid: extra fingers, malformed hands, floating objects, duplicated tools, plastic-looking skin, HDR halos, heavy vignette, oversaturation."
Reinforced Foil Tape,reinforced-foil-tape,aluminium-foil-tapes,1,Duct seam seal,"Aerospace Defense, Building & Construction","gloved hands burnishing aluminium foil tape along a rectangular duct seam, the foil catching a bright specular highlight; industrial plant room, cool lighting. The tape itself is the hero of the image and is shown plain and unbranded. Photorealistic commercial product photography. Full-frame camera, 50mm lens for scene shots and 100mm macro for detail shots, f/4, sharp focus on the point of application with the background falling away softly. Natural colour, realistic material response, true-to-life scale. Hands, where shown, are anatomically correct with five fingers and clean, unmanicured working nails. ABSOLUTELY NO TEXT of any kind: no letters, words, numbers, logos, brand names, printed labels, barcodes, packaging copy, signage text, watermarks or UI overlays anywhere in the frame. Every tape roll, carton, panel, tool and surface is completely blank and unbranded. No invented lettering, no partial or garbled characters. Avoid: extra fingers, malformed hands, floating objects, duplicated tools, plastic-looking skin, HDR halos, heavy vignette, oversaturation."
Reinforced Foil Tape,reinforced-foil-tape,aluminium-foil-tapes,2,Insulation vapour barrier,"Aerospace Defense, Building & Construction","foil tape sealing the joint between two foil-faced insulation boards in a roof cavity; work light raking across the reflective surface. The tape itself is the hero of the image and is shown plain and unbranded. Photorealistic commercial product photography. Full-frame camera, 50mm lens for scene shots and 100mm macro for detail shots, f/4, sharp focus on the point of application with the background falling away softly. Natural colour, realistic material response, true-to-life scale. Hands, where shown, are anatomically correct with five fingers and clean, unmanicured working nails. ABSOLUTELY NO TEXT of any kind: no letters, words, numbers, logos, brand names, printed labels, barcodes, packaging copy, signage text, watermarks or UI overlays anywhere in the frame. Every tape roll, carton, panel, tool and surface is completely blank and unbranded. No invented lettering, no partial or garbled characters. Avoid: extra fingers, malformed hands, floating objects, duplicated tools, plastic-looking skin, HDR halos, heavy vignette, oversaturation."
Reinforced Foil Tape,reinforced-foil-tape,aluminium-foil-tapes,3,Macro foil,"Aerospace Defense, Building & Construction","an extreme macro of aluminium foil tape being smoothed with a plastic squeegee, fine burnish marks in the foil; dramatic directional lighting. The tape itself is the hero of the image and is shown plain and unbranded. Photorealistic commercial product photography. Full-frame camera, 50mm lens for scene shots and 100mm macro for detail shots, f/4, sharp focus on the point of application with the background falling away softly. Natural colour, realistic material response, true-to-life scale. Hands, where shown, are anatomically correct with five fingers and clean, unmanicured working nails. ABSOLUTELY NO TEXT of any kind: no letters, words, numbers, logos, brand names, printed labels, barcodes, packaging copy, signage text, watermarks or UI overlays anywhere in the frame. Every tape roll, carton, panel, tool and surface is completely blank and unbranded. No invented lettering, no partial or garbled characters. Avoid: extra fingers, malformed hands, floating objects, duplicated tools, plastic-looking skin, HDR halos, heavy vignette, oversaturation."
Acribond Adhesive Remover & Cleaner - Adhesive Solvent,acribond-accessories-solvent,acribond-accessories,1,Primer application,"Building & Construction, Marine","a gloved hand wiping adhesion primer along a substrate edge with an applicator before bonding; clean workshop bench, bright even light. The tape itself is the hero of the image and is shown plain and unbranded. Photorealistic commercial product photography. Full-frame camera, 50mm lens for scene shots and 100mm macro for detail shots, f/4, sharp focus on the point of application with the background falling away softly. Natural colour, realistic material response, true-to-life scale. Hands, where shown, are anatomically correct with five fingers and clean, unmanicured working nails. ABSOLUTELY NO TEXT of any kind: no letters, words, numbers, logos, brand names, printed labels, barcodes, packaging copy, signage text, watermarks or UI overlays anywhere in the frame. Every tape roll, carton, panel, tool and surface is completely blank and unbranded. No invented lettering, no partial or garbled characters. Avoid: extra fingers, malformed hands, floating objects, duplicated tools, plastic-looking skin, HDR halos, heavy vignette, oversaturation."
Acribond Adhesive Remover & Cleaner - Adhesive Solvent,acribond-accessories-solvent,acribond-accessories,2,Roller pressure,"Building & Construction, Marine","a hand pressure-rolling a bonded panel joint with a rubber seam roller to activate the adhesive; shallow depth of field, workshop lighting. The tape itself is the hero of the image and is shown plain and unbranded. Photorealistic commercial product photography. Full-frame camera, 50mm lens for scene shots and 100mm macro for detail shots, f/4, sharp focus on the point of application with the background falling away softly. Natural colour, realistic material response, true-to-life scale. Hands, where shown, are anatomically correct with five fingers and clean, unmanicured working nails. ABSOLUTELY NO TEXT of any kind: no letters, words, numbers, logos, brand names, printed labels, barcodes, packaging copy, signage text, watermarks or UI overlays anywhere in the frame. Every tape roll, carton, panel, tool and surface is completely blank and unbranded. No invented lettering, no partial or garbled characters. Avoid: extra fingers, malformed hands, floating objects, duplicated tools, plastic-looking skin, HDR halos, heavy vignette, oversaturation."
Acribond Adhesive Remover & Cleaner - Adhesive Solvent,acribond-accessories-solvent,acribond-accessories,3,Prep bench,"Building & Construction, Marine","surface-preparation accessories laid out on a clean bench beside a part awaiting bonding; soft studio light, orderly composition. The tape itself is the hero of the image and is shown plain and unbranded. Photorealistic commercial product photography. Full-frame camera, 50mm lens for scene shots and 100mm macro for detail shots, f/4, sharp focus on the point of application with the background falling away softly. Natural colour, realistic material response, true-to-life scale. Hands, where shown, are anatomically correct with five fingers and clean, unmanicured working nails. ABSOLUTELY NO TEXT of any kind: no letters, words, numbers, logos, brand names, printed labels, barcodes, packaging copy, signage text, watermarks or UI overlays anywhere in the frame. Every tape roll, carton, panel, tool and surface is completely blank and unbranded. No invented lettering, no partial or garbled characters. Avoid: extra fingers, malformed hands, floating objects, duplicated tools, plastic-looking skin, HDR halos, heavy vignette, oversaturation."
Acribond – Hand Sanding Pads,acribond-accessories-hand-pads,acribond-accessories,1,Primer application,"Building & Construction, Marine","a gloved hand wiping adhesion primer along a substrate edge with an applicator before bonding; clean workshop bench, bright even light. The tape itself is the hero of the image and is shown plain and unbranded. Photorealistic commercial product photography. Full-frame camera, 50mm lens for scene shots and 100mm macro for detail shots, f/4, sharp focus on the point of application with the background falling away softly. Natural colour, realistic material response, true-to-life scale. Hands, where shown, are anatomically correct with five fingers and clean, unmanicured working nails. ABSOLUTELY NO TEXT of any kind: no letters, words, numbers, logos, brand names, printed labels, barcodes, packaging copy, signage text, watermarks or UI overlays anywhere in the frame. Every tape roll, carton, panel, tool and surface is completely blank and unbranded. No invented lettering, no partial or garbled characters. Avoid: extra fingers, malformed hands, floating objects, duplicated tools, plastic-looking skin, HDR halos, heavy vignette, oversaturation."
Acribond – Hand Sanding Pads,acribond-accessories-hand-pads,acribond-accessories,2,Roller pressure,"Building & Construction, Marine","a hand pressure-rolling a bonded panel joint with a rubber seam roller to activate the adhesive; shallow depth of field, workshop lighting. The tape itself is the hero of the image and is shown plain and unbranded. Photorealistic commercial product photography. Full-frame camera, 50mm lens for scene shots and 100mm macro for detail shots, f/4, sharp focus on the point of application with the background falling away softly. Natural colour, realistic material response, true-to-life scale. Hands, where shown, are anatomically correct with five fingers and clean, unmanicured working nails. ABSOLUTELY NO TEXT of any kind: no letters, words, numbers, logos, brand names, printed labels, barcodes, packaging copy, signage text, watermarks or UI overlays anywhere in the frame. Every tape roll, carton, panel, tool and surface is completely blank and unbranded. No invented lettering, no partial or garbled characters. Avoid: extra fingers, malformed hands, floating objects, duplicated tools, plastic-looking skin, HDR halos, heavy vignette, oversaturation."
Acribond – Hand Sanding Pads,acribond-accessories-hand-pads,acribond-accessories,3,Prep bench,"Building & Construction, Marine","surface-preparation accessories laid out on a clean bench beside a part awaiting bonding; soft studio light, orderly composition. The tape itself is the hero of the image and is shown plain and unbranded. Photorealistic commercial product photography. Full-frame camera, 50mm lens for scene shots and 100mm macro for detail shots, f/4, sharp focus on the point of application with the background falling away softly. Natural colour, realistic material response, true-to-life scale. Hands, where shown, are anatomically correct with five fingers and clean, unmanicured working nails. ABSOLUTELY NO TEXT of any kind: no letters, words, numbers, logos, brand names, printed labels, barcodes, packaging copy, signage text, watermarks or UI overlays anywhere in the frame. Every tape roll, carton, panel, tool and surface is completely blank and unbranded. No invented lettering, no partial or garbled characters. Avoid: extra fingers, malformed hands, floating objects, duplicated tools, plastic-looking skin, HDR halos, heavy vignette, oversaturation."
Desk Tapes Dispenser,desk-tapes-dispenser,tapes-dispensers,1,Packing bench,,"a warehouse worker's hands running a handheld tape gun along the centre seam of a plain kraft carton on a stainless packing bench; stacks of flattened boxes and a label printer softly blurred behind, bright industrial daylight. The tape itself is the hero of the image and is shown plain and unbranded. Photorealistic commercial product photography. Full-frame camera, 50mm lens for scene shots and 100mm macro for detail shots, f/4, sharp focus on the point of application with the background falling away softly. Natural colour, realistic material response, true-to-life scale. Hands, where shown, are anatomically correct with five fingers and clean, unmanicured working nails. ABSOLUTELY NO TEXT of any kind: no letters, words, numbers, logos, brand names, printed labels, barcodes, packaging copy, signage text, watermarks or UI overlays anywhere in the frame. Every tape roll, carton, panel, tool and surface is completely blank and unbranded. No invented lettering, no partial or garbled characters. Avoid: extra fingers, malformed hands, floating objects, duplicated tools, plastic-looking skin, HDR halos, heavy vignette, oversaturation."
Desk Tapes Dispenser,desk-tapes-dispenser,tapes-dispensers,2,Benchtop station,,"a benchtop tape dispenser with a weighted base on a workshop bench, a hand drawing a length of clear tape across the cutting blade; hand tools and a steel rule arranged nearby, warm workshop lighting from a window. The tape itself is the hero of the image and is shown plain and unbranded. Photorealistic commercial product photography. Full-frame camera, 50mm lens for scene shots and 100mm macro for detail shots, f/4, sharp focus on the point of application with the background falling away softly. Natural colour, realistic material response, true-to-life scale. Hands, where shown, are anatomically correct with five fingers and clean, unmanicured working nails. ABSOLUTELY NO TEXT of any kind: no letters, words, numbers, logos, brand names, printed labels, barcodes, packaging copy, signage text, watermarks or UI overlays anywhere in the frame. Every tape roll, carton, panel, tool and surface is completely blank and unbranded. No invented lettering, no partial or garbled characters. Avoid: extra fingers, malformed hands, floating objects, duplicated tools, plastic-looking skin, HDR halos, heavy vignette, oversaturation."
Desk Tapes Dispenser,desk-tapes-dispenser,tapes-dispensers,3,Dispatch line,,"an over-the-shoulder view of a dispatch operator sealing the last of a row of identical kraft cartons along a roller conveyor, tape gun mid-stroke; long depth of field down the line, cool warehouse lighting. The tape itself is the hero of the image and is shown plain and unbranded. Photorealistic commercial product photography. Full-frame camera, 50mm lens for scene shots and 100mm macro for detail shots, f/4, sharp focus on the point of application with the background falling away softly. Natural colour, realistic material response, true-to-life scale. Hands, where shown, are anatomically correct with five fingers and clean, unmanicured working nails. ABSOLUTELY NO TEXT of any kind: no letters, words, numbers, logos, brand names, printed labels, barcodes, packaging copy, signage text, watermarks or UI overlays anywhere in the frame. Every tape roll, carton, panel, tool and surface is completely blank and unbranded. No invented lettering, no partial or garbled characters. Avoid: extra fingers, malformed hands, floating objects, duplicated tools, plastic-looking skin, HDR halos, heavy vignette, oversaturation."
Clamp On Bench Dispenser,clamp-on-bench-dispenser,tapes-dispensers,1,Packing bench,,"a warehouse worker's hands running a handheld tape gun along the centre seam of a plain kraft carton on a stainless packing bench; stacks of flattened boxes and a label printer softly blurred behind, bright industrial daylight. The tape itself is the hero of the image and is shown plain and unbranded. Photorealistic commercial product photography. Full-frame camera, 50mm lens for scene shots and 100mm macro for detail shots, f/4, sharp focus on the point of application with the background falling away softly. Natural colour, realistic material response, true-to-life scale. Hands, where shown, are anatomically correct with five fingers and clean, unmanicured working nails. ABSOLUTELY NO TEXT of any kind: no letters, words, numbers, logos, brand names, printed labels, barcodes, packaging copy, signage text, watermarks or UI overlays anywhere in the frame. Every tape roll, carton, panel, tool and surface is completely blank and unbranded. No invented lettering, no partial or garbled characters. Avoid: extra fingers, malformed hands, floating objects, duplicated tools, plastic-looking skin, HDR halos, heavy vignette, oversaturation."
Clamp On Bench Dispenser,clamp-on-bench-dispenser,tapes-dispensers,2,Benchtop station,,"a benchtop tape dispenser with a weighted base on a workshop bench, a hand drawing a length of clear tape across the cutting blade; hand tools and a steel rule arranged nearby, warm workshop lighting from a window. The tape itself is the hero of the image and is shown plain and unbranded. Photorealistic commercial product photography. Full-frame camera, 50mm lens for scene shots and 100mm macro for detail shots, f/4, sharp focus on the point of application with the background falling away softly. Natural colour, realistic material response, true-to-life scale. Hands, where shown, are anatomically correct with five fingers and clean, unmanicured working nails. ABSOLUTELY NO TEXT of any kind: no letters, words, numbers, logos, brand names, printed labels, barcodes, packaging copy, signage text, watermarks or UI overlays anywhere in the frame. Every tape roll, carton, panel, tool and surface is completely blank and unbranded. No invented lettering, no partial or garbled characters. Avoid: extra fingers, malformed hands, floating objects, duplicated tools, plastic-looking skin, HDR halos, heavy vignette, oversaturation."
Clamp On Bench Dispenser,clamp-on-bench-dispenser,tapes-dispensers,3,Dispatch line,,"an over-the-shoulder view of a dispatch operator sealing the last of a row of identical kraft cartons along a roller conveyor, tape gun mid-stroke; long depth of field down the line, cool warehouse lighting. The tape itself is the hero of the image and is shown plain and unbranded. Photorealistic commercial product photography. Full-frame camera, 50mm lens for scene shots and 100mm macro for detail shots, f/4, sharp focus on the point of application with the background falling away softly. Natural colour, realistic material response, true-to-life scale. Hands, where shown, are anatomically correct with five fingers and clean, unmanicured working nails. ABSOLUTELY NO TEXT of any kind: no letters, words, numbers, logos, brand names, printed labels, barcodes, packaging copy, signage text, watermarks or UI overlays anywhere in the frame. Every tape roll, carton, panel, tool and surface is completely blank and unbranded. No invented lettering, no partial or garbled characters. Avoid: extra fingers, malformed hands, floating objects, duplicated tools, plastic-looking skin, HDR halos, heavy vignette, oversaturation."
Tear Drop Dispenser Metal,tear-drop-dispenser-metal,tapes-dispensers,1,Packing bench,,"a warehouse worker's hands running a handheld tape gun along the centre seam of a plain kraft carton on a stainless packing bench; stacks of flattened boxes and a label printer softly blurred behind, bright industrial daylight. The tape itself is the hero of the image and is shown plain and unbranded. Photorealistic commercial product photography. Full-frame camera, 50mm lens for scene shots and 100mm macro for detail shots, f/4, sharp focus on the point of application with the background falling away softly. Natural colour, realistic material response, true-to-life scale. Hands, where shown, are anatomically correct with five fingers and clean, unmanicured working nails. ABSOLUTELY NO TEXT of any kind: no letters, words, numbers, logos, brand names, printed labels, barcodes, packaging copy, signage text, watermarks or UI overlays anywhere in the frame. Every tape roll, carton, panel, tool and surface is completely blank and unbranded. No invented lettering, no partial or garbled characters. Avoid: extra fingers, malformed hands, floating objects, duplicated tools, plastic-looking skin, HDR halos, heavy vignette, oversaturation."
Tear Drop Dispenser Metal,tear-drop-dispenser-metal,tapes-dispensers,2,Benchtop station,,"a benchtop tape dispenser with a weighted base on a workshop bench, a hand drawing a length of clear tape across the cutting blade; hand tools and a steel rule arranged nearby, warm workshop lighting from a window. The tape itself is the hero of the image and is shown plain and unbranded. Photorealistic commercial product photography. Full-frame camera, 50mm lens for scene shots and 100mm macro for detail shots, f/4, sharp focus on the point of application with the background falling away softly. Natural colour, realistic material response, true-to-life scale. Hands, where shown, are anatomically correct with five fingers and clean, unmanicured working nails. ABSOLUTELY NO TEXT of any kind: no letters, words, numbers, logos, brand names, printed labels, barcodes, packaging copy, signage text, watermarks or UI overlays anywhere in the frame. Every tape roll, carton, panel, tool and surface is completely blank and unbranded. No invented lettering, no partial or garbled characters. Avoid: extra fingers, malformed hands, floating objects, duplicated tools, plastic-looking skin, HDR halos, heavy vignette, oversaturation."
Tear Drop Dispenser Metal,tear-drop-dispenser-metal,tapes-dispensers,3,Dispatch line,,"an over-the-shoulder view of a dispatch operator sealing the last of a row of identical kraft cartons along a roller conveyor, tape gun mid-stroke; long depth of field down the line, cool warehouse lighting. The tape itself is the hero of the image and is shown plain and unbranded. Photorealistic commercial product photography. Full-frame camera, 50mm lens for scene shots and 100mm macro for detail shots, f/4, sharp focus on the point of application with the background falling away softly. Natural colour, realistic material response, true-to-life scale. Hands, where shown, are anatomically correct with five fingers and clean, unmanicured working nails. ABSOLUTELY NO TEXT of any kind: no letters, words, numbers, logos, brand names, printed labels, barcodes, packaging copy, signage text, watermarks or UI overlays anywhere in the frame. Every tape roll, carton, panel, tool and surface is completely blank and unbranded. No invented lettering, no partial or garbled characters. Avoid: extra fingers, malformed hands, floating objects, duplicated tools, plastic-looking skin, HDR halos, heavy vignette, oversaturation."
Metal Desk Dispenser,metal-desk-dispenser,tapes-dispensers,1,Packing bench,,"a warehouse worker's hands running a handheld tape gun along the centre seam of a plain kraft carton on a stainless packing bench; stacks of flattened boxes and a label printer softly blurred behind, bright industrial daylight. The tape itself is the hero of the image and is shown plain and unbranded. Photorealistic commercial product photography. Full-frame camera, 50mm lens for scene shots and 100mm macro for detail shots, f/4, sharp focus on the point of application with the background falling away softly. Natural colour, realistic material response, true-to-life scale. Hands, where shown, are anatomically correct with five fingers and clean, unmanicured working nails. ABSOLUTELY NO TEXT of any kind: no letters, words, numbers, logos, brand names, printed labels, barcodes, packaging copy, signage text, watermarks or UI overlays anywhere in the frame. Every tape roll, carton, panel, tool and surface is completely blank and unbranded. No invented lettering, no partial or garbled characters. Avoid: extra fingers, malformed hands, floating objects, duplicated tools, plastic-looking skin, HDR halos, heavy vignette, oversaturation."
Metal Desk Dispenser,metal-desk-dispenser,tapes-dispensers,2,Benchtop station,,"a benchtop tape dispenser with a weighted base on a workshop bench, a hand drawing a length of clear tape across the cutting blade; hand tools and a steel rule arranged nearby, warm workshop lighting from a window. The tape itself is the hero of the image and is shown plain and unbranded. Photorealistic commercial product photography. Full-frame camera, 50mm lens for scene shots and 100mm macro for detail shots, f/4, sharp focus on the point of application with the background falling away softly. Natural colour, realistic material response, true-to-life scale. Hands, where shown, are anatomically correct with five fingers and clean, unmanicured working nails. ABSOLUTELY NO TEXT of any kind: no letters, words, numbers, logos, brand names, printed labels, barcodes, packaging copy, signage text, watermarks or UI overlays anywhere in the frame. Every tape roll, carton, panel, tool and surface is completely blank and unbranded. No invented lettering, no partial or garbled characters. Avoid: extra fingers, malformed hands, floating objects, duplicated tools, plastic-looking skin, HDR halos, heavy vignette, oversaturation."
Metal Desk Dispenser,metal-desk-dispenser,tapes-dispensers,3,Dispatch line,,"an over-the-shoulder view of a dispatch operator sealing the last of a row of identical kraft cartons along a roller conveyor, tape gun mid-stroke; long depth of field down the line, cool warehouse lighting. The tape itself is the hero of the image and is shown plain and unbranded. Photorealistic commercial product photography. Full-frame camera, 50mm lens for scene shots and 100mm macro for detail shots, f/4, sharp focus on the point of application with the background falling away softly. Natural colour, realistic material response, true-to-life scale. Hands, where shown, are anatomically correct with five fingers and clean, unmanicured working nails. ABSOLUTELY NO TEXT of any kind: no letters, words, numbers, logos, brand names, printed labels, barcodes, packaging copy, signage text, watermarks or UI overlays anywhere in the frame. Every tape roll, carton, panel, tool and surface is completely blank and unbranded. No invented lettering, no partial or garbled characters. Avoid: extra fingers, malformed hands, floating objects, duplicated tools, plastic-looking skin, HDR halos, heavy vignette, oversaturation."
Metal Bag Sealer with Cutter,metal-bag-sealer-with-cutter,tapes-dispensers,1,Packing bench,,"a warehouse worker's hands running a handheld tape gun along the centre seam of a plain kraft carton on a stainless packing bench; stacks of flattened boxes and a label printer softly blurred behind, bright industrial daylight. The tape itself is the hero of the image and is shown plain and unbranded. Photorealistic commercial product photography. Full-frame camera, 50mm lens for scene shots and 100mm macro for detail shots, f/4, sharp focus on the point of application with the background falling away softly. Natural colour, realistic material response, true-to-life scale. Hands, where shown, are anatomically correct with five fingers and clean, unmanicured working nails. ABSOLUTELY NO TEXT of any kind: no letters, words, numbers, logos, brand names, printed labels, barcodes, packaging copy, signage text, watermarks or UI overlays anywhere in the frame. Every tape roll, carton, panel, tool and surface is completely blank and unbranded. No invented lettering, no partial or garbled characters. Avoid: extra fingers, malformed hands, floating objects, duplicated tools, plastic-looking skin, HDR halos, heavy vignette, oversaturation."
Metal Bag Sealer with Cutter,metal-bag-sealer-with-cutter,tapes-dispensers,2,Benchtop station,,"a benchtop tape dispenser with a weighted base on a workshop bench, a hand drawing a length of clear tape across the cutting blade; hand tools and a steel rule arranged nearby, warm workshop lighting from a window. The tape itself is the hero of the image and is shown plain and unbranded. Photorealistic commercial product photography. Full-frame camera, 50mm lens for scene shots and 100mm macro for detail shots, f/4, sharp focus on the point of application with the background falling away softly. Natural colour, realistic material response, true-to-life scale. Hands, where shown, are anatomically correct with five fingers and clean, unmanicured working nails. ABSOLUTELY NO TEXT of any kind: no letters, words, numbers, logos, brand names, printed labels, barcodes, packaging copy, signage text, watermarks or UI overlays anywhere in the frame. Every tape roll, carton, panel, tool and surface is completely blank and unbranded. No invented lettering, no partial or garbled characters. Avoid: extra fingers, malformed hands, floating objects, duplicated tools, plastic-looking skin, HDR halos, heavy vignette, oversaturation."
Metal Bag Sealer with Cutter,metal-bag-sealer-with-cutter,tapes-dispensers,3,Dispatch line,,"an over-the-shoulder view of a dispatch operator sealing the last of a row of identical kraft cartons along a roller conveyor, tape gun mid-stroke; long depth of field down the line, cool warehouse lighting. The tape itself is the hero of the image and is shown plain and unbranded. Photorealistic commercial product photography. Full-frame camera, 50mm lens for scene shots and 100mm macro for detail shots, f/4, sharp focus on the point of application with the background falling away softly. Natural colour, realistic material response, true-to-life scale. Hands, where shown, are anatomically correct with five fingers and clean, unmanicured working nails. ABSOLUTELY NO TEXT of any kind: no letters, words, numbers, logos, brand names, printed labels, barcodes, packaging copy, signage text, watermarks or UI overlays anywhere in the frame. Every tape roll, carton, panel, tool and surface is completely blank and unbranded. No invented lettering, no partial or garbled characters. Avoid: extra fingers, malformed hands, floating objects, duplicated tools, plastic-looking skin, HDR halos, heavy vignette, oversaturation."
Glue Dots Permanent Adhesive (5000 Dots),glue-dots-permanent-adhesive,glue-dots,1,Direct mail,,"hands attaching a plain card to a folded leaflet with a clear adhesive dot at a mailing bench, stacks of prepared items either side; even bright light. The tape itself is the hero of the image and is shown plain and unbranded. Photorealistic commercial product photography. Full-frame camera, 50mm lens for scene shots and 100mm macro for detail shots, f/4, sharp focus on the point of application with the background falling away softly. Natural colour, realistic material response, true-to-life scale. Hands, where shown, are anatomically correct with five fingers and clean, unmanicured working nails. ABSOLUTELY NO TEXT of any kind: no letters, words, numbers, logos, brand names, printed labels, barcodes, packaging copy, signage text, watermarks or UI overlays anywhere in the frame. Every tape roll, carton, panel, tool and surface is completely blank and unbranded. No invented lettering, no partial or garbled characters. Avoid: extra fingers, malformed hands, floating objects, duplicated tools, plastic-looking skin, HDR halos, heavy vignette, oversaturation."
Glue Dots Permanent Adhesive (5000 Dots),glue-dots-permanent-adhesive,glue-dots,2,Retail POS,,"a clear adhesive dot holding a small unbranded sample sachet to a plain shelf card in a retail aisle; shallow depth of field, warm store lighting. The tape itself is the hero of the image and is shown plain and unbranded. Photorealistic commercial product photography. Full-frame camera, 50mm lens for scene shots and 100mm macro for detail shots, f/4, sharp focus on the point of application with the background falling away softly. Natural colour, realistic material response, true-to-life scale. Hands, where shown, are anatomically correct with five fingers and clean, unmanicured working nails. ABSOLUTELY NO TEXT of any kind: no letters, words, numbers, logos, brand names, printed labels, barcodes, packaging copy, signage text, watermarks or UI overlays anywhere in the frame. Every tape roll, carton, panel, tool and surface is completely blank and unbranded. No invented lettering, no partial or garbled characters. Avoid: extra fingers, malformed hands, floating objects, duplicated tools, plastic-looking skin, HDR halos, heavy vignette, oversaturation."
Glue Dots Permanent Adhesive (5000 Dots),glue-dots-permanent-adhesive,glue-dots,3,Craft bench,,"a maker pressing a small embellishment onto a card blank with an adhesive dot, craft tools and paper scraps around; warm window light, cosy atmosphere. The tape itself is the hero of the image and is shown plain and unbranded. Photorealistic commercial product photography. Full-frame camera, 50mm lens for scene shots and 100mm macro for detail shots, f/4, sharp focus on the point of application with the background falling away softly. Natural colour, realistic material response, true-to-life scale. Hands, where shown, are anatomically correct with five fingers and clean, unmanicured working nails. ABSOLUTELY NO TEXT of any kind: no letters, words, numbers, logos, brand names, printed labels, barcodes, packaging copy, signage text, watermarks or UI overlays anywhere in the frame. Every tape roll, carton, panel, tool and surface is completely blank and unbranded. No invented lettering, no partial or garbled characters. Avoid: extra fingers, malformed hands, floating objects, duplicated tools, plastic-looking skin, HDR halos, heavy vignette, oversaturation."
H11/CP Pistol Grip Dispenser 50mm,h11-cp-pistol-grip-dispenser-50mm,tapes-dispensers,1,Packing bench,Picture Framing Tapes,"a warehouse worker's hands running a handheld tape gun along the centre seam of a plain kraft carton on a stainless packing bench; stacks of flattened boxes and a label printer softly blurred behind, bright industrial daylight. The tape itself is the hero of the image and is shown plain and unbranded. Photorealistic commercial product photography. Full-frame camera, 50mm lens for scene shots and 100mm macro for detail shots, f/4, sharp focus on the point of application with the background falling away softly. Natural colour, realistic material response, true-to-life scale. Hands, where shown, are anatomically correct with five fingers and clean, unmanicured working nails. ABSOLUTELY NO TEXT of any kind: no letters, words, numbers, logos, brand names, printed labels, barcodes, packaging copy, signage text, watermarks or UI overlays anywhere in the frame. Every tape roll, carton, panel, tool and surface is completely blank and unbranded. No invented lettering, no partial or garbled characters. Avoid: extra fingers, malformed hands, floating objects, duplicated tools, plastic-looking skin, HDR halos, heavy vignette, oversaturation."
H11/CP Pistol Grip Dispenser 50mm,h11-cp-pistol-grip-dispenser-50mm,tapes-dispensers,2,Benchtop station,Picture Framing Tapes,"a benchtop tape dispenser with a weighted base on a workshop bench, a hand drawing a length of clear tape across the cutting blade; hand tools and a steel rule arranged nearby, warm workshop lighting from a window. The tape itself is the hero of the image and is shown plain and unbranded. Photorealistic commercial product photography. Full-frame camera, 50mm lens for scene shots and 100mm macro for detail shots, f/4, sharp focus on the point of application with the background falling away softly. Natural colour, realistic material response, true-to-life scale. Hands, where shown, are anatomically correct with five fingers and clean, unmanicured working nails. ABSOLUTELY NO TEXT of any kind: no letters, words, numbers, logos, brand names, printed labels, barcodes, packaging copy, signage text, watermarks or UI overlays anywhere in the frame. Every tape roll, carton, panel, tool and surface is completely blank and unbranded. No invented lettering, no partial or garbled characters. Avoid: extra fingers, malformed hands, floating objects, duplicated tools, plastic-looking skin, HDR halos, heavy vignette, oversaturation."
H11/CP Pistol Grip Dispenser 50mm,h11-cp-pistol-grip-dispenser-50mm,tapes-dispensers,3,Dispatch line,Picture Framing Tapes,"an over-the-shoulder view of a dispatch operator sealing the last of a row of identical kraft cartons along a roller conveyor, tape gun mid-stroke; long depth of field down the line, cool warehouse lighting. The tape itself is the hero of the image and is shown plain and unbranded. Photorealistic commercial product photography. Full-frame camera, 50mm lens for scene shots and 100mm macro for detail shots, f/4, sharp focus on the point of application with the background falling away softly. Natural colour, realistic material response, true-to-life scale. Hands, where shown, are anatomically correct with five fingers and clean, unmanicured working nails. ABSOLUTELY NO TEXT of any kind: no letters, words, numbers, logos, brand names, printed labels, barcodes, packaging copy, signage text, watermarks or UI overlays anywhere in the frame. Every tape roll, carton, panel, tool and surface is completely blank and unbranded. No invented lettering, no partial or garbled characters. Avoid: extra fingers, malformed hands, floating objects, duplicated tools, plastic-looking skin, HDR halos, heavy vignette, oversaturation."
Ultra High Bond Acrylic Foam Tape D/Sided- White,high-bond-acrylic-tape-white,foam-tape-double-sided,1,Mirror mounting,"Aerospace Defense, Building & Construction","hands pressing a frameless bathroom mirror onto a tiled wall, evenly spaced strips of white double-sided foam tape on the mirror's back edge just visible; soft diffused bathroom light, tile grout lines crisp. The tape itself is the hero of the image and is shown plain and unbranded. Photorealistic commercial product photography. Full-frame camera, 50mm lens for scene shots and 100mm macro for detail shots, f/4, sharp focus on the point of application with the background falling away softly. Natural colour, realistic material response, true-to-life scale. Hands, where shown, are anatomically correct with five fingers and clean, unmanicured working nails. ABSOLUTELY NO TEXT of any kind: no letters, words, numbers, logos, brand names, printed labels, barcodes, packaging copy, signage text, watermarks or UI overlays anywhere in the frame. Every tape roll, carton, panel, tool and surface is completely blank and unbranded. No invented lettering, no partial or garbled characters. Avoid: extra fingers, malformed hands, floating objects, duplicated tools, plastic-looking skin, HDR halos, heavy vignette, oversaturation."
Ultra High Bond Acrylic Foam Tape D/Sided- White,high-bond-acrylic-tape-white,foam-tape-double-sided,2,Sign mounting,"Aerospace Defense, Building & Construction","a signwriter aligning a blank brushed-aluminium plaque onto a painted reception wall, foam tape strips on the reverse; shallow depth of field, soft architectural lighting. The tape itself is the hero of the image and is shown plain and unbranded. Photorealistic commercial product photography. Full-frame camera, 50mm lens for scene shots and 100mm macro for detail shots, f/4, sharp focus on the point of application with the background falling away softly. Natural colour, realistic material response, true-to-life scale. Hands, where shown, are anatomically correct with five fingers and clean, unmanicured working nails. ABSOLUTELY NO TEXT of any kind: no letters, words, numbers, logos, brand names, printed labels, barcodes, packaging copy, signage text, watermarks or UI overlays anywhere in the frame. Every tape roll, carton, panel, tool and surface is completely blank and unbranded. No invented lettering, no partial or garbled characters. Avoid: extra fingers, malformed hands, floating objects, duplicated tools, plastic-looking skin, HDR halos, heavy vignette, oversaturation."
Ultra High Bond Acrylic Foam Tape D/Sided- White,high-bond-acrylic-tape-white,foam-tape-double-sided,3,Window seal,"Aerospace Defense, Building & Construction","a close-up of grey foam tape being pressed into the rebate of an aluminium window frame on a construction site, weather seal continuous around the corner; bright overcast daylight. The tape itself is the hero of the image and is shown plain and unbranded. Photorealistic commercial product photography. Full-frame camera, 50mm lens for scene shots and 100mm macro for detail shots, f/4, sharp focus on the point of application with the background falling away softly. Natural colour, realistic material response, true-to-life scale. Hands, where shown, are anatomically correct with five fingers and clean, unmanicured working nails. ABSOLUTELY NO TEXT of any kind: no letters, words, numbers, logos, brand names, printed labels, barcodes, packaging copy, signage text, watermarks or UI overlays anywhere in the frame. Every tape roll, carton, panel, tool and surface is completely blank and unbranded. No invented lettering, no partial or garbled characters. Avoid: extra fingers, malformed hands, floating objects, duplicated tools, plastic-looking skin, HDR halos, heavy vignette, oversaturation."
Ultra High Bond Acrylic Foam Tape D/Sided- Grey,high-bond-acrylic-tape-grey,foam-tape-double-sided,1,Mirror mounting,"Aerospace Defense, Building & Construction","hands pressing a frameless bathroom mirror onto a tiled wall, evenly spaced strips of white double-sided foam tape on the mirror's back edge just visible; soft diffused bathroom light, tile grout lines crisp. The tape itself is the hero of the image and is shown plain and unbranded. Photorealistic commercial product photography. Full-frame camera, 50mm lens for scene shots and 100mm macro for detail shots, f/4, sharp focus on the point of application with the background falling away softly. Natural colour, realistic material response, true-to-life scale. Hands, where shown, are anatomically correct with five fingers and clean, unmanicured working nails. ABSOLUTELY NO TEXT of any kind: no letters, words, numbers, logos, brand names, printed labels, barcodes, packaging copy, signage text, watermarks or UI overlays anywhere in the frame. Every tape roll, carton, panel, tool and surface is completely blank and unbranded. No invented lettering, no partial or garbled characters. Avoid: extra fingers, malformed hands, floating objects, duplicated tools, plastic-looking skin, HDR halos, heavy vignette, oversaturation."
Ultra High Bond Acrylic Foam Tape D/Sided- Grey,high-bond-acrylic-tape-grey,foam-tape-double-sided,2,Sign mounting,"Aerospace Defense, Building & Construction","a signwriter aligning a blank brushed-aluminium plaque onto a painted reception wall, foam tape strips on the reverse; shallow depth of field, soft architectural lighting. The tape itself is the hero of the image and is shown plain and unbranded. Photorealistic commercial product photography. Full-frame camera, 50mm lens for scene shots and 100mm macro for detail shots, f/4, sharp focus on the point of application with the background falling away softly. Natural colour, realistic material response, true-to-life scale. Hands, where shown, are anatomically correct with five fingers and clean, unmanicured working nails. ABSOLUTELY NO TEXT of any kind: no letters, words, numbers, logos, brand names, printed labels, barcodes, packaging copy, signage text, watermarks or UI overlays anywhere in the frame. Every tape roll, carton, panel, tool and surface is completely blank and unbranded. No invented lettering, no partial or garbled characters. Avoid: extra fingers, malformed hands, floating objects, duplicated tools, plastic-looking skin, HDR halos, heavy vignette, oversaturation."
Ultra High Bond Acrylic Foam Tape D/Sided- Grey,high-bond-acrylic-tape-grey,foam-tape-double-sided,3,Window seal,"Aerospace Defense, Building & Construction","a close-up of grey foam tape being pressed into the rebate of an aluminium window frame on a construction site, weather seal continuous around the corner; bright overcast daylight. The tape itself is the hero of the image and is shown plain and unbranded. Photorealistic commercial product photography. Full-frame camera, 50mm lens for scene shots and 100mm macro for detail shots, f/4, sharp focus on the point of application with the background falling away softly. Natural colour, realistic material response, true-to-life scale. Hands, where shown, are anatomically correct with five fingers and clean, unmanicured working nails. ABSOLUTELY NO TEXT of any kind: no letters, words, numbers, logos, brand names, printed labels, barcodes, packaging copy, signage text, watermarks or UI overlays anywhere in the frame. Every tape roll, carton, panel, tool and surface is completely blank and unbranded. No invented lettering, no partial or garbled characters. Avoid: extra fingers, malformed hands, floating objects, duplicated tools, plastic-looking skin, HDR halos, heavy vignette, oversaturation."
Barrier Warning Tape- 4 Colours 75mm x 100m,barrier-warning-tape,barricade-hazard-tapes,1,Site cordon,"Building & Construction, Marking Safety","red and white hazard barricade tape strung between two steel star pickets across a construction excavation, tape lifting slightly in the breeze; overcast daylight, site machinery blurred behind. The tape itself is the hero of the image and is shown plain and unbranded. Photorealistic commercial product photography. Full-frame camera, 50mm lens for scene shots and 100mm macro for detail shots, f/4, sharp focus on the point of application with the background falling away softly. Natural colour, realistic material response, true-to-life scale. Hands, where shown, are anatomically correct with five fingers and clean, unmanicured working nails. ABSOLUTELY NO TEXT of any kind: no letters, words, numbers, logos, brand names, printed labels, barcodes, packaging copy, signage text, watermarks or UI overlays anywhere in the frame. Every tape roll, carton, panel, tool and surface is completely blank and unbranded. No invented lettering, no partial or garbled characters. Avoid: extra fingers, malformed hands, floating objects, duplicated tools, plastic-looking skin, HDR halos, heavy vignette, oversaturation."
Barrier Warning Tape- 4 Colours 75mm x 100m,barrier-warning-tape,barricade-hazard-tapes,2,Trip hazard,"Building & Construction, Marking Safety","yellow and black hazard tape marking off a section of wet polished concrete floor in a warehouse, wet-floor sheen visible; cool overhead lighting. The tape itself is the hero of the image and is shown plain and unbranded. Photorealistic commercial product photography. Full-frame camera, 50mm lens for scene shots and 100mm macro for detail shots, f/4, sharp focus on the point of application with the background falling away softly. Natural colour, realistic material response, true-to-life scale. Hands, where shown, are anatomically correct with five fingers and clean, unmanicured working nails. ABSOLUTELY NO TEXT of any kind: no letters, words, numbers, logos, brand names, printed labels, barcodes, packaging copy, signage text, watermarks or UI overlays anywhere in the frame. Every tape roll, carton, panel, tool and surface is completely blank and unbranded. No invented lettering, no partial or garbled characters. Avoid: extra fingers, malformed hands, floating objects, duplicated tools, plastic-looking skin, HDR halos, heavy vignette, oversaturation."
Barrier Warning Tape- 4 Colours 75mm x 100m,barrier-warning-tape,barricade-hazard-tapes,3,Roll in hand,"Building & Construction, Marking Safety","a site supervisor in hi-vis unrolling barricade tape along a temporary walkway, gloved hands sharp, tape stretching away out of focus; bright daylight. The tape itself is the hero of the image and is shown plain and unbranded. Photorealistic commercial product photography. Full-frame camera, 50mm lens for scene shots and 100mm macro for detail shots, f/4, sharp focus on the point of application with the background falling away softly. Natural colour, realistic material response, true-to-life scale. Hands, where shown, are anatomically correct with five fingers and clean, unmanicured working nails. ABSOLUTELY NO TEXT of any kind: no letters, words, numbers, logos, brand names, printed labels, barcodes, packaging copy, signage text, watermarks or UI overlays anywhere in the frame. Every tape roll, carton, panel, tool and surface is completely blank and unbranded. No invented lettering, no partial or garbled characters. Avoid: extra fingers, malformed hands, floating objects, duplicated tools, plastic-looking skin, HDR halos, heavy vignette, oversaturation."
Plain Foil Tape,plain-foil-tape,aluminium-foil-tapes,1,Duct seam seal,"Aerospace Defense, Airconditioning Refrigeration Tapes","gloved hands burnishing aluminium foil tape along a rectangular duct seam, the foil catching a bright specular highlight; industrial plant room, cool lighting. The tape itself is the hero of the image and is shown plain and unbranded. Photorealistic commercial product photography. Full-frame camera, 50mm lens for scene shots and 100mm macro for detail shots, f/4, sharp focus on the point of application with the background falling away softly. Natural colour, realistic material response, true-to-life scale. Hands, where shown, are anatomically correct with five fingers and clean, unmanicured working nails. ABSOLUTELY NO TEXT of any kind: no letters, words, numbers, logos, brand names, printed labels, barcodes, packaging copy, signage text, watermarks or UI overlays anywhere in the frame. Every tape roll, carton, panel, tool and surface is completely blank and unbranded. No invented lettering, no partial or garbled characters. Avoid: extra fingers, malformed hands, floating objects, duplicated tools, plastic-looking skin, HDR halos, heavy vignette, oversaturation."
Plain Foil Tape,plain-foil-tape,aluminium-foil-tapes,2,Insulation vapour barrier,"Aerospace Defense, Airconditioning Refrigeration Tapes","foil tape sealing the joint between two foil-faced insulation boards in a roof cavity; work light raking across the reflective surface. The tape itself is the hero of the image and is shown plain and unbranded. Photorealistic commercial product photography. Full-frame camera, 50mm lens for scene shots and 100mm macro for detail shots, f/4, sharp focus on the point of application with the background falling away softly. Natural colour, realistic material response, true-to-life scale. Hands, where shown, are anatomically correct with five fingers and clean, unmanicured working nails. ABSOLUTELY NO TEXT of any kind: no letters, words, numbers, logos, brand names, printed labels, barcodes, packaging copy, signage text, watermarks or UI overlays anywhere in the frame. Every tape roll, carton, panel, tool and surface is completely blank and unbranded. No invented lettering, no partial or garbled characters. Avoid: extra fingers, malformed hands, floating objects, duplicated tools, plastic-looking skin, HDR halos, heavy vignette, oversaturation."
Plain Foil Tape,plain-foil-tape,aluminium-foil-tapes,3,Macro foil,"Aerospace Defense, Airconditioning Refrigeration Tapes","an extreme macro of aluminium foil tape being smoothed with a plastic squeegee, fine burnish marks in the foil; dramatic directional lighting. The tape itself is the hero of the image and is shown plain and unbranded. Photorealistic commercial product photography. Full-frame camera, 50mm lens for scene shots and 100mm macro for detail shots, f/4, sharp focus on the point of application with the background falling away softly. Natural colour, realistic material response, true-to-life scale. Hands, where shown, are anatomically correct with five fingers and clean, unmanicured working nails. ABSOLUTELY NO TEXT of any kind: no letters, words, numbers, logos, brand names, printed labels, barcodes, packaging copy, signage text, watermarks or UI overlays anywhere in the frame. Every tape roll, carton, panel, tool and surface is completely blank and unbranded. No invented lettering, no partial or garbled characters. Avoid: extra fingers, malformed hands, floating objects, duplicated tools, plastic-looking skin, HDR halos, heavy vignette, oversaturation."
Premium Polypropylene Tapes – 75m Brown,premium-polypropylene-packaging-tape,packaging-tapes,1,Carton seal,Warehouse Packaging Logistics,"an extreme close-up of clear packaging tape being pressed along the H-seam of a kraft carton, the tape's slight sheen catching the light and the cardboard flute texture visible at the edge; shallow depth of field. The tape itself is the hero of the image and is shown plain and unbranded. Photorealistic commercial product photography. Full-frame camera, 50mm lens for scene shots and 100mm macro for detail shots, f/4, sharp focus on the point of application with the background falling away softly. Natural colour, realistic material response, true-to-life scale. Hands, where shown, are anatomically correct with five fingers and clean, unmanicured working nails. ABSOLUTELY NO TEXT of any kind: no letters, words, numbers, logos, brand names, printed labels, barcodes, packaging copy, signage text, watermarks or UI overlays anywhere in the frame. Every tape roll, carton, panel, tool and surface is completely blank and unbranded. No invented lettering, no partial or garbled characters. Avoid: extra fingers, malformed hands, floating objects, duplicated tools, plastic-looking skin, HDR halos, heavy vignette, oversaturation."
Premium Polypropylene Tapes – 75m Brown,premium-polypropylene-packaging-tape,packaging-tapes,2,Pallet of sealed cartons,Warehouse Packaging Logistics,"a shrink-free pallet stacked with uniformly sealed plain kraft cartons in a clean warehouse aisle, tape lines crisp and parallel across every lid; orange racking receding softly out of focus. The tape itself is the hero of the image and is shown plain and unbranded. Photorealistic commercial product photography. Full-frame camera, 50mm lens for scene shots and 100mm macro for detail shots, f/4, sharp focus on the point of application with the background falling away softly. Natural colour, realistic material response, true-to-life scale. Hands, where shown, are anatomically correct with five fingers and clean, unmanicured working nails. ABSOLUTELY NO TEXT of any kind: no letters, words, numbers, logos, brand names, printed labels, barcodes, packaging copy, signage text, watermarks or UI overlays anywhere in the frame. Every tape roll, carton, panel, tool and surface is completely blank and unbranded. No invented lettering, no partial or garbled characters. Avoid: extra fingers, malformed hands, floating objects, duplicated tools, plastic-looking skin, HDR halos, heavy vignette, oversaturation."
Premium Polypropylene Tapes – 75m Brown,premium-polypropylene-packaging-tape,packaging-tapes,3,E-commerce packing,Warehouse Packaging Logistics,"a small-business owner taping a parcel closed on a timber worktable surrounded by tissue paper and a stack of ready-to-post boxes; soft warm window light, homely studio atmosphere. The tape itself is the hero of the image and is shown plain and unbranded. Photorealistic commercial product photography. Full-frame camera, 50mm lens for scene shots and 100mm macro for detail shots, f/4, sharp focus on the point of application with the background falling away softly. Natural colour, realistic material response, true-to-life scale. Hands, where shown, are anatomically correct with five fingers and clean, unmanicured working nails. ABSOLUTELY NO TEXT of any kind: no letters, words, numbers, logos, brand names, printed labels, barcodes, packaging copy, signage text, watermarks or UI overlays anywhere in the frame. Every tape roll, carton, panel, tool and surface is completely blank and unbranded. No invented lettering, no partial or garbled characters. Avoid: extra fingers, malformed hands, floating objects, duplicated tools, plastic-looking skin, HDR halos, heavy vignette, oversaturation."
Heavy Duty Gaffer Tape,heavy-duty-gaffer-tape,fabric-tape,1,Stage cable run,"Building & Construction, Tapes For School Library","a stage technician taping a run of black cables to a dark venue floor with matte cloth tape, boot and cable coil in frame; moody theatrical lighting, shallow depth of field. The tape itself is the hero of the image and is shown plain and unbranded. Photorealistic commercial product photography. Full-frame camera, 50mm lens for scene shots and 100mm macro for detail shots, f/4, sharp focus on the point of application with the background falling away softly. Natural colour, realistic material response, true-to-life scale. Hands, where shown, are anatomically correct with five fingers and clean, unmanicured working nails. ABSOLUTELY NO TEXT of any kind: no letters, words, numbers, logos, brand names, printed labels, barcodes, packaging copy, signage text, watermarks or UI overlays anywhere in the frame. Every tape roll, carton, panel, tool and surface is completely blank and unbranded. No invented lettering, no partial or garbled characters. Avoid: extra fingers, malformed hands, floating objects, duplicated tools, plastic-looking skin, HDR halos, heavy vignette, oversaturation."
Heavy Duty Gaffer Tape,heavy-duty-gaffer-tape,fabric-tape,2,Carpet edge,"Building & Construction, Tapes For School Library","hands pressing cloth tape along the trimmed edge of a carpet run in an office fit-out, underlay visible; bright even daylight. The tape itself is the hero of the image and is shown plain and unbranded. Photorealistic commercial product photography. Full-frame camera, 50mm lens for scene shots and 100mm macro for detail shots, f/4, sharp focus on the point of application with the background falling away softly. Natural colour, realistic material response, true-to-life scale. Hands, where shown, are anatomically correct with five fingers and clean, unmanicured working nails. ABSOLUTELY NO TEXT of any kind: no letters, words, numbers, logos, brand names, printed labels, barcodes, packaging copy, signage text, watermarks or UI overlays anywhere in the frame. Every tape roll, carton, panel, tool and surface is completely blank and unbranded. No invented lettering, no partial or garbled characters. Avoid: extra fingers, malformed hands, floating objects, duplicated tools, plastic-looking skin, HDR halos, heavy vignette, oversaturation."
Heavy Duty Gaffer Tape,heavy-duty-gaffer-tape,fabric-tape,3,Roll close-up,"Building & Construction, Tapes For School Library","an extreme close-up of matte black cloth tape being torn by hand, the woven fibre edge visible in the tear; dramatic raking light, dark background. The tape itself is the hero of the image and is shown plain and unbranded. Photorealistic commercial product photography. Full-frame camera, 50mm lens for scene shots and 100mm macro for detail shots, f/4, sharp focus on the point of application with the background falling away softly. Natural colour, realistic material response, true-to-life scale. Hands, where shown, are anatomically correct with five fingers and clean, unmanicured working nails. ABSOLUTELY NO TEXT of any kind: no letters, words, numbers, logos, brand names, printed labels, barcodes, packaging copy, signage text, watermarks or UI overlays anywhere in the frame. Every tape roll, carton, panel, tool and surface is completely blank and unbranded. No invented lettering, no partial or garbled characters. Avoid: extra fingers, malformed hands, floating objects, duplicated tools, plastic-looking skin, HDR halos, heavy vignette, oversaturation."
Felt Tape,felt-tapes-permanent-adhesive,felt-tapes-dots,1,Chair leg,"Building & Construction, Joinery Kitchen Furniture","self-adhesive felt pads being pressed onto the base of a timber dining chair leg, hardwood floor below; warm domestic light, grain detail sharp. The tape itself is the hero of the image and is shown plain and unbranded. Photorealistic commercial product photography. Full-frame camera, 50mm lens for scene shots and 100mm macro for detail shots, f/4, sharp focus on the point of application with the background falling away softly. Natural colour, realistic material response, true-to-life scale. Hands, where shown, are anatomically correct with five fingers and clean, unmanicured working nails. ABSOLUTELY NO TEXT of any kind: no letters, words, numbers, logos, brand names, printed labels, barcodes, packaging copy, signage text, watermarks or UI overlays anywhere in the frame. Every tape roll, carton, panel, tool and surface is completely blank and unbranded. No invented lettering, no partial or garbled characters. Avoid: extra fingers, malformed hands, floating objects, duplicated tools, plastic-looking skin, HDR halos, heavy vignette, oversaturation."
Felt Tape,felt-tapes-permanent-adhesive,felt-tapes-dots,2,Drawer runner,"Building & Construction, Joinery Kitchen Furniture","felt tape applied along a timber drawer runner in a cabinetmaking workshop to silence the slide; warm task lighting. The tape itself is the hero of the image and is shown plain and unbranded. Photorealistic commercial product photography. Full-frame camera, 50mm lens for scene shots and 100mm macro for detail shots, f/4, sharp focus on the point of application with the background falling away softly. Natural colour, realistic material response, true-to-life scale. Hands, where shown, are anatomically correct with five fingers and clean, unmanicured working nails. ABSOLUTELY NO TEXT of any kind: no letters, words, numbers, logos, brand names, printed labels, barcodes, packaging copy, signage text, watermarks or UI overlays anywhere in the frame. Every tape roll, carton, panel, tool and surface is completely blank and unbranded. No invented lettering, no partial or garbled characters. Avoid: extra fingers, malformed hands, floating objects, duplicated tools, plastic-looking skin, HDR halos, heavy vignette, oversaturation."
Felt Tape,felt-tapes-permanent-adhesive,felt-tapes-dots,3,Furniture base,"Building & Construction, Joinery Kitchen Furniture","felt dots on the underside of a ceramic lamp base resting on a polished sideboard; soft interior light, protective intent clear. The tape itself is the hero of the image and is shown plain and unbranded. Photorealistic commercial product photography. Full-frame camera, 50mm lens for scene shots and 100mm macro for detail shots, f/4, sharp focus on the point of application with the background falling away softly. Natural colour, realistic material response, true-to-life scale. Hands, where shown, are anatomically correct with five fingers and clean, unmanicured working nails. ABSOLUTELY NO TEXT of any kind: no letters, words, numbers, logos, brand names, printed labels, barcodes, packaging copy, signage text, watermarks or UI overlays anywhere in the frame. Every tape roll, carton, panel, tool and surface is completely blank and unbranded. No invented lettering, no partial or garbled characters. Avoid: extra fingers, malformed hands, floating objects, duplicated tools, plastic-looking skin, HDR halos, heavy vignette, oversaturation."
Strapping Tape-Black 18mm x 66m,black-strapping-tape,strapping-tapes,1,Bundling,,"hands strapping a bundle of timber lengths together with filament strapping tape in a hardware yard; bright outdoor daylight. The tape itself is the hero of the image and is shown plain and unbranded. Photorealistic commercial product photography. Full-frame camera, 50mm lens for scene shots and 100mm macro for detail shots, f/4, sharp focus on the point of application with the background falling away softly. Natural colour, realistic material response, true-to-life scale. Hands, where shown, are anatomically correct with five fingers and clean, unmanicured working nails. ABSOLUTELY NO TEXT of any kind: no letters, words, numbers, logos, brand names, printed labels, barcodes, packaging copy, signage text, watermarks or UI overlays anywhere in the frame. Every tape roll, carton, panel, tool and surface is completely blank and unbranded. No invented lettering, no partial or garbled characters. Avoid: extra fingers, malformed hands, floating objects, duplicated tools, plastic-looking skin, HDR halos, heavy vignette, oversaturation."
Strapping Tape-Black 18mm x 66m,black-strapping-tape,strapping-tapes,2,Pallet reinforcement,,"strapping tape wrapped around the top layer of a stacked pallet load to stabilise it; warehouse aisle, cool overhead light. The tape itself is the hero of the image and is shown plain and unbranded. Photorealistic commercial product photography. Full-frame camera, 50mm lens for scene shots and 100mm macro for detail shots, f/4, sharp focus on the point of application with the background falling away softly. Natural colour, realistic material response, true-to-life scale. Hands, where shown, are anatomically correct with five fingers and clean, unmanicured working nails. ABSOLUTELY NO TEXT of any kind: no letters, words, numbers, logos, brand names, printed labels, barcodes, packaging copy, signage text, watermarks or UI overlays anywhere in the frame. Every tape roll, carton, panel, tool and surface is completely blank and unbranded. No invented lettering, no partial or garbled characters. Avoid: extra fingers, malformed hands, floating objects, duplicated tools, plastic-looking skin, HDR halos, heavy vignette, oversaturation."
Strapping Tape-Black 18mm x 66m,black-strapping-tape,strapping-tapes,3,Tensioned close-up,,"an extreme close-up of strapping tape pulled taut over a carton edge, the reinforcing filaments clearly visible under tension; hard directional light. The tape itself is the hero of the image and is shown plain and unbranded. Photorealistic commercial product photography. Full-frame camera, 50mm lens for scene shots and 100mm macro for detail shots, f/4, sharp focus on the point of application with the background falling away softly. Natural colour, realistic material response, true-to-life scale. Hands, where shown, are anatomically correct with five fingers and clean, unmanicured working nails. ABSOLUTELY NO TEXT of any kind: no letters, words, numbers, logos, brand names, printed labels, barcodes, packaging copy, signage text, watermarks or UI overlays anywhere in the frame. Every tape roll, carton, panel, tool and surface is completely blank and unbranded. No invented lettering, no partial or garbled characters. Avoid: extra fingers, malformed hands, floating objects, duplicated tools, plastic-looking skin, HDR halos, heavy vignette, oversaturation."
Utility Grade Filament Tape,utility-grade-filament-tapes,filament-tapes,1,Heavy carton,Warehouse Packaging Logistics,"filament tape reinforcing the seam of a heavy double-wall carton on a dispatch bench, glass fibres visible in the tape; bright industrial lighting. The tape itself is the hero of the image and is shown plain and unbranded. Photorealistic commercial product photography. Full-frame camera, 50mm lens for scene shots and 100mm macro for detail shots, f/4, sharp focus on the point of application with the background falling away softly. Natural colour, realistic material response, true-to-life scale. Hands, where shown, are anatomically correct with five fingers and clean, unmanicured working nails. ABSOLUTELY NO TEXT of any kind: no letters, words, numbers, logos, brand names, printed labels, barcodes, packaging copy, signage text, watermarks or UI overlays anywhere in the frame. Every tape roll, carton, panel, tool and surface is completely blank and unbranded. No invented lettering, no partial or garbled characters. Avoid: extra fingers, malformed hands, floating objects, duplicated tools, plastic-looking skin, HDR halos, heavy vignette, oversaturation."
Utility Grade Filament Tape,utility-grade-filament-tapes,filament-tapes,2,Pipe bundle,Warehouse Packaging Logistics,"hands bundling lengths of PVC pipe with filament tape in a trade supplier's yard; bright daylight, long depth of field. The tape itself is the hero of the image and is shown plain and unbranded. Photorealistic commercial product photography. Full-frame camera, 50mm lens for scene shots and 100mm macro for detail shots, f/4, sharp focus on the point of application with the background falling away softly. Natural colour, realistic material response, true-to-life scale. Hands, where shown, are anatomically correct with five fingers and clean, unmanicured working nails. ABSOLUTELY NO TEXT of any kind: no letters, words, numbers, logos, brand names, printed labels, barcodes, packaging copy, signage text, watermarks or UI overlays anywhere in the frame. Every tape roll, carton, panel, tool and surface is completely blank and unbranded. No invented lettering, no partial or garbled characters. Avoid: extra fingers, malformed hands, floating objects, duplicated tools, plastic-looking skin, HDR halos, heavy vignette, oversaturation."
Utility Grade Filament Tape,utility-grade-filament-tapes,filament-tapes,3,Fibre macro,Warehouse Packaging Logistics,"an extreme macro of filament tape stretched across a corner, individual glass filaments catching the light; dark background, dramatic lighting. The tape itself is the hero of the image and is shown plain and unbranded. Photorealistic commercial product photography. Full-frame camera, 50mm lens for scene shots and 100mm macro for detail shots, f/4, sharp focus on the point of application with the background falling away softly. Natural colour, realistic material response, true-to-life scale. Hands, where shown, are anatomically correct with five fingers and clean, unmanicured working nails. ABSOLUTELY NO TEXT of any kind: no letters, words, numbers, logos, brand names, printed labels, barcodes, packaging copy, signage text, watermarks or UI overlays anywhere in the frame. Every tape roll, carton, panel, tool and surface is completely blank and unbranded. No invented lettering, no partial or garbled characters. Avoid: extra fingers, malformed hands, floating objects, duplicated tools, plastic-looking skin, HDR halos, heavy vignette, oversaturation."
Structural Glazing Tape – High Density Closed Cell,structural-glazing-tape,foam-tape-double-sided,1,Mirror mounting,"Building & Construction, Glass & Glazing","hands pressing a frameless bathroom mirror onto a tiled wall, evenly spaced strips of white double-sided foam tape on the mirror's back edge just visible; soft diffused bathroom light, tile grout lines crisp. The tape itself is the hero of the image and is shown plain and unbranded. Photorealistic commercial product photography. Full-frame camera, 50mm lens for scene shots and 100mm macro for detail shots, f/4, sharp focus on the point of application with the background falling away softly. Natural colour, realistic material response, true-to-life scale. Hands, where shown, are anatomically correct with five fingers and clean, unmanicured working nails. ABSOLUTELY NO TEXT of any kind: no letters, words, numbers, logos, brand names, printed labels, barcodes, packaging copy, signage text, watermarks or UI overlays anywhere in the frame. Every tape roll, carton, panel, tool and surface is completely blank and unbranded. No invented lettering, no partial or garbled characters. Avoid: extra fingers, malformed hands, floating objects, duplicated tools, plastic-looking skin, HDR halos, heavy vignette, oversaturation."
Structural Glazing Tape – High Density Closed Cell,structural-glazing-tape,foam-tape-double-sided,2,Sign mounting,"Building & Construction, Glass & Glazing","a signwriter aligning a blank brushed-aluminium plaque onto a painted reception wall, foam tape strips on the reverse; shallow depth of field, soft architectural lighting. The tape itself is the hero of the image and is shown plain and unbranded. Photorealistic commercial product photography. Full-frame camera, 50mm lens for scene shots and 100mm macro for detail shots, f/4, sharp focus on the point of application with the background falling away softly. Natural colour, realistic material response, true-to-life scale. Hands, where shown, are anatomically correct with five fingers and clean, unmanicured working nails. ABSOLUTELY NO TEXT of any kind: no letters, words, numbers, logos, brand names, printed labels, barcodes, packaging copy, signage text, watermarks or UI overlays anywhere in the frame. Every tape roll, carton, panel, tool and surface is completely blank and unbranded. No invented lettering, no partial or garbled characters. Avoid: extra fingers, malformed hands, floating objects, duplicated tools, plastic-looking skin, HDR halos, heavy vignette, oversaturation."
Structural Glazing Tape – High Density Closed Cell,structural-glazing-tape,foam-tape-double-sided,3,Window seal,"Building & Construction, Glass & Glazing","a close-up of grey foam tape being pressed into the rebate of an aluminium window frame on a construction site, weather seal continuous around the corner; bright overcast daylight. The tape itself is the hero of the image and is shown plain and unbranded. Photorealistic commercial product photography. Full-frame camera, 50mm lens for scene shots and 100mm macro for detail shots, f/4, sharp focus on the point of application with the background falling away softly. Natural colour, realistic material response, true-to-life scale. Hands, where shown, are anatomically correct with five fingers and clean, unmanicured working nails. ABSOLUTELY NO TEXT of any kind: no letters, words, numbers, logos, brand names, printed labels, barcodes, packaging copy, signage text, watermarks or UI overlays anywhere in the frame. Every tape roll, carton, panel, tool and surface is completely blank and unbranded. No invented lettering, no partial or garbled characters. Avoid: extra fingers, malformed hands, floating objects, duplicated tools, plastic-looking skin, HDR halos, heavy vignette, oversaturation."
Premium Strapping Tape in 5 Sizes x 66m,premium-strapping-tapes,strapping-tapes,1,Bundling,,"hands strapping a bundle of timber lengths together with filament strapping tape in a hardware yard; bright outdoor daylight. The tape itself is the hero of the image and is shown plain and unbranded. Photorealistic commercial product photography. Full-frame camera, 50mm lens for scene shots and 100mm macro for detail shots, f/4, sharp focus on the point of application with the background falling away softly. Natural colour, realistic material response, true-to-life scale. Hands, where shown, are anatomically correct with five fingers and clean, unmanicured working nails. ABSOLUTELY NO TEXT of any kind: no letters, words, numbers, logos, brand names, printed labels, barcodes, packaging copy, signage text, watermarks or UI overlays anywhere in the frame. Every tape roll, carton, panel, tool and surface is completely blank and unbranded. No invented lettering, no partial or garbled characters. Avoid: extra fingers, malformed hands, floating objects, duplicated tools, plastic-looking skin, HDR halos, heavy vignette, oversaturation."
Premium Strapping Tape in 5 Sizes x 66m,premium-strapping-tapes,strapping-tapes,2,Pallet reinforcement,,"strapping tape wrapped around the top layer of a stacked pallet load to stabilise it; warehouse aisle, cool overhead light. The tape itself is the hero of the image and is shown plain and unbranded. Photorealistic commercial product photography. Full-frame camera, 50mm lens for scene shots and 100mm macro for detail shots, f/4, sharp focus on the point of application with the background falling away softly. Natural colour, realistic material response, true-to-life scale. Hands, where shown, are anatomically correct with five fingers and clean, unmanicured working nails. ABSOLUTELY NO TEXT of any kind: no letters, words, numbers, logos, brand names, printed labels, barcodes, packaging copy, signage text, watermarks or UI overlays anywhere in the frame. Every tape roll, carton, panel, tool and surface is completely blank and unbranded. No invented lettering, no partial or garbled characters. Avoid: extra fingers, malformed hands, floating objects, duplicated tools, plastic-looking skin, HDR halos, heavy vignette, oversaturation."
Premium Strapping Tape in 5 Sizes x 66m,premium-strapping-tapes,strapping-tapes,3,Tensioned close-up,,"an extreme close-up of strapping tape pulled taut over a carton edge, the reinforcing filaments clearly visible under tension; hard directional light. The tape itself is the hero of the image and is shown plain and unbranded. Photorealistic commercial product photography. Full-frame camera, 50mm lens for scene shots and 100mm macro for detail shots, f/4, sharp focus on the point of application with the background falling away softly. Natural colour, realistic material response, true-to-life scale. Hands, where shown, are anatomically correct with five fingers and clean, unmanicured working nails. ABSOLUTELY NO TEXT of any kind: no letters, words, numbers, logos, brand names, printed labels, barcodes, packaging copy, signage text, watermarks or UI overlays anywhere in the frame. Every tape roll, carton, panel, tool and surface is completely blank and unbranded. No invented lettering, no partial or garbled characters. Avoid: extra fingers, malformed hands, floating objects, duplicated tools, plastic-looking skin, HDR halos, heavy vignette, oversaturation."
Cross Weave Filament Tape | 2-Way/Bi-Directional,cross-weave-filament-tapes,filament-tapes,1,Heavy carton,Warehouse Packaging Logistics,"filament tape reinforcing the seam of a heavy double-wall carton on a dispatch bench, glass fibres visible in the tape; bright industrial lighting. The tape itself is the hero of the image and is shown plain and unbranded. Photorealistic commercial product photography. Full-frame camera, 50mm lens for scene shots and 100mm macro for detail shots, f/4, sharp focus on the point of application with the background falling away softly. Natural colour, realistic material response, true-to-life scale. Hands, where shown, are anatomically correct with five fingers and clean, unmanicured working nails. ABSOLUTELY NO TEXT of any kind: no letters, words, numbers, logos, brand names, printed labels, barcodes, packaging copy, signage text, watermarks or UI overlays anywhere in the frame. Every tape roll, carton, panel, tool and surface is completely blank and unbranded. No invented lettering, no partial or garbled characters. Avoid: extra fingers, malformed hands, floating objects, duplicated tools, plastic-looking skin, HDR halos, heavy vignette, oversaturation."
Cross Weave Filament Tape | 2-Way/Bi-Directional,cross-weave-filament-tapes,filament-tapes,2,Pipe bundle,Warehouse Packaging Logistics,"hands bundling lengths of PVC pipe with filament tape in a trade supplier's yard; bright daylight, long depth of field. The tape itself is the hero of the image and is shown plain and unbranded. Photorealistic commercial product photography. Full-frame camera, 50mm lens for scene shots and 100mm macro for detail shots, f/4, sharp focus on the point of application with the background falling away softly. Natural colour, realistic material response, true-to-life scale. Hands, where shown, are anatomically correct with five fingers and clean, unmanicured working nails. ABSOLUTELY NO TEXT of any kind: no letters, words, numbers, logos, brand names, printed labels, barcodes, packaging copy, signage text, watermarks or UI overlays anywhere in the frame. Every tape roll, carton, panel, tool and surface is completely blank and unbranded. No invented lettering, no partial or garbled characters. Avoid: extra fingers, malformed hands, floating objects, duplicated tools, plastic-looking skin, HDR halos, heavy vignette, oversaturation."
Cross Weave Filament Tape | 2-Way/Bi-Directional,cross-weave-filament-tapes,filament-tapes,3,Fibre macro,Warehouse Packaging Logistics,"an extreme macro of filament tape stretched across a corner, individual glass filaments catching the light; dark background, dramatic lighting. The tape itself is the hero of the image and is shown plain and unbranded. Photorealistic commercial product photography. Full-frame camera, 50mm lens for scene shots and 100mm macro for detail shots, f/4, sharp focus on the point of application with the background falling away softly. Natural colour, realistic material response, true-to-life scale. Hands, where shown, are anatomically correct with five fingers and clean, unmanicured working nails. ABSOLUTELY NO TEXT of any kind: no letters, words, numbers, logos, brand names, printed labels, barcodes, packaging copy, signage text, watermarks or UI overlays anywhere in the frame. Every tape roll, carton, panel, tool and surface is completely blank and unbranded. No invented lettering, no partial or garbled characters. Avoid: extra fingers, malformed hands, floating objects, duplicated tools, plastic-looking skin, HDR halos, heavy vignette, oversaturation."
KIT -Dispenser and Tapes,kit-dispenser-and-tapes,tapes-dispensers,1,Packing bench,,"a warehouse worker's hands running a handheld tape gun along the centre seam of a plain kraft carton on a stainless packing bench; stacks of flattened boxes and a label printer softly blurred behind, bright industrial daylight. The tape itself is the hero of the image and is shown plain and unbranded. Photorealistic commercial product photography. Full-frame camera, 50mm lens for scene shots and 100mm macro for detail shots, f/4, sharp focus on the point of application with the background falling away softly. Natural colour, realistic material response, true-to-life scale. Hands, where shown, are anatomically correct with five fingers and clean, unmanicured working nails. ABSOLUTELY NO TEXT of any kind: no letters, words, numbers, logos, brand names, printed labels, barcodes, packaging copy, signage text, watermarks or UI overlays anywhere in the frame. Every tape roll, carton, panel, tool and surface is completely blank and unbranded. No invented lettering, no partial or garbled characters. Avoid: extra fingers, malformed hands, floating objects, duplicated tools, plastic-looking skin, HDR halos, heavy vignette, oversaturation."
KIT -Dispenser and Tapes,kit-dispenser-and-tapes,tapes-dispensers,2,Benchtop station,,"a benchtop tape dispenser with a weighted base on a workshop bench, a hand drawing a length of clear tape across the cutting blade; hand tools and a steel rule arranged nearby, warm workshop lighting from a window. The tape itself is the hero of the image and is shown plain and unbranded. Photorealistic commercial product photography. Full-frame camera, 50mm lens for scene shots and 100mm macro for detail shots, f/4, sharp focus on the point of application with the background falling away softly. Natural colour, realistic material response, true-to-life scale. Hands, where shown, are anatomically correct with five fingers and clean, unmanicured working nails. ABSOLUTELY NO TEXT of any kind: no letters, words, numbers, logos, brand names, printed labels, barcodes, packaging copy, signage text, watermarks or UI overlays anywhere in the frame. Every tape roll, carton, panel, tool and surface is completely blank and unbranded. No invented lettering, no partial or garbled characters. Avoid: extra fingers, malformed hands, floating objects, duplicated tools, plastic-looking skin, HDR halos, heavy vignette, oversaturation."
KIT -Dispenser and Tapes,kit-dispenser-and-tapes,tapes-dispensers,3,Dispatch line,,"an over-the-shoulder view of a dispatch operator sealing the last of a row of identical kraft cartons along a roller conveyor, tape gun mid-stroke; long depth of field down the line, cool warehouse lighting. The tape itself is the hero of the image and is shown plain and unbranded. Photorealistic commercial product photography. Full-frame camera, 50mm lens for scene shots and 100mm macro for detail shots, f/4, sharp focus on the point of application with the background falling away softly. Natural colour, realistic material response, true-to-life scale. Hands, where shown, are anatomically correct with five fingers and clean, unmanicured working nails. ABSOLUTELY NO TEXT of any kind: no letters, words, numbers, logos, brand names, printed labels, barcodes, packaging copy, signage text, watermarks or UI overlays anywhere in the frame. Every tape roll, carton, panel, tool and surface is completely blank and unbranded. No invented lettering, no partial or garbled characters. Avoid: extra fingers, malformed hands, floating objects, duplicated tools, plastic-looking skin, HDR halos, heavy vignette, oversaturation."
FrogTape – Delicate Surface Tape,frog-tapes-delicate-surface,masking-tape,1,Wall cut-in,"Display Signage, Joinery Kitchen Furniture","a painter's hand pulling a strip of masking tape along the junction of a wall and white skirting board, roller tray and brush blurred on a drop sheet below; bright interior daylight. The tape itself is the hero of the image and is shown plain and unbranded. Photorealistic commercial product photography. Full-frame camera, 50mm lens for scene shots and 100mm macro for detail shots, f/4, sharp focus on the point of application with the background falling away softly. Natural colour, realistic material response, true-to-life scale. Hands, where shown, are anatomically correct with five fingers and clean, unmanicured working nails. ABSOLUTELY NO TEXT of any kind: no letters, words, numbers, logos, brand names, printed labels, barcodes, packaging copy, signage text, watermarks or UI overlays anywhere in the frame. Every tape roll, carton, panel, tool and surface is completely blank and unbranded. No invented lettering, no partial or garbled characters. Avoid: extra fingers, malformed hands, floating objects, duplicated tools, plastic-looking skin, HDR halos, heavy vignette, oversaturation."
FrogTape – Delicate Surface Tape,frog-tapes-delicate-surface,masking-tape,2,Automotive spray,"Display Signage, Joinery Kitchen Furniture","a spray booth technician masking a car panel with tape and paper before painting, crisp tape edge along the panel gap; even booth lighting, matte primer surface. The tape itself is the hero of the image and is shown plain and unbranded. Photorealistic commercial product photography. Full-frame camera, 50mm lens for scene shots and 100mm macro for detail shots, f/4, sharp focus on the point of application with the background falling away softly. Natural colour, realistic material response, true-to-life scale. Hands, where shown, are anatomically correct with five fingers and clean, unmanicured working nails. ABSOLUTELY NO TEXT of any kind: no letters, words, numbers, logos, brand names, printed labels, barcodes, packaging copy, signage text, watermarks or UI overlays anywhere in the frame. Every tape roll, carton, panel, tool and surface is completely blank and unbranded. No invented lettering, no partial or garbled characters. Avoid: extra fingers, malformed hands, floating objects, duplicated tools, plastic-looking skin, HDR halos, heavy vignette, oversaturation."
FrogTape – Delicate Surface Tape,frog-tapes-delicate-surface,masking-tape,3,Clean paint line,"Display Signage, Joinery Kitchen Furniture","an extreme close-up of tape being peeled back to reveal a perfectly sharp paint line between two wall colours; shallow depth of field, soft natural light. The tape itself is the hero of the image and is shown plain and unbranded. Photorealistic commercial product photography. Full-frame camera, 50mm lens for scene shots and 100mm macro for detail shots, f/4, sharp focus on the point of application with the background falling away softly. Natural colour, realistic material response, true-to-life scale. Hands, where shown, are anatomically correct with five fingers and clean, unmanicured working nails. ABSOLUTELY NO TEXT of any kind: no letters, words, numbers, logos, brand names, printed labels, barcodes, packaging copy, signage text, watermarks or UI overlays anywhere in the frame. Every tape roll, carton, panel, tool and surface is completely blank and unbranded. No invented lettering, no partial or garbled characters. Avoid: extra fingers, malformed hands, floating objects, duplicated tools, plastic-looking skin, HDR halos, heavy vignette, oversaturation."
FrogTape – Multi-Surface Masking Tape,frog-tapes-multi-surface,masking-tape,1,Wall cut-in,"Display Signage, Joinery Kitchen Furniture","a painter's hand pulling a strip of masking tape along the junction of a wall and white skirting board, roller tray and brush blurred on a drop sheet below; bright interior daylight. The tape itself is the hero of the image and is shown plain and unbranded. Photorealistic commercial product photography. Full-frame camera, 50mm lens for scene shots and 100mm macro for detail shots, f/4, sharp focus on the point of application with the background falling away softly. Natural colour, realistic material response, true-to-life scale. Hands, where shown, are anatomically correct with five fingers and clean, unmanicured working nails. ABSOLUTELY NO TEXT of any kind: no letters, words, numbers, logos, brand names, printed labels, barcodes, packaging copy, signage text, watermarks or UI overlays anywhere in the frame. Every tape roll, carton, panel, tool and surface is completely blank and unbranded. No invented lettering, no partial or garbled characters. Avoid: extra fingers, malformed hands, floating objects, duplicated tools, plastic-looking skin, HDR halos, heavy vignette, oversaturation."
FrogTape – Multi-Surface Masking Tape,frog-tapes-multi-surface,masking-tape,2,Automotive spray,"Display Signage, Joinery Kitchen Furniture","a spray booth technician masking a car panel with tape and paper before painting, crisp tape edge along the panel gap; even booth lighting, matte primer surface. The tape itself is the hero of the image and is shown plain and unbranded. Photorealistic commercial product photography. Full-frame camera, 50mm lens for scene shots and 100mm macro for detail shots, f/4, sharp focus on the point of application with the background falling away softly. Natural colour, realistic material response, true-to-life scale. Hands, where shown, are anatomically correct with five fingers and clean, unmanicured working nails. ABSOLUTELY NO TEXT of any kind: no letters, words, numbers, logos, brand names, printed labels, barcodes, packaging copy, signage text, watermarks or UI overlays anywhere in the frame. Every tape roll, carton, panel, tool and surface is completely blank and unbranded. No invented lettering, no partial or garbled characters. Avoid: extra fingers, malformed hands, floating objects, duplicated tools, plastic-looking skin, HDR halos, heavy vignette, oversaturation."
FrogTape – Multi-Surface Masking Tape,frog-tapes-multi-surface,masking-tape,3,Clean paint line,"Display Signage, Joinery Kitchen Furniture","an extreme close-up of tape being peeled back to reveal a perfectly sharp paint line between two wall colours; shallow depth of field, soft natural light. The tape itself is the hero of the image and is shown plain and unbranded. Photorealistic commercial product photography. Full-frame camera, 50mm lens for scene shots and 100mm macro for detail shots, f/4, sharp focus on the point of application with the background falling away softly. Natural colour, realistic material response, true-to-life scale. Hands, where shown, are anatomically correct with five fingers and clean, unmanicured working nails. ABSOLUTELY NO TEXT of any kind: no letters, words, numbers, logos, brand names, printed labels, barcodes, packaging copy, signage text, watermarks or UI overlays anywhere in the frame. Every tape roll, carton, panel, tool and surface is completely blank and unbranded. No invented lettering, no partial or garbled characters. Avoid: extra fingers, malformed hands, floating objects, duplicated tools, plastic-looking skin, HDR halos, heavy vignette, oversaturation."
Coloured Polypropylene Packing Tape – 48mm x 100m,coloured-polypropylene-packaging-tapes,packaging-tapes,1,Carton seal,Warehouse Packaging Logistics,"an extreme close-up of clear packaging tape being pressed along the H-seam of a kraft carton, the tape's slight sheen catching the light and the cardboard flute texture visible at the edge; shallow depth of field. The tape itself is the hero of the image and is shown plain and unbranded. Photorealistic commercial product photography. Full-frame camera, 50mm lens for scene shots and 100mm macro for detail shots, f/4, sharp focus on the point of application with the background falling away softly. Natural colour, realistic material response, true-to-life scale. Hands, where shown, are anatomically correct with five fingers and clean, unmanicured working nails. ABSOLUTELY NO TEXT of any kind: no letters, words, numbers, logos, brand names, printed labels, barcodes, packaging copy, signage text, watermarks or UI overlays anywhere in the frame. Every tape roll, carton, panel, tool and surface is completely blank and unbranded. No invented lettering, no partial or garbled characters. Avoid: extra fingers, malformed hands, floating objects, duplicated tools, plastic-looking skin, HDR halos, heavy vignette, oversaturation."
Coloured Polypropylene Packing Tape – 48mm x 100m,coloured-polypropylene-packaging-tapes,packaging-tapes,2,Pallet of sealed cartons,Warehouse Packaging Logistics,"a shrink-free pallet stacked with uniformly sealed plain kraft cartons in a clean warehouse aisle, tape lines crisp and parallel across every lid; orange racking receding softly out of focus. The tape itself is the hero of the image and is shown plain and unbranded. Photorealistic commercial product photography. Full-frame camera, 50mm lens for scene shots and 100mm macro for detail shots, f/4, sharp focus on the point of application with the background falling away softly. Natural colour, realistic material response, true-to-life scale. Hands, where shown, are anatomically correct with five fingers and clean, unmanicured working nails. ABSOLUTELY NO TEXT of any kind: no letters, words, numbers, logos, brand names, printed labels, barcodes, packaging copy, signage text, watermarks or UI overlays anywhere in the frame. Every tape roll, carton, panel, tool and surface is completely blank and unbranded. No invented lettering, no partial or garbled characters. Avoid: extra fingers, malformed hands, floating objects, duplicated tools, plastic-looking skin, HDR halos, heavy vignette, oversaturation."
Coloured Polypropylene Packing Tape – 48mm x 100m,coloured-polypropylene-packaging-tapes,packaging-tapes,3,E-commerce packing,Warehouse Packaging Logistics,"a small-business owner taping a parcel closed on a timber worktable surrounded by tissue paper and a stack of ready-to-post boxes; soft warm window light, homely studio atmosphere. The tape itself is the hero of the image and is shown plain and unbranded. Photorealistic commercial product photography. Full-frame camera, 50mm lens for scene shots and 100mm macro for detail shots, f/4, sharp focus on the point of application with the background falling away softly. Natural colour, realistic material response, true-to-life scale. Hands, where shown, are anatomically correct with five fingers and clean, unmanicured working nails. ABSOLUTELY NO TEXT of any kind: no letters, words, numbers, logos, brand names, printed labels, barcodes, packaging copy, signage text, watermarks or UI overlays anywhere in the frame. Every tape roll, carton, panel, tool and surface is completely blank and unbranded. No invented lettering, no partial or garbled characters. Avoid: extra fingers, malformed hands, floating objects, duplicated tools, plastic-looking skin, HDR halos, heavy vignette, oversaturation."
Glue Dots Removable Adhesive (5000 Dots),glue-dots-removable-adhesive,glue-dots,1,Direct mail,,"hands attaching a plain card to a folded leaflet with a clear adhesive dot at a mailing bench, stacks of prepared items either side; even bright light. The tape itself is the hero of the image and is shown plain and unbranded. Photorealistic commercial product photography. Full-frame camera, 50mm lens for scene shots and 100mm macro for detail shots, f/4, sharp focus on the point of application with the background falling away softly. Natural colour, realistic material response, true-to-life scale. Hands, where shown, are anatomically correct with five fingers and clean, unmanicured working nails. ABSOLUTELY NO TEXT of any kind: no letters, words, numbers, logos, brand names, printed labels, barcodes, packaging copy, signage text, watermarks or UI overlays anywhere in the frame. Every tape roll, carton, panel, tool and surface is completely blank and unbranded. No invented lettering, no partial or garbled characters. Avoid: extra fingers, malformed hands, floating objects, duplicated tools, plastic-looking skin, HDR halos, heavy vignette, oversaturation."
Glue Dots Removable Adhesive (5000 Dots),glue-dots-removable-adhesive,glue-dots,2,Retail POS,,"a clear adhesive dot holding a small unbranded sample sachet to a plain shelf card in a retail aisle; shallow depth of field, warm store lighting. The tape itself is the hero of the image and is shown plain and unbranded. Photorealistic commercial product photography. Full-frame camera, 50mm lens for scene shots and 100mm macro for detail shots, f/4, sharp focus on the point of application with the background falling away softly. Natural colour, realistic material response, true-to-life scale. Hands, where shown, are anatomically correct with five fingers and clean, unmanicured working nails. ABSOLUTELY NO TEXT of any kind: no letters, words, numbers, logos, brand names, printed labels, barcodes, packaging copy, signage text, watermarks or UI overlays anywhere in the frame. Every tape roll, carton, panel, tool and surface is completely blank and unbranded. No invented lettering, no partial or garbled characters. Avoid: extra fingers, malformed hands, floating objects, duplicated tools, plastic-looking skin, HDR halos, heavy vignette, oversaturation."
Glue Dots Removable Adhesive (5000 Dots),glue-dots-removable-adhesive,glue-dots,3,Craft bench,,"a maker pressing a small embellishment onto a card blank with an adhesive dot, craft tools and paper scraps around; warm window light, cosy atmosphere. The tape itself is the hero of the image and is shown plain and unbranded. Photorealistic commercial product photography. Full-frame camera, 50mm lens for scene shots and 100mm macro for detail shots, f/4, sharp focus on the point of application with the background falling away softly. Natural colour, realistic material response, true-to-life scale. Hands, where shown, are anatomically correct with five fingers and clean, unmanicured working nails. ABSOLUTELY NO TEXT of any kind: no letters, words, numbers, logos, brand names, printed labels, barcodes, packaging copy, signage text, watermarks or UI overlays anywhere in the frame. Every tape roll, carton, panel, tool and surface is completely blank and unbranded. No invented lettering, no partial or garbled characters. Avoid: extra fingers, malformed hands, floating objects, duplicated tools, plastic-looking skin, HDR halos, heavy vignette, oversaturation."
HH400R Hang Tab – 60mm x 50mm (1000 tabs),hh400r-hang-tab,hang-tab,1,Retail peg display,,"a clean retail shelf with plain clear-plastic hang tabs suspending unbranded blister-packed products from a pegboard hook rail; bright even store lighting, shallow depth of field down the row. The tape itself is the hero of the image and is shown plain and unbranded. Photorealistic commercial product photography. Full-frame camera, 50mm lens for scene shots and 100mm macro for detail shots, f/4, sharp focus on the point of application with the background falling away softly. Natural colour, realistic material response, true-to-life scale. Hands, where shown, are anatomically correct with five fingers and clean, unmanicured working nails. ABSOLUTELY NO TEXT of any kind: no letters, words, numbers, logos, brand names, printed labels, barcodes, packaging copy, signage text, watermarks or UI overlays anywhere in the frame. Every tape roll, carton, panel, tool and surface is completely blank and unbranded. No invented lettering, no partial or garbled characters. Avoid: extra fingers, malformed hands, floating objects, duplicated tools, plastic-looking skin, HDR halos, heavy vignette, oversaturation."
HH400R Hang Tab – 60mm x 50mm (1000 tabs),hh400r-hang-tab,hang-tab,2,Attaching a tab,,"a merchandiser's fingers pressing a self-adhesive clear hang tab onto the top edge of a plain product carton at a bench; neat rows of prepared cartons behind. The tape itself is the hero of the image and is shown plain and unbranded. Photorealistic commercial product photography. Full-frame camera, 50mm lens for scene shots and 100mm macro for detail shots, f/4, sharp focus on the point of application with the background falling away softly. Natural colour, realistic material response, true-to-life scale. Hands, where shown, are anatomically correct with five fingers and clean, unmanicured working nails. ABSOLUTELY NO TEXT of any kind: no letters, words, numbers, logos, brand names, printed labels, barcodes, packaging copy, signage text, watermarks or UI overlays anywhere in the frame. Every tape roll, carton, panel, tool and surface is completely blank and unbranded. No invented lettering, no partial or garbled characters. Avoid: extra fingers, malformed hands, floating objects, duplicated tools, plastic-looking skin, HDR halos, heavy vignette, oversaturation."
HH400R Hang Tab – 60mm x 50mm (1000 tabs),hh400r-hang-tab,hang-tab,3,Hook rail detail,,"an extreme close-up of a clear hang tab hooked over a chrome peg, the plastic catching the light and the carton hanging square below; retail aisle bokeh. The tape itself is the hero of the image and is shown plain and unbranded. Photorealistic commercial product photography. Full-frame camera, 50mm lens for scene shots and 100mm macro for detail shots, f/4, sharp focus on the point of application with the background falling away softly. Natural colour, realistic material response, true-to-life scale. Hands, where shown, are anatomically correct with five fingers and clean, unmanicured working nails. ABSOLUTELY NO TEXT of any kind: no letters, words, numbers, logos, brand names, printed labels, barcodes, packaging copy, signage text, watermarks or UI overlays anywhere in the frame. Every tape roll, carton, panel, tool and surface is completely blank and unbranded. No invented lettering, no partial or garbled characters. Avoid: extra fingers, malformed hands, floating objects, duplicated tools, plastic-looking skin, HDR halos, heavy vignette, oversaturation."
HT200S Hang Tab  – 40mm x 37mm (2400 tabs),ht200s-hang-tab,hang-tab,1,Retail peg display,,"a clean retail shelf with plain clear-plastic hang tabs suspending unbranded blister-packed products from a pegboard hook rail; bright even store lighting, shallow depth of field down the row. The tape itself is the hero of the image and is shown plain and unbranded. Photorealistic commercial product photography. Full-frame camera, 50mm lens for scene shots and 100mm macro for detail shots, f/4, sharp focus on the point of application with the background falling away softly. Natural colour, realistic material response, true-to-life scale. Hands, where shown, are anatomically correct with five fingers and clean, unmanicured working nails. ABSOLUTELY NO TEXT of any kind: no letters, words, numbers, logos, brand names, printed labels, barcodes, packaging copy, signage text, watermarks or UI overlays anywhere in the frame. Every tape roll, carton, panel, tool and surface is completely blank and unbranded. No invented lettering, no partial or garbled characters. Avoid: extra fingers, malformed hands, floating objects, duplicated tools, plastic-looking skin, HDR halos, heavy vignette, oversaturation."
HT200S Hang Tab  – 40mm x 37mm (2400 tabs),ht200s-hang-tab,hang-tab,2,Attaching a tab,,"a merchandiser's fingers pressing a self-adhesive clear hang tab onto the top edge of a plain product carton at a bench; neat rows of prepared cartons behind. The tape itself is the hero of the image and is shown plain and unbranded. Photorealistic commercial product photography. Full-frame camera, 50mm lens for scene shots and 100mm macro for detail shots, f/4, sharp focus on the point of application with the background falling away softly. Natural colour, realistic material response, true-to-life scale. Hands, where shown, are anatomically correct with five fingers and clean, unmanicured working nails. ABSOLUTELY NO TEXT of any kind: no letters, words, numbers, logos, brand names, printed labels, barcodes, packaging copy, signage text, watermarks or UI overlays anywhere in the frame. Every tape roll, carton, panel, tool and surface is completely blank and unbranded. No invented lettering, no partial or garbled characters. Avoid: extra fingers, malformed hands, floating objects, duplicated tools, plastic-looking skin, HDR halos, heavy vignette, oversaturation."
HT200S Hang Tab  – 40mm x 37mm (2400 tabs),ht200s-hang-tab,hang-tab,3,Hook rail detail,,"an extreme close-up of a clear hang tab hooked over a chrome peg, the plastic catching the light and the carton hanging square below; retail aisle bokeh. The tape itself is the hero of the image and is shown plain and unbranded. Photorealistic commercial product photography. Full-frame camera, 50mm lens for scene shots and 100mm macro for detail shots, f/4, sharp focus on the point of application with the background falling away softly. Natural colour, realistic material response, true-to-life scale. Hands, where shown, are anatomically correct with five fingers and clean, unmanicured working nails. ABSOLUTELY NO TEXT of any kind: no letters, words, numbers, logos, brand names, printed labels, barcodes, packaging copy, signage text, watermarks or UI overlays anywhere in the frame. Every tape roll, carton, panel, tool and surface is completely blank and unbranded. No invented lettering, no partial or garbled characters. Avoid: extra fingers, malformed hands, floating objects, duplicated tools, plastic-looking skin, HDR halos, heavy vignette, oversaturation."
HT450 Hang Tab – 50mm x 50mm (1000 Tabs),ht450-hang-tab,hang-tab,1,Retail peg display,,"a clean retail shelf with plain clear-plastic hang tabs suspending unbranded blister-packed products from a pegboard hook rail; bright even store lighting, shallow depth of field down the row. The tape itself is the hero of the image and is shown plain and unbranded. Photorealistic commercial product photography. Full-frame camera, 50mm lens for scene shots and 100mm macro for detail shots, f/4, sharp focus on the point of application with the background falling away softly. Natural colour, realistic material response, true-to-life scale. Hands, where shown, are anatomically correct with five fingers and clean, unmanicured working nails. ABSOLUTELY NO TEXT of any kind: no letters, words, numbers, logos, brand names, printed labels, barcodes, packaging copy, signage text, watermarks or UI overlays anywhere in the frame. Every tape roll, carton, panel, tool and surface is completely blank and unbranded. No invented lettering, no partial or garbled characters. Avoid: extra fingers, malformed hands, floating objects, duplicated tools, plastic-looking skin, HDR halos, heavy vignette, oversaturation."
HT450 Hang Tab – 50mm x 50mm (1000 Tabs),ht450-hang-tab,hang-tab,2,Attaching a tab,,"a merchandiser's fingers pressing a self-adhesive clear hang tab onto the top edge of a plain product carton at a bench; neat rows of prepared cartons behind. The tape itself is the hero of the image and is shown plain and unbranded. Photorealistic commercial product photography. Full-frame camera, 50mm lens for scene shots and 100mm macro for detail shots, f/4, sharp focus on the point of application with the background falling away softly. Natural colour, realistic material response, true-to-life scale. Hands, where shown, are anatomically correct with five fingers and clean, unmanicured working nails. ABSOLUTELY NO TEXT of any kind: no letters, words, numbers, logos, brand names, printed labels, barcodes, packaging copy, signage text, watermarks or UI overlays anywhere in the frame. Every tape roll, carton, panel, tool and surface is completely blank and unbranded. No invented lettering, no partial or garbled characters. Avoid: extra fingers, malformed hands, floating objects, duplicated tools, plastic-looking skin, HDR halos, heavy vignette, oversaturation."
HT450 Hang Tab – 50mm x 50mm (1000 Tabs),ht450-hang-tab,hang-tab,3,Hook rail detail,,"an extreme close-up of a clear hang tab hooked over a chrome peg, the plastic catching the light and the carton hanging square below; retail aisle bokeh. The tape itself is the hero of the image and is shown plain and unbranded. Photorealistic commercial product photography. Full-frame camera, 50mm lens for scene shots and 100mm macro for detail shots, f/4, sharp focus on the point of application with the background falling away softly. Natural colour, realistic material response, true-to-life scale. Hands, where shown, are anatomically correct with five fingers and clean, unmanicured working nails. ABSOLUTELY NO TEXT of any kind: no letters, words, numbers, logos, brand names, printed labels, barcodes, packaging copy, signage text, watermarks or UI overlays anywhere in the frame. Every tape roll, carton, panel, tool and surface is completely blank and unbranded. No invented lettering, no partial or garbled characters. Avoid: extra fingers, malformed hands, floating objects, duplicated tools, plastic-looking skin, HDR halos, heavy vignette, oversaturation."
HTH1 Hang Tab –  45mm x 50mm (Roll of 1000),hth1-hang-tab,hang-tab,1,Retail peg display,,"a clean retail shelf with plain clear-plastic hang tabs suspending unbranded blister-packed products from a pegboard hook rail; bright even store lighting, shallow depth of field down the row. The tape itself is the hero of the image and is shown plain and unbranded. Photorealistic commercial product photography. Full-frame camera, 50mm lens for scene shots and 100mm macro for detail shots, f/4, sharp focus on the point of application with the background falling away softly. Natural colour, realistic material response, true-to-life scale. Hands, where shown, are anatomically correct with five fingers and clean, unmanicured working nails. ABSOLUTELY NO TEXT of any kind: no letters, words, numbers, logos, brand names, printed labels, barcodes, packaging copy, signage text, watermarks or UI overlays anywhere in the frame. Every tape roll, carton, panel, tool and surface is completely blank and unbranded. No invented lettering, no partial or garbled characters. Avoid: extra fingers, malformed hands, floating objects, duplicated tools, plastic-looking skin, HDR halos, heavy vignette, oversaturation."
HTH1 Hang Tab –  45mm x 50mm (Roll of 1000),hth1-hang-tab,hang-tab,2,Attaching a tab,,"a merchandiser's fingers pressing a self-adhesive clear hang tab onto the top edge of a plain product carton at a bench; neat rows of prepared cartons behind. The tape itself is the hero of the image and is shown plain and unbranded. Photorealistic commercial product photography. Full-frame camera, 50mm lens for scene shots and 100mm macro for detail shots, f/4, sharp focus on the point of application with the background falling away softly. Natural colour, realistic material response, true-to-life scale. Hands, where shown, are anatomically correct with five fingers and clean, unmanicured working nails. ABSOLUTELY NO TEXT of any kind: no letters, words, numbers, logos, brand names, printed labels, barcodes, packaging copy, signage text, watermarks or UI overlays anywhere in the frame. Every tape roll, carton, panel, tool and surface is completely blank and unbranded. No invented lettering, no partial or garbled characters. Avoid: extra fingers, malformed hands, floating objects, duplicated tools, plastic-looking skin, HDR halos, heavy vignette, oversaturation."
HTH1 Hang Tab –  45mm x 50mm (Roll of 1000),hth1-hang-tab,hang-tab,3,Hook rail detail,,"an extreme close-up of a clear hang tab hooked over a chrome peg, the plastic catching the light and the carton hanging square below; retail aisle bokeh. The tape itself is the hero of the image and is shown plain and unbranded. Photorealistic commercial product photography. Full-frame camera, 50mm lens for scene shots and 100mm macro for detail shots, f/4, sharp focus on the point of application with the background falling away softly. Natural colour, realistic material response, true-to-life scale. Hands, where shown, are anatomically correct with five fingers and clean, unmanicured working nails. ABSOLUTELY NO TEXT of any kind: no letters, words, numbers, logos, brand names, printed labels, barcodes, packaging copy, signage text, watermarks or UI overlays anywhere in the frame. Every tape roll, carton, panel, tool and surface is completely blank and unbranded. No invented lettering, no partial or garbled characters. Avoid: extra fingers, malformed hands, floating objects, duplicated tools, plastic-looking skin, HDR halos, heavy vignette, oversaturation."
HTR1 Hang Tab  – 55mm x 25mm (Roll of 2000),htr1-hang-tab,hang-tab,1,Retail peg display,,"a clean retail shelf with plain clear-plastic hang tabs suspending unbranded blister-packed products from a pegboard hook rail; bright even store lighting, shallow depth of field down the row. The tape itself is the hero of the image and is shown plain and unbranded. Photorealistic commercial product photography. Full-frame camera, 50mm lens for scene shots and 100mm macro for detail shots, f/4, sharp focus on the point of application with the background falling away softly. Natural colour, realistic material response, true-to-life scale. Hands, where shown, are anatomically correct with five fingers and clean, unmanicured working nails. ABSOLUTELY NO TEXT of any kind: no letters, words, numbers, logos, brand names, printed labels, barcodes, packaging copy, signage text, watermarks or UI overlays anywhere in the frame. Every tape roll, carton, panel, tool and surface is completely blank and unbranded. No invented lettering, no partial or garbled characters. Avoid: extra fingers, malformed hands, floating objects, duplicated tools, plastic-looking skin, HDR halos, heavy vignette, oversaturation."
HTR1 Hang Tab  – 55mm x 25mm (Roll of 2000),htr1-hang-tab,hang-tab,2,Attaching a tab,,"a merchandiser's fingers pressing a self-adhesive clear hang tab onto the top edge of a plain product carton at a bench; neat rows of prepared cartons behind. The tape itself is the hero of the image and is shown plain and unbranded. Photorealistic commercial product photography. Full-frame camera, 50mm lens for scene shots and 100mm macro for detail shots, f/4, sharp focus on the point of application with the background falling away softly. Natural colour, realistic material response, true-to-life scale. Hands, where shown, are anatomically correct with five fingers and clean, unmanicured working nails. ABSOLUTELY NO TEXT of any kind: no letters, words, numbers, logos, brand names, printed labels, barcodes, packaging copy, signage text, watermarks or UI overlays anywhere in the frame. Every tape roll, carton, panel, tool and surface is completely blank and unbranded. No invented lettering, no partial or garbled characters. Avoid: extra fingers, malformed hands, floating objects, duplicated tools, plastic-looking skin, HDR halos, heavy vignette, oversaturation."
HTR1 Hang Tab  – 55mm x 25mm (Roll of 2000),htr1-hang-tab,hang-tab,3,Hook rail detail,,"an extreme close-up of a clear hang tab hooked over a chrome peg, the plastic catching the light and the carton hanging square below; retail aisle bokeh. The tape itself is the hero of the image and is shown plain and unbranded. Photorealistic commercial product photography. Full-frame camera, 50mm lens for scene shots and 100mm macro for detail shots, f/4, sharp focus on the point of application with the background falling away softly. Natural colour, realistic material response, true-to-life scale. Hands, where shown, are anatomically correct with five fingers and clean, unmanicured working nails. ABSOLUTELY NO TEXT of any kind: no letters, words, numbers, logos, brand names, printed labels, barcodes, packaging copy, signage text, watermarks or UI overlays anywhere in the frame. Every tape roll, carton, panel, tool and surface is completely blank and unbranded. No invented lettering, no partial or garbled characters. Avoid: extra fingers, malformed hands, floating objects, duplicated tools, plastic-looking skin, HDR halos, heavy vignette, oversaturation."
HT120R Hang Tab – 18mm x 28mm (Roll of 2000),ht120r-hang-tab,hang-tab,1,Retail peg display,,"a clean retail shelf with plain clear-plastic hang tabs suspending unbranded blister-packed products from a pegboard hook rail; bright even store lighting, shallow depth of field down the row. The tape itself is the hero of the image and is shown plain and unbranded. Photorealistic commercial product photography. Full-frame camera, 50mm lens for scene shots and 100mm macro for detail shots, f/4, sharp focus on the point of application with the background falling away softly. Natural colour, realistic material response, true-to-life scale. Hands, where shown, are anatomically correct with five fingers and clean, unmanicured working nails. ABSOLUTELY NO TEXT of any kind: no letters, words, numbers, logos, brand names, printed labels, barcodes, packaging copy, signage text, watermarks or UI overlays anywhere in the frame. Every tape roll, carton, panel, tool and surface is completely blank and unbranded. No invented lettering, no partial or garbled characters. Avoid: extra fingers, malformed hands, floating objects, duplicated tools, plastic-looking skin, HDR halos, heavy vignette, oversaturation."
HT120R Hang Tab – 18mm x 28mm (Roll of 2000),ht120r-hang-tab,hang-tab,2,Attaching a tab,,"a merchandiser's fingers pressing a self-adhesive clear hang tab onto the top edge of a plain product carton at a bench; neat rows of prepared cartons behind. The tape itself is the hero of the image and is shown plain and unbranded. Photorealistic commercial product photography. Full-frame camera, 50mm lens for scene shots and 100mm macro for detail shots, f/4, sharp focus on the point of application with the background falling away softly. Natural colour, realistic material response, true-to-life scale. Hands, where shown, are anatomically correct with five fingers and clean, unmanicured working nails. ABSOLUTELY NO TEXT of any kind: no letters, words, numbers, logos, brand names, printed labels, barcodes, packaging copy, signage text, watermarks or UI overlays anywhere in the frame. Every tape roll, carton, panel, tool and surface is completely blank and unbranded. No invented lettering, no partial or garbled characters. Avoid: extra fingers, malformed hands, floating objects, duplicated tools, plastic-looking skin, HDR halos, heavy vignette, oversaturation."
HT120R Hang Tab – 18mm x 28mm (Roll of 2000),ht120r-hang-tab,hang-tab,3,Hook rail detail,,"an extreme close-up of a clear hang tab hooked over a chrome peg, the plastic catching the light and the carton hanging square below; retail aisle bokeh. The tape itself is the hero of the image and is shown plain and unbranded. Photorealistic commercial product photography. Full-frame camera, 50mm lens for scene shots and 100mm macro for detail shots, f/4, sharp focus on the point of application with the background falling away softly. Natural colour, realistic material response, true-to-life scale. Hands, where shown, are anatomically correct with five fingers and clean, unmanicured working nails. ABSOLUTELY NO TEXT of any kind: no letters, words, numbers, logos, brand names, printed labels, barcodes, packaging copy, signage text, watermarks or UI overlays anywhere in the frame. Every tape roll, carton, panel, tool and surface is completely blank and unbranded. No invented lettering, no partial or garbled characters. Avoid: extra fingers, malformed hands, floating objects, duplicated tools, plastic-looking skin, HDR halos, heavy vignette, oversaturation."
Self Adhesive Loop Roll,loop-fastener-adhesive-backed,__default__,1,In use on the bench,"Display Signage, Picture Framing Tapes","a tradesperson's hands applying the tape to a plain workpiece on a clean workbench, offcuts and simple hand tools around; bright even workshop lighting, shallow depth of field. Set it in a Display Signage, Picture Framing Tapes context. The tape itself is the hero of the image and is shown plain and unbranded. Photorealistic commercial product photography. Full-frame camera, 50mm lens for scene shots and 100mm macro for detail shots, f/4, sharp focus on the point of application with the background falling away softly. Natural colour, realistic material response, true-to-life scale. Hands, where shown, are anatomically correct with five fingers and clean, unmanicured working nails. ABSOLUTELY NO TEXT of any kind: no letters, words, numbers, logos, brand names, printed labels, barcodes, packaging copy, signage text, watermarks or UI overlays anywhere in the frame. Every tape roll, carton, panel, tool and surface is completely blank and unbranded. No invented lettering, no partial or garbled characters. Avoid: extra fingers, malformed hands, floating objects, duplicated tools, plastic-looking skin, HDR halos, heavy vignette, oversaturation."
Self Adhesive Loop Roll,loop-fastener-adhesive-backed,__default__,2,On site,"Display Signage, Picture Framing Tapes","the tape in use in a real Australian trade setting appropriate to the product, applied cleanly to the substrate; natural daylight, working context visible but softly out of focus. Set it in a Display Signage, Picture Framing Tapes context. The tape itself is the hero of the image and is shown plain and unbranded. Photorealistic commercial product photography. Full-frame camera, 50mm lens for scene shots and 100mm macro for detail shots, f/4, sharp focus on the point of application with the background falling away softly. Natural colour, realistic material response, true-to-life scale. Hands, where shown, are anatomically correct with five fingers and clean, unmanicured working nails. ABSOLUTELY NO TEXT of any kind: no letters, words, numbers, logos, brand names, printed labels, barcodes, packaging copy, signage text, watermarks or UI overlays anywhere in the frame. Every tape roll, carton, panel, tool and surface is completely blank and unbranded. No invented lettering, no partial or garbled characters. Avoid: extra fingers, malformed hands, floating objects, duplicated tools, plastic-looking skin, HDR halos, heavy vignette, oversaturation."
Self Adhesive Loop Roll,loop-fastener-adhesive-backed,__default__,3,Macro detail,"Display Signage, Picture Framing Tapes","an extreme macro of the tape being pressed onto its substrate, showing the adhesive contact line and surface texture; dramatic raking light, dark background. Set it in a Display Signage, Picture Framing Tapes context. The tape itself is the hero of the image and is shown plain and unbranded. Photorealistic commercial product photography. Full-frame camera, 50mm lens for scene shots and 100mm macro for detail shots, f/4, sharp focus on the point of application with the background falling away softly. Natural colour, realistic material response, true-to-life scale. Hands, where shown, are anatomically correct with five fingers and clean, unmanicured working nails. ABSOLUTELY NO TEXT of any kind: no letters, words, numbers, logos, brand names, printed labels, barcodes, packaging copy, signage text, watermarks or UI overlays anywhere in the frame. Every tape roll, carton, panel, tool and surface is completely blank and unbranded. No invented lettering, no partial or garbled characters. Avoid: extra fingers, malformed hands, floating objects, duplicated tools, plastic-looking skin, HDR halos, heavy vignette, oversaturation."
"Sew On Hook Roll, Non Adhesive",hook-fastener-non-adhesive,__default__,1,In use on the bench,"Display Signage, Picture Framing Tapes","a tradesperson's hands applying the tape to a plain workpiece on a clean workbench, offcuts and simple hand tools around; bright even workshop lighting, shallow depth of field. Set it in a Display Signage, Picture Framing Tapes context. The tape itself is the hero of the image and is shown plain and unbranded. Photorealistic commercial product photography. Full-frame camera, 50mm lens for scene shots and 100mm macro for detail shots, f/4, sharp focus on the point of application with the background falling away softly. Natural colour, realistic material response, true-to-life scale. Hands, where shown, are anatomically correct with five fingers and clean, unmanicured working nails. ABSOLUTELY NO TEXT of any kind: no letters, words, numbers, logos, brand names, printed labels, barcodes, packaging copy, signage text, watermarks or UI overlays anywhere in the frame. Every tape roll, carton, panel, tool and surface is completely blank and unbranded. No invented lettering, no partial or garbled characters. Avoid: extra fingers, malformed hands, floating objects, duplicated tools, plastic-looking skin, HDR halos, heavy vignette, oversaturation."
"Sew On Hook Roll, Non Adhesive",hook-fastener-non-adhesive,__default__,2,On site,"Display Signage, Picture Framing Tapes","the tape in use in a real Australian trade setting appropriate to the product, applied cleanly to the substrate; natural daylight, working context visible but softly out of focus. Set it in a Display Signage, Picture Framing Tapes context. The tape itself is the hero of the image and is shown plain and unbranded. Photorealistic commercial product photography. Full-frame camera, 50mm lens for scene shots and 100mm macro for detail shots, f/4, sharp focus on the point of application with the background falling away softly. Natural colour, realistic material response, true-to-life scale. Hands, where shown, are anatomically correct with five fingers and clean, unmanicured working nails. ABSOLUTELY NO TEXT of any kind: no letters, words, numbers, logos, brand names, printed labels, barcodes, packaging copy, signage text, watermarks or UI overlays anywhere in the frame. Every tape roll, carton, panel, tool and surface is completely blank and unbranded. No invented lettering, no partial or garbled characters. Avoid: extra fingers, malformed hands, floating objects, duplicated tools, plastic-looking skin, HDR halos, heavy vignette, oversaturation."
"Sew On Hook Roll, Non Adhesive",hook-fastener-non-adhesive,__default__,3,Macro detail,"Display Signage, Picture Framing Tapes","an extreme macro of the tape being pressed onto its substrate, showing the adhesive contact line and surface texture; dramatic raking light, dark background. Set it in a Display Signage, Picture Framing Tapes context. The tape itself is the hero of the image and is shown plain and unbranded. Photorealistic commercial product photography. Full-frame camera, 50mm lens for scene shots and 100mm macro for detail shots, f/4, sharp focus on the point of application with the background falling away softly. Natural colour, realistic material response, true-to-life scale. Hands, where shown, are anatomically correct with five fingers and clean, unmanicured working nails. ABSOLUTELY NO TEXT of any kind: no letters, words, numbers, logos, brand names, printed labels, barcodes, packaging copy, signage text, watermarks or UI overlays anywhere in the frame. Every tape roll, carton, panel, tool and surface is completely blank and unbranded. No invented lettering, no partial or garbled characters. Avoid: extra fingers, malformed hands, floating objects, duplicated tools, plastic-looking skin, HDR halos, heavy vignette, oversaturation."
"Sew On Loop Roll, Non Adhesive",loop-fastener-non-adhesive,__default__,1,In use on the bench,"Display Signage, Picture Framing Tapes","a tradesperson's hands applying the tape to a plain workpiece on a clean workbench, offcuts and simple hand tools around; bright even workshop lighting, shallow depth of field. Set it in a Display Signage, Picture Framing Tapes context. The tape itself is the hero of the image and is shown plain and unbranded. Photorealistic commercial product photography. Full-frame camera, 50mm lens for scene shots and 100mm macro for detail shots, f/4, sharp focus on the point of application with the background falling away softly. Natural colour, realistic material response, true-to-life scale. Hands, where shown, are anatomically correct with five fingers and clean, unmanicured working nails. ABSOLUTELY NO TEXT of any kind: no letters, words, numbers, logos, brand names, printed labels, barcodes, packaging copy, signage text, watermarks or UI overlays anywhere in the frame. Every tape roll, carton, panel, tool and surface is completely blank and unbranded. No invented lettering, no partial or garbled characters. Avoid: extra fingers, malformed hands, floating objects, duplicated tools, plastic-looking skin, HDR halos, heavy vignette, oversaturation."
"Sew On Loop Roll, Non Adhesive",loop-fastener-non-adhesive,__default__,2,On site,"Display Signage, Picture Framing Tapes","the tape in use in a real Australian trade setting appropriate to the product, applied cleanly to the substrate; natural daylight, working context visible but softly out of focus. Set it in a Display Signage, Picture Framing Tapes context. The tape itself is the hero of the image and is shown plain and unbranded. Photorealistic commercial product photography. Full-frame camera, 50mm lens for scene shots and 100mm macro for detail shots, f/4, sharp focus on the point of application with the background falling away softly. Natural colour, realistic material response, true-to-life scale. Hands, where shown, are anatomically correct with five fingers and clean, unmanicured working nails. ABSOLUTELY NO TEXT of any kind: no letters, words, numbers, logos, brand names, printed labels, barcodes, packaging copy, signage text, watermarks or UI overlays anywhere in the frame. Every tape roll, carton, panel, tool and surface is completely blank and unbranded. No invented lettering, no partial or garbled characters. Avoid: extra fingers, malformed hands, floating objects, duplicated tools, plastic-looking skin, HDR halos, heavy vignette, oversaturation."
"Sew On Loop Roll, Non Adhesive",loop-fastener-non-adhesive,__default__,3,Macro detail,"Display Signage, Picture Framing Tapes","an extreme macro of the tape being pressed onto its substrate, showing the adhesive contact line and surface texture; dramatic raking light, dark background. Set it in a Display Signage, Picture Framing Tapes context. The tape itself is the hero of the image and is shown plain and unbranded. Photorealistic commercial product photography. Full-frame camera, 50mm lens for scene shots and 100mm macro for detail shots, f/4, sharp focus on the point of application with the background falling away softly. Natural colour, realistic material response, true-to-life scale. Hands, where shown, are anatomically correct with five fingers and clean, unmanicured working nails. ABSOLUTELY NO TEXT of any kind: no letters, words, numbers, logos, brand names, printed labels, barcodes, packaging copy, signage text, watermarks or UI overlays anywhere in the frame. Every tape roll, carton, panel, tool and surface is completely blank and unbranded. No invented lettering, no partial or garbled characters. Avoid: extra fingers, malformed hands, floating objects, duplicated tools, plastic-looking skin, HDR halos, heavy vignette, oversaturation."
Electronic Tapes Dispenser,electronic-tapes-dispenser,tapes-dispensers,1,Packing bench,,"a warehouse worker's hands running a handheld tape gun along the centre seam of a plain kraft carton on a stainless packing bench; stacks of flattened boxes and a label printer softly blurred behind, bright industrial daylight. The tape itself is the hero of the image and is shown plain and unbranded. Photorealistic commercial product photography. Full-frame camera, 50mm lens for scene shots and 100mm macro for detail shots, f/4, sharp focus on the point of application with the background falling away softly. Natural colour, realistic material response, true-to-life scale. Hands, where shown, are anatomically correct with five fingers and clean, unmanicured working nails. ABSOLUTELY NO TEXT of any kind: no letters, words, numbers, logos, brand names, printed labels, barcodes, packaging copy, signage text, watermarks or UI overlays anywhere in the frame. Every tape roll, carton, panel, tool and surface is completely blank and unbranded. No invented lettering, no partial or garbled characters. Avoid: extra fingers, malformed hands, floating objects, duplicated tools, plastic-looking skin, HDR halos, heavy vignette, oversaturation."
Electronic Tapes Dispenser,electronic-tapes-dispenser,tapes-dispensers,2,Benchtop station,,"a benchtop tape dispenser with a weighted base on a workshop bench, a hand drawing a length of clear tape across the cutting blade; hand tools and a steel rule arranged nearby, warm workshop lighting from a window. The tape itself is the hero of the image and is shown plain and unbranded. Photorealistic commercial product photography. Full-frame camera, 50mm lens for scene shots and 100mm macro for detail shots, f/4, sharp focus on the point of application with the background falling away softly. Natural colour, realistic material response, true-to-life scale. Hands, where shown, are anatomically correct with five fingers and clean, unmanicured working nails. ABSOLUTELY NO TEXT of any kind: no letters, words, numbers, logos, brand names, printed labels, barcodes, packaging copy, signage text, watermarks or UI overlays anywhere in the frame. Every tape roll, carton, panel, tool and surface is completely blank and unbranded. No invented lettering, no partial or garbled characters. Avoid: extra fingers, malformed hands, floating objects, duplicated tools, plastic-looking skin, HDR halos, heavy vignette, oversaturation."
Electronic Tapes Dispenser,electronic-tapes-dispenser,tapes-dispensers,3,Dispatch line,,"an over-the-shoulder view of a dispatch operator sealing the last of a row of identical kraft cartons along a roller conveyor, tape gun mid-stroke; long depth of field down the line, cool warehouse lighting. The tape itself is the hero of the image and is shown plain and unbranded. Photorealistic commercial product photography. Full-frame camera, 50mm lens for scene shots and 100mm macro for detail shots, f/4, sharp focus on the point of application with the background falling away softly. Natural colour, realistic material response, true-to-life scale. Hands, where shown, are anatomically correct with five fingers and clean, unmanicured working nails. ABSOLUTELY NO TEXT of any kind: no letters, words, numbers, logos, brand names, printed labels, barcodes, packaging copy, signage text, watermarks or UI overlays anywhere in the frame. Every tape roll, carton, panel, tool and surface is completely blank and unbranded. No invented lettering, no partial or garbled characters. Avoid: extra fingers, malformed hands, floating objects, duplicated tools, plastic-looking skin, HDR halos, heavy vignette, oversaturation."
Plumber’s Thread Seal Tape,plumbers-thread-seal-tape,specialty-tape,1,Precision bench,"HVAC & Plumbing, Pool & Spa","a technician applying a narrow strip of specialist tape to a precision component on a clean workbench, tweezers in hand; bright even task lighting, shallow depth of field. The tape itself is the hero of the image and is shown plain and unbranded. Photorealistic commercial product photography. Full-frame camera, 50mm lens for scene shots and 100mm macro for detail shots, f/4, sharp focus on the point of application with the background falling away softly. Natural colour, realistic material response, true-to-life scale. Hands, where shown, are anatomically correct with five fingers and clean, unmanicured working nails. ABSOLUTELY NO TEXT of any kind: no letters, words, numbers, logos, brand names, printed labels, barcodes, packaging copy, signage text, watermarks or UI overlays anywhere in the frame. Every tape roll, carton, panel, tool and surface is completely blank and unbranded. No invented lettering, no partial or garbled characters. Avoid: extra fingers, malformed hands, floating objects, duplicated tools, plastic-looking skin, HDR halos, heavy vignette, oversaturation."
Plumber’s Thread Seal Tape,plumbers-thread-seal-tape,specialty-tape,2,Industrial line,"HVAC & Plumbing, Pool & Spa","the tape in use on a production line, applied to a plain component moving along a conveyor; cool factory lighting, motion softly implied. The tape itself is the hero of the image and is shown plain and unbranded. Photorealistic commercial product photography. Full-frame camera, 50mm lens for scene shots and 100mm macro for detail shots, f/4, sharp focus on the point of application with the background falling away softly. Natural colour, realistic material response, true-to-life scale. Hands, where shown, are anatomically correct with five fingers and clean, unmanicured working nails. ABSOLUTELY NO TEXT of any kind: no letters, words, numbers, logos, brand names, printed labels, barcodes, packaging copy, signage text, watermarks or UI overlays anywhere in the frame. Every tape roll, carton, panel, tool and surface is completely blank and unbranded. No invented lettering, no partial or garbled characters. Avoid: extra fingers, malformed hands, floating objects, duplicated tools, plastic-looking skin, HDR halos, heavy vignette, oversaturation."
Plumber’s Thread Seal Tape,plumbers-thread-seal-tape,specialty-tape,3,Macro adhesive,"HVAC & Plumbing, Pool & Spa","an extreme macro of the tape's edge lifting from a smooth substrate, the adhesive stringing slightly; dramatic directional light, dark background. The tape itself is the hero of the image and is shown plain and unbranded. Photorealistic commercial product photography. Full-frame camera, 50mm lens for scene shots and 100mm macro for detail shots, f/4, sharp focus on the point of application with the background falling away softly. Natural colour, realistic material response, true-to-life scale. Hands, where shown, are anatomically correct with five fingers and clean, unmanicured working nails. ABSOLUTELY NO TEXT of any kind: no letters, words, numbers, logos, brand names, printed labels, barcodes, packaging copy, signage text, watermarks or UI overlays anywhere in the frame. Every tape roll, carton, panel, tool and surface is completely blank and unbranded. No invented lettering, no partial or garbled characters. Avoid: extra fingers, malformed hands, floating objects, duplicated tools, plastic-looking skin, HDR halos, heavy vignette, oversaturation."
Magnetic Tapes Adhesive Backed,magnetic-tapes-adhesive-backed,magnetic-tapes,1,Signage swap,Nameplates,"hands sliding a blank display panel onto a magnetic strip mounted on a steel shopfitting rail; clean retail interior, bright even lighting. The tape itself is the hero of the image and is shown plain and unbranded. Photorealistic commercial product photography. Full-frame camera, 50mm lens for scene shots and 100mm macro for detail shots, f/4, sharp focus on the point of application with the background falling away softly. Natural colour, realistic material response, true-to-life scale. Hands, where shown, are anatomically correct with five fingers and clean, unmanicured working nails. ABSOLUTELY NO TEXT of any kind: no letters, words, numbers, logos, brand names, printed labels, barcodes, packaging copy, signage text, watermarks or UI overlays anywhere in the frame. Every tape roll, carton, panel, tool and surface is completely blank and unbranded. No invented lettering, no partial or garbled characters. Avoid: extra fingers, malformed hands, floating objects, duplicated tools, plastic-looking skin, HDR halos, heavy vignette, oversaturation."
Magnetic Tapes Adhesive Backed,magnetic-tapes-adhesive-backed,magnetic-tapes,2,Whiteboard label,Nameplates,"a magnetic tape strip holding a blank card label onto a steel planning board in an office; shallow depth of field, cool daylight. The tape itself is the hero of the image and is shown plain and unbranded. Photorealistic commercial product photography. Full-frame camera, 50mm lens for scene shots and 100mm macro for detail shots, f/4, sharp focus on the point of application with the background falling away softly. Natural colour, realistic material response, true-to-life scale. Hands, where shown, are anatomically correct with five fingers and clean, unmanicured working nails. ABSOLUTELY NO TEXT of any kind: no letters, words, numbers, logos, brand names, printed labels, barcodes, packaging copy, signage text, watermarks or UI overlays anywhere in the frame. Every tape roll, carton, panel, tool and surface is completely blank and unbranded. No invented lettering, no partial or garbled characters. Avoid: extra fingers, malformed hands, floating objects, duplicated tools, plastic-looking skin, HDR halos, heavy vignette, oversaturation."
Magnetic Tapes Adhesive Backed,magnetic-tapes-adhesive-backed,magnetic-tapes,3,Strip detail,Nameplates,"an extreme close-up of flexible magnetic tape being pressed onto a steel surface, the matte magnetic face and adhesive backing both visible; raking light. The tape itself is the hero of the image and is shown plain and unbranded. Photorealistic commercial product photography. Full-frame camera, 50mm lens for scene shots and 100mm macro for detail shots, f/4, sharp focus on the point of application with the background falling away softly. Natural colour, realistic material response, true-to-life scale. Hands, where shown, are anatomically correct with five fingers and clean, unmanicured working nails. ABSOLUTELY NO TEXT of any kind: no letters, words, numbers, logos, brand names, printed labels, barcodes, packaging copy, signage text, watermarks or UI overlays anywhere in the frame. Every tape roll, carton, panel, tool and surface is completely blank and unbranded. No invented lettering, no partial or garbled characters. Avoid: extra fingers, malformed hands, floating objects, duplicated tools, plastic-looking skin, HDR halos, heavy vignette, oversaturation."
Stretch Film Dispenser,stretch-film-dispenser,specialty-tape,1,Precision bench,,"a technician applying a narrow strip of specialist tape to a precision component on a clean workbench, tweezers in hand; bright even task lighting, shallow depth of field. The tape itself is the hero of the image and is shown plain and unbranded. Photorealistic commercial product photography. Full-frame camera, 50mm lens for scene shots and 100mm macro for detail shots, f/4, sharp focus on the point of application with the background falling away softly. Natural colour, realistic material response, true-to-life scale. Hands, where shown, are anatomically correct with five fingers and clean, unmanicured working nails. ABSOLUTELY NO TEXT of any kind: no letters, words, numbers, logos, brand names, printed labels, barcodes, packaging copy, signage text, watermarks or UI overlays anywhere in the frame. Every tape roll, carton, panel, tool and surface is completely blank and unbranded. No invented lettering, no partial or garbled characters. Avoid: extra fingers, malformed hands, floating objects, duplicated tools, plastic-looking skin, HDR halos, heavy vignette, oversaturation."
Stretch Film Dispenser,stretch-film-dispenser,specialty-tape,2,Industrial line,,"the tape in use on a production line, applied to a plain component moving along a conveyor; cool factory lighting, motion softly implied. The tape itself is the hero of the image and is shown plain and unbranded. Photorealistic commercial product photography. Full-frame camera, 50mm lens for scene shots and 100mm macro for detail shots, f/4, sharp focus on the point of application with the background falling away softly. Natural colour, realistic material response, true-to-life scale. Hands, where shown, are anatomically correct with five fingers and clean, unmanicured working nails. ABSOLUTELY NO TEXT of any kind: no letters, words, numbers, logos, brand names, printed labels, barcodes, packaging copy, signage text, watermarks or UI overlays anywhere in the frame. Every tape roll, carton, panel, tool and surface is completely blank and unbranded. No invented lettering, no partial or garbled characters. Avoid: extra fingers, malformed hands, floating objects, duplicated tools, plastic-looking skin, HDR halos, heavy vignette, oversaturation."
Stretch Film Dispenser,stretch-film-dispenser,specialty-tape,3,Macro adhesive,,"an extreme macro of the tape's edge lifting from a smooth substrate, the adhesive stringing slightly; dramatic directional light, dark background. The tape itself is the hero of the image and is shown plain and unbranded. Photorealistic commercial product photography. Full-frame camera, 50mm lens for scene shots and 100mm macro for detail shots, f/4, sharp focus on the point of application with the background falling away softly. Natural colour, realistic material response, true-to-life scale. Hands, where shown, are anatomically correct with five fingers and clean, unmanicured working nails. ABSOLUTELY NO TEXT of any kind: no letters, words, numbers, logos, brand names, printed labels, barcodes, packaging copy, signage text, watermarks or UI overlays anywhere in the frame. Every tape roll, carton, panel, tool and surface is completely blank and unbranded. No invented lettering, no partial or garbled characters. Avoid: extra fingers, malformed hands, floating objects, duplicated tools, plastic-looking skin, HDR halos, heavy vignette, oversaturation."
Stretch Film,stretch-film,specialty-tape,1,Precision bench,,"a technician applying a narrow strip of specialist tape to a precision component on a clean workbench, tweezers in hand; bright even task lighting, shallow depth of field. The tape itself is the hero of the image and is shown plain and unbranded. Photorealistic commercial product photography. Full-frame camera, 50mm lens for scene shots and 100mm macro for detail shots, f/4, sharp focus on the point of application with the background falling away softly. Natural colour, realistic material response, true-to-life scale. Hands, where shown, are anatomically correct with five fingers and clean, unmanicured working nails. ABSOLUTELY NO TEXT of any kind: no letters, words, numbers, logos, brand names, printed labels, barcodes, packaging copy, signage text, watermarks or UI overlays anywhere in the frame. Every tape roll, carton, panel, tool and surface is completely blank and unbranded. No invented lettering, no partial or garbled characters. Avoid: extra fingers, malformed hands, floating objects, duplicated tools, plastic-looking skin, HDR halos, heavy vignette, oversaturation."
Stretch Film,stretch-film,specialty-tape,2,Industrial line,,"the tape in use on a production line, applied to a plain component moving along a conveyor; cool factory lighting, motion softly implied. The tape itself is the hero of the image and is shown plain and unbranded. Photorealistic commercial product photography. Full-frame camera, 50mm lens for scene shots and 100mm macro for detail shots, f/4, sharp focus on the point of application with the background falling away softly. Natural colour, realistic material response, true-to-life scale. Hands, where shown, are anatomically correct with five fingers and clean, unmanicured working nails. ABSOLUTELY NO TEXT of any kind: no letters, words, numbers, logos, brand names, printed labels, barcodes, packaging copy, signage text, watermarks or UI overlays anywhere in the frame. Every tape roll, carton, panel, tool and surface is completely blank and unbranded. No invented lettering, no partial or garbled characters. Avoid: extra fingers, malformed hands, floating objects, duplicated tools, plastic-looking skin, HDR halos, heavy vignette, oversaturation."
Stretch Film,stretch-film,specialty-tape,3,Macro adhesive,,"an extreme macro of the tape's edge lifting from a smooth substrate, the adhesive stringing slightly; dramatic directional light, dark background. The tape itself is the hero of the image and is shown plain and unbranded. Photorealistic commercial product photography. Full-frame camera, 50mm lens for scene shots and 100mm macro for detail shots, f/4, sharp focus on the point of application with the background falling away softly. Natural colour, realistic material response, true-to-life scale. Hands, where shown, are anatomically correct with five fingers and clean, unmanicured working nails. ABSOLUTELY NO TEXT of any kind: no letters, words, numbers, logos, brand names, printed labels, barcodes, packaging copy, signage text, watermarks or UI overlays anywhere in the frame. Every tape roll, carton, panel, tool and surface is completely blank and unbranded. No invented lettering, no partial or garbled characters. Avoid: extra fingers, malformed hands, floating objects, duplicated tools, plastic-looking skin, HDR halos, heavy vignette, oversaturation."
Floor Marking Tape Applicator | Line Marking Machine,lane-marking,safety-tape,1,Stair nosing,"Aerospace Defense, Flooring","black and yellow anti-slip safety tape applied to the nosing of industrial steel stairs, a boot stepping onto the tread; cool stairwell lighting, textured grit surface sharp. The tape itself is the hero of the image and is shown plain and unbranded. Photorealistic commercial product photography. Full-frame camera, 50mm lens for scene shots and 100mm macro for detail shots, f/4, sharp focus on the point of application with the background falling away softly. Natural colour, realistic material response, true-to-life scale. Hands, where shown, are anatomically correct with five fingers and clean, unmanicured working nails. ABSOLUTELY NO TEXT of any kind: no letters, words, numbers, logos, brand names, printed labels, barcodes, packaging copy, signage text, watermarks or UI overlays anywhere in the frame. Every tape roll, carton, panel, tool and surface is completely blank and unbranded. No invented lettering, no partial or garbled characters. Avoid: extra fingers, malformed hands, floating objects, duplicated tools, plastic-looking skin, HDR halos, heavy vignette, oversaturation."
Floor Marking Tape Applicator | Line Marking Machine,lane-marking,safety-tape,2,Floor marking,"Aerospace Defense, Flooring","yellow floor-marking tape laid in a crisp right angle to define a pedestrian walkway on a warehouse floor, forklift blurred in the distance; bright overhead lighting. The tape itself is the hero of the image and is shown plain and unbranded. Photorealistic commercial product photography. Full-frame camera, 50mm lens for scene shots and 100mm macro for detail shots, f/4, sharp focus on the point of application with the background falling away softly. Natural colour, realistic material response, true-to-life scale. Hands, where shown, are anatomically correct with five fingers and clean, unmanicured working nails. ABSOLUTELY NO TEXT of any kind: no letters, words, numbers, logos, brand names, printed labels, barcodes, packaging copy, signage text, watermarks or UI overlays anywhere in the frame. Every tape roll, carton, panel, tool and surface is completely blank and unbranded. No invented lettering, no partial or garbled characters. Avoid: extra fingers, malformed hands, floating objects, duplicated tools, plastic-looking skin, HDR halos, heavy vignette, oversaturation."
Floor Marking Tape Applicator | Line Marking Machine,lane-marking,safety-tape,3,Ramp edge,"Aerospace Defense, Flooring","high-visibility safety tape marking the edge of a loading dock ramp, rain-darkened concrete; overcast daylight, strong colour contrast. The tape itself is the hero of the image and is shown plain and unbranded. Photorealistic commercial product photography. Full-frame camera, 50mm lens for scene shots and 100mm macro for detail shots, f/4, sharp focus on the point of application with the background falling away softly. Natural colour, realistic material response, true-to-life scale. Hands, where shown, are anatomically correct with five fingers and clean, unmanicured working nails. ABSOLUTELY NO TEXT of any kind: no letters, words, numbers, logos, brand names, printed labels, barcodes, packaging copy, signage text, watermarks or UI overlays anywhere in the frame. Every tape roll, carton, panel, tool and surface is completely blank and unbranded. No invented lettering, no partial or garbled characters. Avoid: extra fingers, malformed hands, floating objects, duplicated tools, plastic-looking skin, HDR halos, heavy vignette, oversaturation."
Heat Sealer Tape – Teflon Coated,heat-sealer-teflon-coated-tape,specialty-tape,1,Precision bench,Printing,"a technician applying a narrow strip of specialist tape to a precision component on a clean workbench, tweezers in hand; bright even task lighting, shallow depth of field. The tape itself is the hero of the image and is shown plain and unbranded. Photorealistic commercial product photography. Full-frame camera, 50mm lens for scene shots and 100mm macro for detail shots, f/4, sharp focus on the point of application with the background falling away softly. Natural colour, realistic material response, true-to-life scale. Hands, where shown, are anatomically correct with five fingers and clean, unmanicured working nails. ABSOLUTELY NO TEXT of any kind: no letters, words, numbers, logos, brand names, printed labels, barcodes, packaging copy, signage text, watermarks or UI overlays anywhere in the frame. Every tape roll, carton, panel, tool and surface is completely blank and unbranded. No invented lettering, no partial or garbled characters. Avoid: extra fingers, malformed hands, floating objects, duplicated tools, plastic-looking skin, HDR halos, heavy vignette, oversaturation."
Heat Sealer Tape – Teflon Coated,heat-sealer-teflon-coated-tape,specialty-tape,2,Industrial line,Printing,"the tape in use on a production line, applied to a plain component moving along a conveyor; cool factory lighting, motion softly implied. The tape itself is the hero of the image and is shown plain and unbranded. Photorealistic commercial product photography. Full-frame camera, 50mm lens for scene shots and 100mm macro for detail shots, f/4, sharp focus on the point of application with the background falling away softly. Natural colour, realistic material response, true-to-life scale. Hands, where shown, are anatomically correct with five fingers and clean, unmanicured working nails. ABSOLUTELY NO TEXT of any kind: no letters, words, numbers, logos, brand names, printed labels, barcodes, packaging copy, signage text, watermarks or UI overlays anywhere in the frame. Every tape roll, carton, panel, tool and surface is completely blank and unbranded. No invented lettering, no partial or garbled characters. Avoid: extra fingers, malformed hands, floating objects, duplicated tools, plastic-looking skin, HDR halos, heavy vignette, oversaturation."
Heat Sealer Tape – Teflon Coated,heat-sealer-teflon-coated-tape,specialty-tape,3,Macro adhesive,Printing,"an extreme macro of the tape's edge lifting from a smooth substrate, the adhesive stringing slightly; dramatic directional light, dark background. The tape itself is the hero of the image and is shown plain and unbranded. Photorealistic commercial product photography. Full-frame camera, 50mm lens for scene shots and 100mm macro for detail shots, f/4, sharp focus on the point of application with the background falling away softly. Natural colour, realistic material response, true-to-life scale. Hands, where shown, are anatomically correct with five fingers and clean, unmanicured working nails. ABSOLUTELY NO TEXT of any kind: no letters, words, numbers, logos, brand names, printed labels, barcodes, packaging copy, signage text, watermarks or UI overlays anywhere in the frame. Every tape roll, carton, panel, tool and surface is completely blank and unbranded. No invented lettering, no partial or garbled characters. Avoid: extra fingers, malformed hands, floating objects, duplicated tools, plastic-looking skin, HDR halos, heavy vignette, oversaturation."
Transfer Tapes Dispenser,transfer-tapes-dispenser,atg-tapes,1,Picture framing,Picture Framing Tapes,"a framer's hands running an ATG applicator gun along the rebate of a timber picture frame on a felt-topped bench, mount board and a blank print waiting alongside; warm studio lamp light. The tape itself is the hero of the image and is shown plain and unbranded. Photorealistic commercial product photography. Full-frame camera, 50mm lens for scene shots and 100mm macro for detail shots, f/4, sharp focus on the point of application with the background falling away softly. Natural colour, realistic material response, true-to-life scale. Hands, where shown, are anatomically correct with five fingers and clean, unmanicured working nails. ABSOLUTELY NO TEXT of any kind: no letters, words, numbers, logos, brand names, printed labels, barcodes, packaging copy, signage text, watermarks or UI overlays anywhere in the frame. Every tape roll, carton, panel, tool and surface is completely blank and unbranded. No invented lettering, no partial or garbled characters. Avoid: extra fingers, malformed hands, floating objects, duplicated tools, plastic-looking skin, HDR halos, heavy vignette, oversaturation."
Transfer Tapes Dispenser,transfer-tapes-dispenser,atg-tapes,2,Print finishing,Picture Framing Tapes,"a print-finisher mounting a large blank photographic print onto foam board with transfer adhesive, roller in hand; clean bright studio, shallow depth of field. The tape itself is the hero of the image and is shown plain and unbranded. Photorealistic commercial product photography. Full-frame camera, 50mm lens for scene shots and 100mm macro for detail shots, f/4, sharp focus on the point of application with the background falling away softly. Natural colour, realistic material response, true-to-life scale. Hands, where shown, are anatomically correct with five fingers and clean, unmanicured working nails. ABSOLUTELY NO TEXT of any kind: no letters, words, numbers, logos, brand names, printed labels, barcodes, packaging copy, signage text, watermarks or UI overlays anywhere in the frame. Every tape roll, carton, panel, tool and surface is completely blank and unbranded. No invented lettering, no partial or garbled characters. Avoid: extra fingers, malformed hands, floating objects, duplicated tools, plastic-looking skin, HDR halos, heavy vignette, oversaturation."
Transfer Tapes Dispenser,transfer-tapes-dispenser,atg-tapes,3,Applicator detail,Picture Framing Tapes,"an extreme macro of an ATG gun laying a clear adhesive line onto matte board, the transfer film peeling away cleanly; dramatic side lighting. The tape itself is the hero of the image and is shown plain and unbranded. Photorealistic commercial product photography. Full-frame camera, 50mm lens for scene shots and 100mm macro for detail shots, f/4, sharp focus on the point of application with the background falling away softly. Natural colour, realistic material response, true-to-life scale. Hands, where shown, are anatomically correct with five fingers and clean, unmanicured working nails. ABSOLUTELY NO TEXT of any kind: no letters, words, numbers, logos, brand names, printed labels, barcodes, packaging copy, signage text, watermarks or UI overlays anywhere in the frame. Every tape roll, carton, panel, tool and surface is completely blank and unbranded. No invented lettering, no partial or garbled characters. Avoid: extra fingers, malformed hands, floating objects, duplicated tools, plastic-looking skin, HDR halos, heavy vignette, oversaturation."
Felt Dots,felt-dots,felt-tapes-dots,1,Chair leg,Building & Construction,"self-adhesive felt pads being pressed onto the base of a timber dining chair leg, hardwood floor below; warm domestic light, grain detail sharp. The tape itself is the hero of the image and is shown plain and unbranded. Photorealistic commercial product photography. Full-frame camera, 50mm lens for scene shots and 100mm macro for detail shots, f/4, sharp focus on the point of application with the background falling away softly. Natural colour, realistic material response, true-to-life scale. Hands, where shown, are anatomically correct with five fingers and clean, unmanicured working nails. ABSOLUTELY NO TEXT of any kind: no letters, words, numbers, logos, brand names, printed labels, barcodes, packaging copy, signage text, watermarks or UI overlays anywhere in the frame. Every tape roll, carton, panel, tool and surface is completely blank and unbranded. No invented lettering, no partial or garbled characters. Avoid: extra fingers, malformed hands, floating objects, duplicated tools, plastic-looking skin, HDR halos, heavy vignette, oversaturation."
Felt Dots,felt-dots,felt-tapes-dots,2,Drawer runner,Building & Construction,"felt tape applied along a timber drawer runner in a cabinetmaking workshop to silence the slide; warm task lighting. The tape itself is the hero of the image and is shown plain and unbranded. Photorealistic commercial product photography. Full-frame camera, 50mm lens for scene shots and 100mm macro for detail shots, f/4, sharp focus on the point of application with the background falling away softly. Natural colour, realistic material response, true-to-life scale. Hands, where shown, are anatomically correct with five fingers and clean, unmanicured working nails. ABSOLUTELY NO TEXT of any kind: no letters, words, numbers, logos, brand names, printed labels, barcodes, packaging copy, signage text, watermarks or UI overlays anywhere in the frame. Every tape roll, carton, panel, tool and surface is completely blank and unbranded. No invented lettering, no partial or garbled characters. Avoid: extra fingers, malformed hands, floating objects, duplicated tools, plastic-looking skin, HDR halos, heavy vignette, oversaturation."
Felt Dots,felt-dots,felt-tapes-dots,3,Furniture base,Building & Construction,"felt dots on the underside of a ceramic lamp base resting on a polished sideboard; soft interior light, protective intent clear. The tape itself is the hero of the image and is shown plain and unbranded. Photorealistic commercial product photography. Full-frame camera, 50mm lens for scene shots and 100mm macro for detail shots, f/4, sharp focus on the point of application with the background falling away softly. Natural colour, realistic material response, true-to-life scale. Hands, where shown, are anatomically correct with five fingers and clean, unmanicured working nails. ABSOLUTELY NO TEXT of any kind: no letters, words, numbers, logos, brand names, printed labels, barcodes, packaging copy, signage text, watermarks or UI overlays anywhere in the frame. Every tape roll, carton, panel, tool and surface is completely blank and unbranded. No invented lettering, no partial or garbled characters. Avoid: extra fingers, malformed hands, floating objects, duplicated tools, plastic-looking skin, HDR halos, heavy vignette, oversaturation."
Hook & Loop Sticky Dots 1000/5000 Pcs,hook-loop-adhesive-dots,hook-loop-tapes,1,Cable management,Display Signage,"a close-up of a person's hands wrapping a bundle of black and grey cables beneath a modern office desk, cinching them with a strip of plain black hook-and-loop fastener; polished concrete floor and a chair caster softly out of focus behind. The tape itself is the hero of the image and is shown plain and unbranded. Photorealistic commercial product photography. Full-frame camera, 50mm lens for scene shots and 100mm macro for detail shots, f/4, sharp focus on the point of application with the background falling away softly. Natural colour, realistic material response, true-to-life scale. Hands, where shown, are anatomically correct with five fingers and clean, unmanicured working nails. ABSOLUTELY NO TEXT of any kind: no letters, words, numbers, logos, brand names, printed labels, barcodes, packaging copy, signage text, watermarks or UI overlays anywhere in the frame. Every tape roll, carton, panel, tool and surface is completely blank and unbranded. No invented lettering, no partial or garbled characters. Avoid: extra fingers, malformed hands, floating objects, duplicated tools, plastic-looking skin, HDR halos, heavy vignette, oversaturation."
Hook & Loop Sticky Dots 1000/5000 Pcs,hook-loop-adhesive-dots,hook-loop-tapes,2,Exhibition panel,Display Signage,"a trade-show technician pressing a lightweight fabric display panel onto an aluminium frame upright, a strip of plain black hook-and-loop fastener visible along the frame edge; bright even exhibition-hall lighting, other booths blurred far behind. The tape itself is the hero of the image and is shown plain and unbranded. Photorealistic commercial product photography. Full-frame camera, 50mm lens for scene shots and 100mm macro for detail shots, f/4, sharp focus on the point of application with the background falling away softly. Natural colour, realistic material response, true-to-life scale. Hands, where shown, are anatomically correct with five fingers and clean, unmanicured working nails. ABSOLUTELY NO TEXT of any kind: no letters, words, numbers, logos, brand names, printed labels, barcodes, packaging copy, signage text, watermarks or UI overlays anywhere in the frame. Every tape roll, carton, panel, tool and surface is completely blank and unbranded. No invented lettering, no partial or garbled characters. Avoid: extra fingers, malformed hands, floating objects, duplicated tools, plastic-looking skin, HDR halos, heavy vignette, oversaturation."
Hook & Loop Sticky Dots 1000/5000 Pcs,hook-loop-adhesive-dots,hook-loop-tapes,3,Marine cushion,Display Signage,"hands refitting a removable vinyl seat cushion onto a boat bench, plain black hook-and-loop strips bonded to the underside of the cushion and the fibreglass seat base; bright coastal daylight, water sparkling out of focus beyond the gunwale. The tape itself is the hero of the image and is shown plain and unbranded. Photorealistic commercial product photography. Full-frame camera, 50mm lens for scene shots and 100mm macro for detail shots, f/4, sharp focus on the point of application with the background falling away softly. Natural colour, realistic material response, true-to-life scale. Hands, where shown, are anatomically correct with five fingers and clean, unmanicured working nails. ABSOLUTELY NO TEXT of any kind: no letters, words, numbers, logos, brand names, printed labels, barcodes, packaging copy, signage text, watermarks or UI overlays anywhere in the frame. Every tape roll, carton, panel, tool and surface is completely blank and unbranded. No invented lettering, no partial or garbled characters. Avoid: extra fingers, malformed hands, floating objects, duplicated tools, plastic-looking skin, HDR halos, heavy vignette, oversaturation."
Magnetic Tapes Non Adhesive,magnetic-tapes-non-adhesive,magnetic-tapes,1,Signage swap,Nameplates,"hands sliding a blank display panel onto a magnetic strip mounted on a steel shopfitting rail; clean retail interior, bright even lighting. The tape itself is the hero of the image and is shown plain and unbranded. Photorealistic commercial product photography. Full-frame camera, 50mm lens for scene shots and 100mm macro for detail shots, f/4, sharp focus on the point of application with the background falling away softly. Natural colour, realistic material response, true-to-life scale. Hands, where shown, are anatomically correct with five fingers and clean, unmanicured working nails. ABSOLUTELY NO TEXT of any kind: no letters, words, numbers, logos, brand names, printed labels, barcodes, packaging copy, signage text, watermarks or UI overlays anywhere in the frame. Every tape roll, carton, panel, tool and surface is completely blank and unbranded. No invented lettering, no partial or garbled characters. Avoid: extra fingers, malformed hands, floating objects, duplicated tools, plastic-looking skin, HDR halos, heavy vignette, oversaturation."
Magnetic Tapes Non Adhesive,magnetic-tapes-non-adhesive,magnetic-tapes,2,Whiteboard label,Nameplates,"a magnetic tape strip holding a blank card label onto a steel planning board in an office; shallow depth of field, cool daylight. The tape itself is the hero of the image and is shown plain and unbranded. Photorealistic commercial product photography. Full-frame camera, 50mm lens for scene shots and 100mm macro for detail shots, f/4, sharp focus on the point of application with the background falling away softly. Natural colour, realistic material response, true-to-life scale. Hands, where shown, are anatomically correct with five fingers and clean, unmanicured working nails. ABSOLUTELY NO TEXT of any kind: no letters, words, numbers, logos, brand names, printed labels, barcodes, packaging copy, signage text, watermarks or UI overlays anywhere in the frame. Every tape roll, carton, panel, tool and surface is completely blank and unbranded. No invented lettering, no partial or garbled characters. Avoid: extra fingers, malformed hands, floating objects, duplicated tools, plastic-looking skin, HDR halos, heavy vignette, oversaturation."
Magnetic Tapes Non Adhesive,magnetic-tapes-non-adhesive,magnetic-tapes,3,Strip detail,Nameplates,"an extreme close-up of flexible magnetic tape being pressed onto a steel surface, the matte magnetic face and adhesive backing both visible; raking light. The tape itself is the hero of the image and is shown plain and unbranded. Photorealistic commercial product photography. Full-frame camera, 50mm lens for scene shots and 100mm macro for detail shots, f/4, sharp focus on the point of application with the background falling away softly. Natural colour, realistic material response, true-to-life scale. Hands, where shown, are anatomically correct with five fingers and clean, unmanicured working nails. ABSOLUTELY NO TEXT of any kind: no letters, words, numbers, logos, brand names, printed labels, barcodes, packaging copy, signage text, watermarks or UI overlays anywhere in the frame. Every tape roll, carton, panel, tool and surface is completely blank and unbranded. No invented lettering, no partial or garbled characters. Avoid: extra fingers, malformed hands, floating objects, duplicated tools, plastic-looking skin, HDR halos, heavy vignette, oversaturation."
Danger’ Printed Barricade Tape- Red/White 75mm x 100m,danger-tape,barricade-hazard-tapes,1,Site cordon,"Sheathing & Moisture Management, Solar Energy","red and white hazard barricade tape strung between two steel star pickets across a construction excavation, tape lifting slightly in the breeze; overcast daylight, site machinery blurred behind. The tape itself is the hero of the image and is shown plain and unbranded. Photorealistic commercial product photography. Full-frame camera, 50mm lens for scene shots and 100mm macro for detail shots, f/4, sharp focus on the point of application with the background falling away softly. Natural colour, realistic material response, true-to-life scale. Hands, where shown, are anatomically correct with five fingers and clean, unmanicured working nails. ABSOLUTELY NO TEXT of any kind: no letters, words, numbers, logos, brand names, printed labels, barcodes, packaging copy, signage text, watermarks or UI overlays anywhere in the frame. Every tape roll, carton, panel, tool and surface is completely blank and unbranded. No invented lettering, no partial or garbled characters. Avoid: extra fingers, malformed hands, floating objects, duplicated tools, plastic-looking skin, HDR halos, heavy vignette, oversaturation."
Danger’ Printed Barricade Tape- Red/White 75mm x 100m,danger-tape,barricade-hazard-tapes,2,Trip hazard,"Sheathing & Moisture Management, Solar Energy","yellow and black hazard tape marking off a section of wet polished concrete floor in a warehouse, wet-floor sheen visible; cool overhead lighting. The tape itself is the hero of the image and is shown plain and unbranded. Photorealistic commercial product photography. Full-frame camera, 50mm lens for scene shots and 100mm macro for detail shots, f/4, sharp focus on the point of application with the background falling away softly. Natural colour, realistic material response, true-to-life scale. Hands, where shown, are anatomically correct with five fingers and clean, unmanicured working nails. ABSOLUTELY NO TEXT of any kind: no letters, words, numbers, logos, brand names, printed labels, barcodes, packaging copy, signage text, watermarks or UI overlays anywhere in the frame. Every tape roll, carton, panel, tool and surface is completely blank and unbranded. No invented lettering, no partial or garbled characters. Avoid: extra fingers, malformed hands, floating objects, duplicated tools, plastic-looking skin, HDR halos, heavy vignette, oversaturation."
Danger’ Printed Barricade Tape- Red/White 75mm x 100m,danger-tape,barricade-hazard-tapes,3,Roll in hand,"Sheathing & Moisture Management, Solar Energy","a site supervisor in hi-vis unrolling barricade tape along a temporary walkway, gloved hands sharp, tape stretching away out of focus; bright daylight. The tape itself is the hero of the image and is shown plain and unbranded. Photorealistic commercial product photography. Full-frame camera, 50mm lens for scene shots and 100mm macro for detail shots, f/4, sharp focus on the point of application with the background falling away softly. Natural colour, realistic material response, true-to-life scale. Hands, where shown, are anatomically correct with five fingers and clean, unmanicured working nails. ABSOLUTELY NO TEXT of any kind: no letters, words, numbers, logos, brand names, printed labels, barcodes, packaging copy, signage text, watermarks or UI overlays anywhere in the frame. Every tape roll, carton, panel, tool and surface is completely blank and unbranded. No invented lettering, no partial or garbled characters. Avoid: extra fingers, malformed hands, floating objects, duplicated tools, plastic-looking skin, HDR halos, heavy vignette, oversaturation."
Caution Printed Barricade Tape- Yellow 75mm x 100m,caution-tape,barricade-hazard-tapes,1,Site cordon,"Sheathing & Moisture Management, Solar Energy","red and white hazard barricade tape strung between two steel star pickets across a construction excavation, tape lifting slightly in the breeze; overcast daylight, site machinery blurred behind. The tape itself is the hero of the image and is shown plain and unbranded. Photorealistic commercial product photography. Full-frame camera, 50mm lens for scene shots and 100mm macro for detail shots, f/4, sharp focus on the point of application with the background falling away softly. Natural colour, realistic material response, true-to-life scale. Hands, where shown, are anatomically correct with five fingers and clean, unmanicured working nails. ABSOLUTELY NO TEXT of any kind: no letters, words, numbers, logos, brand names, printed labels, barcodes, packaging copy, signage text, watermarks or UI overlays anywhere in the frame. Every tape roll, carton, panel, tool and surface is completely blank and unbranded. No invented lettering, no partial or garbled characters. Avoid: extra fingers, malformed hands, floating objects, duplicated tools, plastic-looking skin, HDR halos, heavy vignette, oversaturation."
Caution Printed Barricade Tape- Yellow 75mm x 100m,caution-tape,barricade-hazard-tapes,2,Trip hazard,"Sheathing & Moisture Management, Solar Energy","yellow and black hazard tape marking off a section of wet polished concrete floor in a warehouse, wet-floor sheen visible; cool overhead lighting. The tape itself is the hero of the image and is shown plain and unbranded. Photorealistic commercial product photography. Full-frame camera, 50mm lens for scene shots and 100mm macro for detail shots, f/4, sharp focus on the point of application with the background falling away softly. Natural colour, realistic material response, true-to-life scale. Hands, where shown, are anatomically correct with five fingers and clean, unmanicured working nails. ABSOLUTELY NO TEXT of any kind: no letters, words, numbers, logos, brand names, printed labels, barcodes, packaging copy, signage text, watermarks or UI overlays anywhere in the frame. Every tape roll, carton, panel, tool and surface is completely blank and unbranded. No invented lettering, no partial or garbled characters. Avoid: extra fingers, malformed hands, floating objects, duplicated tools, plastic-looking skin, HDR halos, heavy vignette, oversaturation."
Caution Printed Barricade Tape- Yellow 75mm x 100m,caution-tape,barricade-hazard-tapes,3,Roll in hand,"Sheathing & Moisture Management, Solar Energy","a site supervisor in hi-vis unrolling barricade tape along a temporary walkway, gloved hands sharp, tape stretching away out of focus; bright daylight. The tape itself is the hero of the image and is shown plain and unbranded. Photorealistic commercial product photography. Full-frame camera, 50mm lens for scene shots and 100mm macro for detail shots, f/4, sharp focus on the point of application with the background falling away softly. Natural colour, realistic material response, true-to-life scale. Hands, where shown, are anatomically correct with five fingers and clean, unmanicured working nails. ABSOLUTELY NO TEXT of any kind: no letters, words, numbers, logos, brand names, printed labels, barcodes, packaging copy, signage text, watermarks or UI overlays anywhere in the frame. Every tape roll, carton, panel, tool and surface is completely blank and unbranded. No invented lettering, no partial or garbled characters. Avoid: extra fingers, malformed hands, floating objects, duplicated tools, plastic-looking skin, HDR halos, heavy vignette, oversaturation."
H11/RB Pistol Grip Dispenser,h11-rb-pistol-grip-dispenser,tapes-dispensers,1,Packing bench,,"a warehouse worker's hands running a handheld tape gun along the centre seam of a plain kraft carton on a stainless packing bench; stacks of flattened boxes and a label printer softly blurred behind, bright industrial daylight. The tape itself is the hero of the image and is shown plain and unbranded. Photorealistic commercial product photography. Full-frame camera, 50mm lens for scene shots and 100mm macro for detail shots, f/4, sharp focus on the point of application with the background falling away softly. Natural colour, realistic material response, true-to-life scale. Hands, where shown, are anatomically correct with five fingers and clean, unmanicured working nails. ABSOLUTELY NO TEXT of any kind: no letters, words, numbers, logos, brand names, printed labels, barcodes, packaging copy, signage text, watermarks or UI overlays anywhere in the frame. Every tape roll, carton, panel, tool and surface is completely blank and unbranded. No invented lettering, no partial or garbled characters. Avoid: extra fingers, malformed hands, floating objects, duplicated tools, plastic-looking skin, HDR halos, heavy vignette, oversaturation."
H11/RB Pistol Grip Dispenser,h11-rb-pistol-grip-dispenser,tapes-dispensers,2,Benchtop station,,"a benchtop tape dispenser with a weighted base on a workshop bench, a hand drawing a length of clear tape across the cutting blade; hand tools and a steel rule arranged nearby, warm workshop lighting from a window. The tape itself is the hero of the image and is shown plain and unbranded. Photorealistic commercial product photography. Full-frame camera, 50mm lens for scene shots and 100mm macro for detail shots, f/4, sharp focus on the point of application with the background falling away softly. Natural colour, realistic material response, true-to-life scale. Hands, where shown, are anatomically correct with five fingers and clean, unmanicured working nails. ABSOLUTELY NO TEXT of any kind: no letters, words, numbers, logos, brand names, printed labels, barcodes, packaging copy, signage text, watermarks or UI overlays anywhere in the frame. Every tape roll, carton, panel, tool and surface is completely blank and unbranded. No invented lettering, no partial or garbled characters. Avoid: extra fingers, malformed hands, floating objects, duplicated tools, plastic-looking skin, HDR halos, heavy vignette, oversaturation."
H11/RB Pistol Grip Dispenser,h11-rb-pistol-grip-dispenser,tapes-dispensers,3,Dispatch line,,"an over-the-shoulder view of a dispatch operator sealing the last of a row of identical kraft cartons along a roller conveyor, tape gun mid-stroke; long depth of field down the line, cool warehouse lighting. The tape itself is the hero of the image and is shown plain and unbranded. Photorealistic commercial product photography. Full-frame camera, 50mm lens for scene shots and 100mm macro for detail shots, f/4, sharp focus on the point of application with the background falling away softly. Natural colour, realistic material response, true-to-life scale. Hands, where shown, are anatomically correct with five fingers and clean, unmanicured working nails. ABSOLUTELY NO TEXT of any kind: no letters, words, numbers, logos, brand names, printed labels, barcodes, packaging copy, signage text, watermarks or UI overlays anywhere in the frame. Every tape roll, carton, panel, tool and surface is completely blank and unbranded. No invented lettering, no partial or garbled characters. Avoid: extra fingers, malformed hands, floating objects, duplicated tools, plastic-looking skin, HDR halos, heavy vignette, oversaturation."
H11/SG Pistol Grip Dispenser,h11-sg-pistol-grip-dispenser,tapes-dispensers,1,Packing bench,,"a warehouse worker's hands running a handheld tape gun along the centre seam of a plain kraft carton on a stainless packing bench; stacks of flattened boxes and a label printer softly blurred behind, bright industrial daylight. The tape itself is the hero of the image and is shown plain and unbranded. Photorealistic commercial product photography. Full-frame camera, 50mm lens for scene shots and 100mm macro for detail shots, f/4, sharp focus on the point of application with the background falling away softly. Natural colour, realistic material response, true-to-life scale. Hands, where shown, are anatomically correct with five fingers and clean, unmanicured working nails. ABSOLUTELY NO TEXT of any kind: no letters, words, numbers, logos, brand names, printed labels, barcodes, packaging copy, signage text, watermarks or UI overlays anywhere in the frame. Every tape roll, carton, panel, tool and surface is completely blank and unbranded. No invented lettering, no partial or garbled characters. Avoid: extra fingers, malformed hands, floating objects, duplicated tools, plastic-looking skin, HDR halos, heavy vignette, oversaturation."
H11/SG Pistol Grip Dispenser,h11-sg-pistol-grip-dispenser,tapes-dispensers,2,Benchtop station,,"a benchtop tape dispenser with a weighted base on a workshop bench, a hand drawing a length of clear tape across the cutting blade; hand tools and a steel rule arranged nearby, warm workshop lighting from a window. The tape itself is the hero of the image and is shown plain and unbranded. Photorealistic commercial product photography. Full-frame camera, 50mm lens for scene shots and 100mm macro for detail shots, f/4, sharp focus on the point of application with the background falling away softly. Natural colour, realistic material response, true-to-life scale. Hands, where shown, are anatomically correct with five fingers and clean, unmanicured working nails. ABSOLUTELY NO TEXT of any kind: no letters, words, numbers, logos, brand names, printed labels, barcodes, packaging copy, signage text, watermarks or UI overlays anywhere in the frame. Every tape roll, carton, panel, tool and surface is completely blank and unbranded. No invented lettering, no partial or garbled characters. Avoid: extra fingers, malformed hands, floating objects, duplicated tools, plastic-looking skin, HDR halos, heavy vignette, oversaturation."
H11/SG Pistol Grip Dispenser,h11-sg-pistol-grip-dispenser,tapes-dispensers,3,Dispatch line,,"an over-the-shoulder view of a dispatch operator sealing the last of a row of identical kraft cartons along a roller conveyor, tape gun mid-stroke; long depth of field down the line, cool warehouse lighting. The tape itself is the hero of the image and is shown plain and unbranded. Photorealistic commercial product photography. Full-frame camera, 50mm lens for scene shots and 100mm macro for detail shots, f/4, sharp focus on the point of application with the background falling away softly. Natural colour, realistic material response, true-to-life scale. Hands, where shown, are anatomically correct with five fingers and clean, unmanicured working nails. ABSOLUTELY NO TEXT of any kind: no letters, words, numbers, logos, brand names, printed labels, barcodes, packaging copy, signage text, watermarks or UI overlays anywhere in the frame. Every tape roll, carton, panel, tool and surface is completely blank and unbranded. No invented lettering, no partial or garbled characters. Avoid: extra fingers, malformed hands, floating objects, duplicated tools, plastic-looking skin, HDR halos, heavy vignette, oversaturation."
H11/CPW Pistol Grip Dispenser 75mm,h11-cpw-pistol-grip-dispenser-75mm,tapes-dispensers,1,Packing bench,,"a warehouse worker's hands running a handheld tape gun along the centre seam of a plain kraft carton on a stainless packing bench; stacks of flattened boxes and a label printer softly blurred behind, bright industrial daylight. The tape itself is the hero of the image and is shown plain and unbranded. Photorealistic commercial product photography. Full-frame camera, 50mm lens for scene shots and 100mm macro for detail shots, f/4, sharp focus on the point of application with the background falling away softly. Natural colour, realistic material response, true-to-life scale. Hands, where shown, are anatomically correct with five fingers and clean, unmanicured working nails. ABSOLUTELY NO TEXT of any kind: no letters, words, numbers, logos, brand names, printed labels, barcodes, packaging copy, signage text, watermarks or UI overlays anywhere in the frame. Every tape roll, carton, panel, tool and surface is completely blank and unbranded. No invented lettering, no partial or garbled characters. Avoid: extra fingers, malformed hands, floating objects, duplicated tools, plastic-looking skin, HDR halos, heavy vignette, oversaturation."
H11/CPW Pistol Grip Dispenser 75mm,h11-cpw-pistol-grip-dispenser-75mm,tapes-dispensers,2,Benchtop station,,"a benchtop tape dispenser with a weighted base on a workshop bench, a hand drawing a length of clear tape across the cutting blade; hand tools and a steel rule arranged nearby, warm workshop lighting from a window. The tape itself is the hero of the image and is shown plain and unbranded. Photorealistic commercial product photography. Full-frame camera, 50mm lens for scene shots and 100mm macro for detail shots, f/4, sharp focus on the point of application with the background falling away softly. Natural colour, realistic material response, true-to-life scale. Hands, where shown, are anatomically correct with five fingers and clean, unmanicured working nails. ABSOLUTELY NO TEXT of any kind: no letters, words, numbers, logos, brand names, printed labels, barcodes, packaging copy, signage text, watermarks or UI overlays anywhere in the frame. Every tape roll, carton, panel, tool and surface is completely blank and unbranded. No invented lettering, no partial or garbled characters. Avoid: extra fingers, malformed hands, floating objects, duplicated tools, plastic-looking skin, HDR halos, heavy vignette, oversaturation."
H11/CPW Pistol Grip Dispenser 75mm,h11-cpw-pistol-grip-dispenser-75mm,tapes-dispensers,3,Dispatch line,,"an over-the-shoulder view of a dispatch operator sealing the last of a row of identical kraft cartons along a roller conveyor, tape gun mid-stroke; long depth of field down the line, cool warehouse lighting. The tape itself is the hero of the image and is shown plain and unbranded. Photorealistic commercial product photography. Full-frame camera, 50mm lens for scene shots and 100mm macro for detail shots, f/4, sharp focus on the point of application with the background falling away softly. Natural colour, realistic material response, true-to-life scale. Hands, where shown, are anatomically correct with five fingers and clean, unmanicured working nails. ABSOLUTELY NO TEXT of any kind: no letters, words, numbers, logos, brand names, printed labels, barcodes, packaging copy, signage text, watermarks or UI overlays anywhere in the frame. Every tape roll, carton, panel, tool and surface is completely blank and unbranded. No invented lettering, no partial or garbled characters. Avoid: extra fingers, malformed hands, floating objects, duplicated tools, plastic-looking skin, HDR halos, heavy vignette, oversaturation."
Red Double Sided Polyester Tape,red-double-sided-polyester-tape,polyester-tape,1,Powder-coat masking,"Aerospace Defense, Electronics & Electrical","gloved hands masking threaded holes on a steel bracket with green polyester tape before powder coating, parts jig behind; bright industrial lighting, matte metal. The tape itself is the hero of the image and is shown plain and unbranded. Photorealistic commercial product photography. Full-frame camera, 50mm lens for scene shots and 100mm macro for detail shots, f/4, sharp focus on the point of application with the background falling away softly. Natural colour, realistic material response, true-to-life scale. Hands, where shown, are anatomically correct with five fingers and clean, unmanicured working nails. ABSOLUTELY NO TEXT of any kind: no letters, words, numbers, logos, brand names, printed labels, barcodes, packaging copy, signage text, watermarks or UI overlays anywhere in the frame. Every tape roll, carton, panel, tool and surface is completely blank and unbranded. No invented lettering, no partial or garbled characters. Avoid: extra fingers, malformed hands, floating objects, duplicated tools, plastic-looking skin, HDR halos, heavy vignette, oversaturation."
Red Double Sided Polyester Tape,red-double-sided-polyester-tape,polyester-tape,2,Coil insulation,"Aerospace Defense, Electronics & Electrical","a close-up of thin polyester film tape wrapped around a transformer coil on an electronics bench; sharp macro detail, cool task lighting. The tape itself is the hero of the image and is shown plain and unbranded. Photorealistic commercial product photography. Full-frame camera, 50mm lens for scene shots and 100mm macro for detail shots, f/4, sharp focus on the point of application with the background falling away softly. Natural colour, realistic material response, true-to-life scale. Hands, where shown, are anatomically correct with five fingers and clean, unmanicured working nails. ABSOLUTELY NO TEXT of any kind: no letters, words, numbers, logos, brand names, printed labels, barcodes, packaging copy, signage text, watermarks or UI overlays anywhere in the frame. Every tape roll, carton, panel, tool and surface is completely blank and unbranded. No invented lettering, no partial or garbled characters. Avoid: extra fingers, malformed hands, floating objects, duplicated tools, plastic-looking skin, HDR halos, heavy vignette, oversaturation."
Red Double Sided Polyester Tape,red-double-sided-polyester-tape,polyester-tape,3,Plating mask,"Aerospace Defense, Electronics & Electrical","polyester masking tape discs applied to machined aluminium parts on a tray before surface treatment; clean bright factory light. The tape itself is the hero of the image and is shown plain and unbranded. Photorealistic commercial product photography. Full-frame camera, 50mm lens for scene shots and 100mm macro for detail shots, f/4, sharp focus on the point of application with the background falling away softly. Natural colour, realistic material response, true-to-life scale. Hands, where shown, are anatomically correct with five fingers and clean, unmanicured working nails. ABSOLUTELY NO TEXT of any kind: no letters, words, numbers, logos, brand names, printed labels, barcodes, packaging copy, signage text, watermarks or UI overlays anywhere in the frame. Every tape roll, carton, panel, tool and surface is completely blank and unbranded. No invented lettering, no partial or garbled characters. Avoid: extra fingers, malformed hands, floating objects, duplicated tools, plastic-looking skin, HDR halos, heavy vignette, oversaturation."
Double Sided Exhibition Cloth Tape,double-sided-exhibition-cloth-tape,cloth-double-sided-tape,1,Carpet laying,"Display Signage, Manufacturing","a flooring installer pressing carpet down onto strips of double-sided cloth tape across a subfloor, knee kicker beside them; bright renovation daylight, dust motes in the air. The tape itself is the hero of the image and is shown plain and unbranded. Photorealistic commercial product photography. Full-frame camera, 50mm lens for scene shots and 100mm macro for detail shots, f/4, sharp focus on the point of application with the background falling away softly. Natural colour, realistic material response, true-to-life scale. Hands, where shown, are anatomically correct with five fingers and clean, unmanicured working nails. ABSOLUTELY NO TEXT of any kind: no letters, words, numbers, logos, brand names, printed labels, barcodes, packaging copy, signage text, watermarks or UI overlays anywhere in the frame. Every tape roll, carton, panel, tool and surface is completely blank and unbranded. No invented lettering, no partial or garbled characters. Avoid: extra fingers, malformed hands, floating objects, duplicated tools, plastic-looking skin, HDR halos, heavy vignette, oversaturation."
Double Sided Exhibition Cloth Tape,double-sided-exhibition-cloth-tape,cloth-double-sided-tape,2,Exhibition floor,"Display Signage, Manufacturing","hands laying carpet tiles onto double-sided tape over a temporary exhibition floor, tile edges butted tight; even hall lighting. The tape itself is the hero of the image and is shown plain and unbranded. Photorealistic commercial product photography. Full-frame camera, 50mm lens for scene shots and 100mm macro for detail shots, f/4, sharp focus on the point of application with the background falling away softly. Natural colour, realistic material response, true-to-life scale. Hands, where shown, are anatomically correct with five fingers and clean, unmanicured working nails. ABSOLUTELY NO TEXT of any kind: no letters, words, numbers, logos, brand names, printed labels, barcodes, packaging copy, signage text, watermarks or UI overlays anywhere in the frame. Every tape roll, carton, panel, tool and surface is completely blank and unbranded. No invented lettering, no partial or garbled characters. Avoid: extra fingers, malformed hands, floating objects, duplicated tools, plastic-looking skin, HDR halos, heavy vignette, oversaturation."
Double Sided Exhibition Cloth Tape,double-sided-exhibition-cloth-tape,cloth-double-sided-tape,3,Tape on subfloor,"Display Signage, Manufacturing","a close-up of double-sided cloth tape being unrolled across a plywood subfloor in a straight line, release liner peeling; raking daylight showing the grid. The tape itself is the hero of the image and is shown plain and unbranded. Photorealistic commercial product photography. Full-frame camera, 50mm lens for scene shots and 100mm macro for detail shots, f/4, sharp focus on the point of application with the background falling away softly. Natural colour, realistic material response, true-to-life scale. Hands, where shown, are anatomically correct with five fingers and clean, unmanicured working nails. ABSOLUTELY NO TEXT of any kind: no letters, words, numbers, logos, brand names, printed labels, barcodes, packaging copy, signage text, watermarks or UI overlays anywhere in the frame. Every tape roll, carton, panel, tool and surface is completely blank and unbranded. No invented lettering, no partial or garbled characters. Avoid: extra fingers, malformed hands, floating objects, duplicated tools, plastic-looking skin, HDR halos, heavy vignette, oversaturation."
Hook & Loop Straps 50mm x 5m (Set of 5),hook-loop-straps-50mm-x-5m,hook-loop-tapes,1,Cable management,,"a close-up of a person's hands wrapping a bundle of black and grey cables beneath a modern office desk, cinching them with a strip of plain black hook-and-loop fastener; polished concrete floor and a chair caster softly out of focus behind. The tape itself is the hero of the image and is shown plain and unbranded. Photorealistic commercial product photography. Full-frame camera, 50mm lens for scene shots and 100mm macro for detail shots, f/4, sharp focus on the point of application with the background falling away softly. Natural colour, realistic material response, true-to-life scale. Hands, where shown, are anatomically correct with five fingers and clean, unmanicured working nails. ABSOLUTELY NO TEXT of any kind: no letters, words, numbers, logos, brand names, printed labels, barcodes, packaging copy, signage text, watermarks or UI overlays anywhere in the frame. Every tape roll, carton, panel, tool and surface is completely blank and unbranded. No invented lettering, no partial or garbled characters. Avoid: extra fingers, malformed hands, floating objects, duplicated tools, plastic-looking skin, HDR halos, heavy vignette, oversaturation."
Hook & Loop Straps 50mm x 5m (Set of 5),hook-loop-straps-50mm-x-5m,hook-loop-tapes,2,Exhibition panel,,"a trade-show technician pressing a lightweight fabric display panel onto an aluminium frame upright, a strip of plain black hook-and-loop fastener visible along the frame edge; bright even exhibition-hall lighting, other booths blurred far behind. The tape itself is the hero of the image and is shown plain and unbranded. Photorealistic commercial product photography. Full-frame camera, 50mm lens for scene shots and 100mm macro for detail shots, f/4, sharp focus on the point of application with the background falling away softly. Natural colour, realistic material response, true-to-life scale. Hands, where shown, are anatomically correct with five fingers and clean, unmanicured working nails. ABSOLUTELY NO TEXT of any kind: no letters, words, numbers, logos, brand names, printed labels, barcodes, packaging copy, signage text, watermarks or UI overlays anywhere in the frame. Every tape roll, carton, panel, tool and surface is completely blank and unbranded. No invented lettering, no partial or garbled characters. Avoid: extra fingers, malformed hands, floating objects, duplicated tools, plastic-looking skin, HDR halos, heavy vignette, oversaturation."
Hook & Loop Straps 50mm x 5m (Set of 5),hook-loop-straps-50mm-x-5m,hook-loop-tapes,3,Marine cushion,,"hands refitting a removable vinyl seat cushion onto a boat bench, plain black hook-and-loop strips bonded to the underside of the cushion and the fibreglass seat base; bright coastal daylight, water sparkling out of focus beyond the gunwale. The tape itself is the hero of the image and is shown plain and unbranded. Photorealistic commercial product photography. Full-frame camera, 50mm lens for scene shots and 100mm macro for detail shots, f/4, sharp focus on the point of application with the background falling away softly. Natural colour, realistic material response, true-to-life scale. Hands, where shown, are anatomically correct with five fingers and clean, unmanicured working nails. ABSOLUTELY NO TEXT of any kind: no letters, words, numbers, logos, brand names, printed labels, barcodes, packaging copy, signage text, watermarks or UI overlays anywhere in the frame. Every tape roll, carton, panel, tool and surface is completely blank and unbranded. No invented lettering, no partial or garbled characters. Avoid: extra fingers, malformed hands, floating objects, duplicated tools, plastic-looking skin, HDR halos, heavy vignette, oversaturation."
VELCRO® Self Adhesive Hook and Loop Roll,velcro-adhesive-backed-hook-loop,hook-loop-tapes,1,Cable management,,"a close-up of a person's hands wrapping a bundle of black and grey cables beneath a modern office desk, cinching them with a strip of plain black hook-and-loop fastener; polished concrete floor and a chair caster softly out of focus behind. The tape itself is the hero of the image and is shown plain and unbranded. Photorealistic commercial product photography. Full-frame camera, 50mm lens for scene shots and 100mm macro for detail shots, f/4, sharp focus on the point of application with the background falling away softly. Natural colour, realistic material response, true-to-life scale. Hands, where shown, are anatomically correct with five fingers and clean, unmanicured working nails. ABSOLUTELY NO TEXT of any kind: no letters, words, numbers, logos, brand names, printed labels, barcodes, packaging copy, signage text, watermarks or UI overlays anywhere in the frame. Every tape roll, carton, panel, tool and surface is completely blank and unbranded. No invented lettering, no partial or garbled characters. Avoid: extra fingers, malformed hands, floating objects, duplicated tools, plastic-looking skin, HDR halos, heavy vignette, oversaturation."
VELCRO® Self Adhesive Hook and Loop Roll,velcro-adhesive-backed-hook-loop,hook-loop-tapes,2,Exhibition panel,,"a trade-show technician pressing a lightweight fabric display panel onto an aluminium frame upright, a strip of plain black hook-and-loop fastener visible along the frame edge; bright even exhibition-hall lighting, other booths blurred far behind. The tape itself is the hero of the image and is shown plain and unbranded. Photorealistic commercial product photography. Full-frame camera, 50mm lens for scene shots and 100mm macro for detail shots, f/4, sharp focus on the point of application with the background falling away softly. Natural colour, realistic material response, true-to-life scale. Hands, where shown, are anatomically correct with five fingers and clean, unmanicured working nails. ABSOLUTELY NO TEXT of any kind: no letters, words, numbers, logos, brand names, printed labels, barcodes, packaging copy, signage text, watermarks or UI overlays anywhere in the frame. Every tape roll, carton, panel, tool and surface is completely blank and unbranded. No invented lettering, no partial or garbled characters. Avoid: extra fingers, malformed hands, floating objects, duplicated tools, plastic-looking skin, HDR halos, heavy vignette, oversaturation."
VELCRO® Self Adhesive Hook and Loop Roll,velcro-adhesive-backed-hook-loop,hook-loop-tapes,3,Marine cushion,,"hands refitting a removable vinyl seat cushion onto a boat bench, plain black hook-and-loop strips bonded to the underside of the cushion and the fibreglass seat base; bright coastal daylight, water sparkling out of focus beyond the gunwale. The tape itself is the hero of the image and is shown plain and unbranded. Photorealistic commercial product photography. Full-frame camera, 50mm lens for scene shots and 100mm macro for detail shots, f/4, sharp focus on the point of application with the background falling away softly. Natural colour, realistic material response, true-to-life scale. Hands, where shown, are anatomically correct with five fingers and clean, unmanicured working nails. ABSOLUTELY NO TEXT of any kind: no letters, words, numbers, logos, brand names, printed labels, barcodes, packaging copy, signage text, watermarks or UI overlays anywhere in the frame. Every tape roll, carton, panel, tool and surface is completely blank and unbranded. No invented lettering, no partial or garbled characters. Avoid: extra fingers, malformed hands, floating objects, duplicated tools, plastic-looking skin, HDR halos, heavy vignette, oversaturation."
Joist Protection Tape – OptiSeal,joist-protection-tape,specialty-tape,1,Precision bench,Building & Construction,"a technician applying a narrow strip of specialist tape to a precision component on a clean workbench, tweezers in hand; bright even task lighting, shallow depth of field. The tape itself is the hero of the image and is shown plain and unbranded. Photorealistic commercial product photography. Full-frame camera, 50mm lens for scene shots and 100mm macro for detail shots, f/4, sharp focus on the point of application with the background falling away softly. Natural colour, realistic material response, true-to-life scale. Hands, where shown, are anatomically correct with five fingers and clean, unmanicured working nails. ABSOLUTELY NO TEXT of any kind: no letters, words, numbers, logos, brand names, printed labels, barcodes, packaging copy, signage text, watermarks or UI overlays anywhere in the frame. Every tape roll, carton, panel, tool and surface is completely blank and unbranded. No invented lettering, no partial or garbled characters. Avoid: extra fingers, malformed hands, floating objects, duplicated tools, plastic-looking skin, HDR halos, heavy vignette, oversaturation."
Joist Protection Tape – OptiSeal,joist-protection-tape,specialty-tape,2,Industrial line,Building & Construction,"the tape in use on a production line, applied to a plain component moving along a conveyor; cool factory lighting, motion softly implied. The tape itself is the hero of the image and is shown plain and unbranded. Photorealistic commercial product photography. Full-frame camera, 50mm lens for scene shots and 100mm macro for detail shots, f/4, sharp focus on the point of application with the background falling away softly. Natural colour, realistic material response, true-to-life scale. Hands, where shown, are anatomically correct with five fingers and clean, unmanicured working nails. ABSOLUTELY NO TEXT of any kind: no letters, words, numbers, logos, brand names, printed labels, barcodes, packaging copy, signage text, watermarks or UI overlays anywhere in the frame. Every tape roll, carton, panel, tool and surface is completely blank and unbranded. No invented lettering, no partial or garbled characters. Avoid: extra fingers, malformed hands, floating objects, duplicated tools, plastic-looking skin, HDR halos, heavy vignette, oversaturation."
Joist Protection Tape – OptiSeal,joist-protection-tape,specialty-tape,3,Macro adhesive,Building & Construction,"an extreme macro of the tape's edge lifting from a smooth substrate, the adhesive stringing slightly; dramatic directional light, dark background. The tape itself is the hero of the image and is shown plain and unbranded. Photorealistic commercial product photography. Full-frame camera, 50mm lens for scene shots and 100mm macro for detail shots, f/4, sharp focus on the point of application with the background falling away softly. Natural colour, realistic material response, true-to-life scale. Hands, where shown, are anatomically correct with five fingers and clean, unmanicured working nails. ABSOLUTELY NO TEXT of any kind: no letters, words, numbers, logos, brand names, printed labels, barcodes, packaging copy, signage text, watermarks or UI overlays anywhere in the frame. Every tape roll, carton, panel, tool and surface is completely blank and unbranded. No invented lettering, no partial or garbled characters. Avoid: extra fingers, malformed hands, floating objects, duplicated tools, plastic-looking skin, HDR halos, heavy vignette, oversaturation."
Velcro® Sticky Dots Hook & Loop 900/1200 Pcs,velcro-hook-loop-sticky-dots,hook-loop-tapes,1,Cable management,,"a close-up of a person's hands wrapping a bundle of black and grey cables beneath a modern office desk, cinching them with a strip of plain black hook-and-loop fastener; polished concrete floor and a chair caster softly out of focus behind. The tape itself is the hero of the image and is shown plain and unbranded. Photorealistic commercial product photography. Full-frame camera, 50mm lens for scene shots and 100mm macro for detail shots, f/4, sharp focus on the point of application with the background falling away softly. Natural colour, realistic material response, true-to-life scale. Hands, where shown, are anatomically correct with five fingers and clean, unmanicured working nails. ABSOLUTELY NO TEXT of any kind: no letters, words, numbers, logos, brand names, printed labels, barcodes, packaging copy, signage text, watermarks or UI overlays anywhere in the frame. Every tape roll, carton, panel, tool and surface is completely blank and unbranded. No invented lettering, no partial or garbled characters. Avoid: extra fingers, malformed hands, floating objects, duplicated tools, plastic-looking skin, HDR halos, heavy vignette, oversaturation."
Velcro® Sticky Dots Hook & Loop 900/1200 Pcs,velcro-hook-loop-sticky-dots,hook-loop-tapes,2,Exhibition panel,,"a trade-show technician pressing a lightweight fabric display panel onto an aluminium frame upright, a strip of plain black hook-and-loop fastener visible along the frame edge; bright even exhibition-hall lighting, other booths blurred far behind. The tape itself is the hero of the image and is shown plain and unbranded. Photorealistic commercial product photography. Full-frame camera, 50mm lens for scene shots and 100mm macro for detail shots, f/4, sharp focus on the point of application with the background falling away softly. Natural colour, realistic material response, true-to-life scale. Hands, where shown, are anatomically correct with five fingers and clean, unmanicured working nails. ABSOLUTELY NO TEXT of any kind: no letters, words, numbers, logos, brand names, printed labels, barcodes, packaging copy, signage text, watermarks or UI overlays anywhere in the frame. Every tape roll, carton, panel, tool and surface is completely blank and unbranded. No invented lettering, no partial or garbled characters. Avoid: extra fingers, malformed hands, floating objects, duplicated tools, plastic-looking skin, HDR halos, heavy vignette, oversaturation."
Velcro® Sticky Dots Hook & Loop 900/1200 Pcs,velcro-hook-loop-sticky-dots,hook-loop-tapes,3,Marine cushion,,"hands refitting a removable vinyl seat cushion onto a boat bench, plain black hook-and-loop strips bonded to the underside of the cushion and the fibreglass seat base; bright coastal daylight, water sparkling out of focus beyond the gunwale. The tape itself is the hero of the image and is shown plain and unbranded. Photorealistic commercial product photography. Full-frame camera, 50mm lens for scene shots and 100mm macro for detail shots, f/4, sharp focus on the point of application with the background falling away softly. Natural colour, realistic material response, true-to-life scale. Hands, where shown, are anatomically correct with five fingers and clean, unmanicured working nails. ABSOLUTELY NO TEXT of any kind: no letters, words, numbers, logos, brand names, printed labels, barcodes, packaging copy, signage text, watermarks or UI overlays anywhere in the frame. Every tape roll, carton, panel, tool and surface is completely blank and unbranded. No invented lettering, no partial or garbled characters. Avoid: extra fingers, malformed hands, floating objects, duplicated tools, plastic-looking skin, HDR halos, heavy vignette, oversaturation."
Blue PVC Electrical Tape – Pack of 10,blue-electrical-tape,pvc-electrical-insulation-tape,1,Cable joint,"Airconditioning Refrigeration Tapes, Electronics & Electrical","a licensed electrician's hands wrapping black PVC insulation tape tightly around a spliced copper cable joint, the spiral overlap crisp and even; blurred switchboard and cable loom behind, cool task lighting. The tape itself is the hero of the image and is shown plain and unbranded. Photorealistic commercial product photography. Full-frame camera, 50mm lens for scene shots and 100mm macro for detail shots, f/4, sharp focus on the point of application with the background falling away softly. Natural colour, realistic material response, true-to-life scale. Hands, where shown, are anatomically correct with five fingers and clean, unmanicured working nails. ABSOLUTELY NO TEXT of any kind: no letters, words, numbers, logos, brand names, printed labels, barcodes, packaging copy, signage text, watermarks or UI overlays anywhere in the frame. Every tape roll, carton, panel, tool and surface is completely blank and unbranded. No invented lettering, no partial or garbled characters. Avoid: extra fingers, malformed hands, floating objects, duplicated tools, plastic-looking skin, HDR halos, heavy vignette, oversaturation."
Blue PVC Electrical Tape – Pack of 10,blue-electrical-tape,pvc-electrical-insulation-tape,2,Colour-coded switchboard,"Airconditioning Refrigeration Tapes, Electronics & Electrical","a distribution board with neatly dressed cables, several conductors identified with bands of red, blue and yellow PVC tape; sharp focus on the tape bands, breaker rows softly out of focus. The tape itself is the hero of the image and is shown plain and unbranded. Photorealistic commercial product photography. Full-frame camera, 50mm lens for scene shots and 100mm macro for detail shots, f/4, sharp focus on the point of application with the background falling away softly. Natural colour, realistic material response, true-to-life scale. Hands, where shown, are anatomically correct with five fingers and clean, unmanicured working nails. ABSOLUTELY NO TEXT of any kind: no letters, words, numbers, logos, brand names, printed labels, barcodes, packaging copy, signage text, watermarks or UI overlays anywhere in the frame. Every tape roll, carton, panel, tool and surface is completely blank and unbranded. No invented lettering, no partial or garbled characters. Avoid: extra fingers, malformed hands, floating objects, duplicated tools, plastic-looking skin, HDR halos, heavy vignette, oversaturation."
Blue PVC Electrical Tape – Pack of 10,blue-electrical-tape,pvc-electrical-insulation-tape,3,Conduit run,"Airconditioning Refrigeration Tapes, Electronics & Electrical","hands taping a joint on an electrical conduit run against a plasterboard wall stud during a fit-out, offcuts and a cordless driver on the floor below; bright construction daylight. The tape itself is the hero of the image and is shown plain and unbranded. Photorealistic commercial product photography. Full-frame camera, 50mm lens for scene shots and 100mm macro for detail shots, f/4, sharp focus on the point of application with the background falling away softly. Natural colour, realistic material response, true-to-life scale. Hands, where shown, are anatomically correct with five fingers and clean, unmanicured working nails. ABSOLUTELY NO TEXT of any kind: no letters, words, numbers, logos, brand names, printed labels, barcodes, packaging copy, signage text, watermarks or UI overlays anywhere in the frame. Every tape roll, carton, panel, tool and surface is completely blank and unbranded. No invented lettering, no partial or garbled characters. Avoid: extra fingers, malformed hands, floating objects, duplicated tools, plastic-looking skin, HDR halos, heavy vignette, oversaturation."
White PVC Electrical Tape – Pack of 10,white-electrical-tape,pvc-electrical-insulation-tape,1,Cable joint,"Airconditioning Refrigeration Tapes, Electronics & Electrical","a licensed electrician's hands wrapping black PVC insulation tape tightly around a spliced copper cable joint, the spiral overlap crisp and even; blurred switchboard and cable loom behind, cool task lighting. The tape itself is the hero of the image and is shown plain and unbranded. Photorealistic commercial product photography. Full-frame camera, 50mm lens for scene shots and 100mm macro for detail shots, f/4, sharp focus on the point of application with the background falling away softly. Natural colour, realistic material response, true-to-life scale. Hands, where shown, are anatomically correct with five fingers and clean, unmanicured working nails. ABSOLUTELY NO TEXT of any kind: no letters, words, numbers, logos, brand names, printed labels, barcodes, packaging copy, signage text, watermarks or UI overlays anywhere in the frame. Every tape roll, carton, panel, tool and surface is completely blank and unbranded. No invented lettering, no partial or garbled characters. Avoid: extra fingers, malformed hands, floating objects, duplicated tools, plastic-looking skin, HDR halos, heavy vignette, oversaturation."
White PVC Electrical Tape – Pack of 10,white-electrical-tape,pvc-electrical-insulation-tape,2,Colour-coded switchboard,"Airconditioning Refrigeration Tapes, Electronics & Electrical","a distribution board with neatly dressed cables, several conductors identified with bands of red, blue and yellow PVC tape; sharp focus on the tape bands, breaker rows softly out of focus. The tape itself is the hero of the image and is shown plain and unbranded. Photorealistic commercial product photography. Full-frame camera, 50mm lens for scene shots and 100mm macro for detail shots, f/4, sharp focus on the point of application with the background falling away softly. Natural colour, realistic material response, true-to-life scale. Hands, where shown, are anatomically correct with five fingers and clean, unmanicured working nails. ABSOLUTELY NO TEXT of any kind: no letters, words, numbers, logos, brand names, printed labels, barcodes, packaging copy, signage text, watermarks or UI overlays anywhere in the frame. Every tape roll, carton, panel, tool and surface is completely blank and unbranded. No invented lettering, no partial or garbled characters. Avoid: extra fingers, malformed hands, floating objects, duplicated tools, plastic-looking skin, HDR halos, heavy vignette, oversaturation."
White PVC Electrical Tape – Pack of 10,white-electrical-tape,pvc-electrical-insulation-tape,3,Conduit run,"Airconditioning Refrigeration Tapes, Electronics & Electrical","hands taping a joint on an electrical conduit run against a plasterboard wall stud during a fit-out, offcuts and a cordless driver on the floor below; bright construction daylight. The tape itself is the hero of the image and is shown plain and unbranded. Photorealistic commercial product photography. Full-frame camera, 50mm lens for scene shots and 100mm macro for detail shots, f/4, sharp focus on the point of application with the background falling away softly. Natural colour, realistic material response, true-to-life scale. Hands, where shown, are anatomically correct with five fingers and clean, unmanicured working nails. ABSOLUTELY NO TEXT of any kind: no letters, words, numbers, logos, brand names, printed labels, barcodes, packaging copy, signage text, watermarks or UI overlays anywhere in the frame. Every tape roll, carton, panel, tool and surface is completely blank and unbranded. No invented lettering, no partial or garbled characters. Avoid: extra fingers, malformed hands, floating objects, duplicated tools, plastic-looking skin, HDR halos, heavy vignette, oversaturation."
Black PVC Electrical Tape – Pack of 10,black-electrical-tape,pvc-electrical-insulation-tape,1,Cable joint,"Airconditioning Refrigeration Tapes, Electronics & Electrical","a licensed electrician's hands wrapping black PVC insulation tape tightly around a spliced copper cable joint, the spiral overlap crisp and even; blurred switchboard and cable loom behind, cool task lighting. The tape itself is the hero of the image and is shown plain and unbranded. Photorealistic commercial product photography. Full-frame camera, 50mm lens for scene shots and 100mm macro for detail shots, f/4, sharp focus on the point of application with the background falling away softly. Natural colour, realistic material response, true-to-life scale. Hands, where shown, are anatomically correct with five fingers and clean, unmanicured working nails. ABSOLUTELY NO TEXT of any kind: no letters, words, numbers, logos, brand names, printed labels, barcodes, packaging copy, signage text, watermarks or UI overlays anywhere in the frame. Every tape roll, carton, panel, tool and surface is completely blank and unbranded. No invented lettering, no partial or garbled characters. Avoid: extra fingers, malformed hands, floating objects, duplicated tools, plastic-looking skin, HDR halos, heavy vignette, oversaturation."
Black PVC Electrical Tape – Pack of 10,black-electrical-tape,pvc-electrical-insulation-tape,2,Colour-coded switchboard,"Airconditioning Refrigeration Tapes, Electronics & Electrical","a distribution board with neatly dressed cables, several conductors identified with bands of red, blue and yellow PVC tape; sharp focus on the tape bands, breaker rows softly out of focus. The tape itself is the hero of the image and is shown plain and unbranded. Photorealistic commercial product photography. Full-frame camera, 50mm lens for scene shots and 100mm macro for detail shots, f/4, sharp focus on the point of application with the background falling away softly. Natural colour, realistic material response, true-to-life scale. Hands, where shown, are anatomically correct with five fingers and clean, unmanicured working nails. ABSOLUTELY NO TEXT of any kind: no letters, words, numbers, logos, brand names, printed labels, barcodes, packaging copy, signage text, watermarks or UI overlays anywhere in the frame. Every tape roll, carton, panel, tool and surface is completely blank and unbranded. No invented lettering, no partial or garbled characters. Avoid: extra fingers, malformed hands, floating objects, duplicated tools, plastic-looking skin, HDR halos, heavy vignette, oversaturation."
Black PVC Electrical Tape – Pack of 10,black-electrical-tape,pvc-electrical-insulation-tape,3,Conduit run,"Airconditioning Refrigeration Tapes, Electronics & Electrical","hands taping a joint on an electrical conduit run against a plasterboard wall stud during a fit-out, offcuts and a cordless driver on the floor below; bright construction daylight. The tape itself is the hero of the image and is shown plain and unbranded. Photorealistic commercial product photography. Full-frame camera, 50mm lens for scene shots and 100mm macro for detail shots, f/4, sharp focus on the point of application with the background falling away softly. Natural colour, realistic material response, true-to-life scale. Hands, where shown, are anatomically correct with five fingers and clean, unmanicured working nails. ABSOLUTELY NO TEXT of any kind: no letters, words, numbers, logos, brand names, printed labels, barcodes, packaging copy, signage text, watermarks or UI overlays anywhere in the frame. Every tape roll, carton, panel, tool and surface is completely blank and unbranded. No invented lettering, no partial or garbled characters. Avoid: extra fingers, malformed hands, floating objects, duplicated tools, plastic-looking skin, HDR halos, heavy vignette, oversaturation."
Red PVC Electrical Tape – Pack of 10,red-electrical-tape,pvc-electrical-insulation-tape,1,Cable joint,"Airconditioning Refrigeration Tapes, Electronics & Electrical","a licensed electrician's hands wrapping black PVC insulation tape tightly around a spliced copper cable joint, the spiral overlap crisp and even; blurred switchboard and cable loom behind, cool task lighting. The tape itself is the hero of the image and is shown plain and unbranded. Photorealistic commercial product photography. Full-frame camera, 50mm lens for scene shots and 100mm macro for detail shots, f/4, sharp focus on the point of application with the background falling away softly. Natural colour, realistic material response, true-to-life scale. Hands, where shown, are anatomically correct with five fingers and clean, unmanicured working nails. ABSOLUTELY NO TEXT of any kind: no letters, words, numbers, logos, brand names, printed labels, barcodes, packaging copy, signage text, watermarks or UI overlays anywhere in the frame. Every tape roll, carton, panel, tool and surface is completely blank and unbranded. No invented lettering, no partial or garbled characters. Avoid: extra fingers, malformed hands, floating objects, duplicated tools, plastic-looking skin, HDR halos, heavy vignette, oversaturation."
Red PVC Electrical Tape – Pack of 10,red-electrical-tape,pvc-electrical-insulation-tape,2,Colour-coded switchboard,"Airconditioning Refrigeration Tapes, Electronics & Electrical","a distribution board with neatly dressed cables, several conductors identified with bands of red, blue and yellow PVC tape; sharp focus on the tape bands, breaker rows softly out of focus. The tape itself is the hero of the image and is shown plain and unbranded. Photorealistic commercial product photography. Full-frame camera, 50mm lens for scene shots and 100mm macro for detail shots, f/4, sharp focus on the point of application with the background falling away softly. Natural colour, realistic material response, true-to-life scale. Hands, where shown, are anatomically correct with five fingers and clean, unmanicured working nails. ABSOLUTELY NO TEXT of any kind: no letters, words, numbers, logos, brand names, printed labels, barcodes, packaging copy, signage text, watermarks or UI overlays anywhere in the frame. Every tape roll, carton, panel, tool and surface is completely blank and unbranded. No invented lettering, no partial or garbled characters. Avoid: extra fingers, malformed hands, floating objects, duplicated tools, plastic-looking skin, HDR halos, heavy vignette, oversaturation."
Red PVC Electrical Tape – Pack of 10,red-electrical-tape,pvc-electrical-insulation-tape,3,Conduit run,"Airconditioning Refrigeration Tapes, Electronics & Electrical","hands taping a joint on an electrical conduit run against a plasterboard wall stud during a fit-out, offcuts and a cordless driver on the floor below; bright construction daylight. The tape itself is the hero of the image and is shown plain and unbranded. Photorealistic commercial product photography. Full-frame camera, 50mm lens for scene shots and 100mm macro for detail shots, f/4, sharp focus on the point of application with the background falling away softly. Natural colour, realistic material response, true-to-life scale. Hands, where shown, are anatomically correct with five fingers and clean, unmanicured working nails. ABSOLUTELY NO TEXT of any kind: no letters, words, numbers, logos, brand names, printed labels, barcodes, packaging copy, signage text, watermarks or UI overlays anywhere in the frame. Every tape roll, carton, panel, tool and surface is completely blank and unbranded. No invented lettering, no partial or garbled characters. Avoid: extra fingers, malformed hands, floating objects, duplicated tools, plastic-looking skin, HDR halos, heavy vignette, oversaturation."
Yellow PVC Electrical Tape – Pack of 10,yellow-insulation-tape,pvc-electrical-insulation-tape,1,Cable joint,"Airconditioning Refrigeration Tapes, Electronics & Electrical","a licensed electrician's hands wrapping black PVC insulation tape tightly around a spliced copper cable joint, the spiral overlap crisp and even; blurred switchboard and cable loom behind, cool task lighting. The tape itself is the hero of the image and is shown plain and unbranded. Photorealistic commercial product photography. Full-frame camera, 50mm lens for scene shots and 100mm macro for detail shots, f/4, sharp focus on the point of application with the background falling away softly. Natural colour, realistic material response, true-to-life scale. Hands, where shown, are anatomically correct with five fingers and clean, unmanicured working nails. ABSOLUTELY NO TEXT of any kind: no letters, words, numbers, logos, brand names, printed labels, barcodes, packaging copy, signage text, watermarks or UI overlays anywhere in the frame. Every tape roll, carton, panel, tool and surface is completely blank and unbranded. No invented lettering, no partial or garbled characters. Avoid: extra fingers, malformed hands, floating objects, duplicated tools, plastic-looking skin, HDR halos, heavy vignette, oversaturation."
Yellow PVC Electrical Tape – Pack of 10,yellow-insulation-tape,pvc-electrical-insulation-tape,2,Colour-coded switchboard,"Airconditioning Refrigeration Tapes, Electronics & Electrical","a distribution board with neatly dressed cables, several conductors identified with bands of red, blue and yellow PVC tape; sharp focus on the tape bands, breaker rows softly out of focus. The tape itself is the hero of the image and is shown plain and unbranded. Photorealistic commercial product photography. Full-frame camera, 50mm lens for scene shots and 100mm macro for detail shots, f/4, sharp focus on the point of application with the background falling away softly. Natural colour, realistic material response, true-to-life scale. Hands, where shown, are anatomically correct with five fingers and clean, unmanicured working nails. ABSOLUTELY NO TEXT of any kind: no letters, words, numbers, logos, brand names, printed labels, barcodes, packaging copy, signage text, watermarks or UI overlays anywhere in the frame. Every tape roll, carton, panel, tool and surface is completely blank and unbranded. No invented lettering, no partial or garbled characters. Avoid: extra fingers, malformed hands, floating objects, duplicated tools, plastic-looking skin, HDR halos, heavy vignette, oversaturation."
Yellow PVC Electrical Tape – Pack of 10,yellow-insulation-tape,pvc-electrical-insulation-tape,3,Conduit run,"Airconditioning Refrigeration Tapes, Electronics & Electrical","hands taping a joint on an electrical conduit run against a plasterboard wall stud during a fit-out, offcuts and a cordless driver on the floor below; bright construction daylight. The tape itself is the hero of the image and is shown plain and unbranded. Photorealistic commercial product photography. Full-frame camera, 50mm lens for scene shots and 100mm macro for detail shots, f/4, sharp focus on the point of application with the background falling away softly. Natural colour, realistic material response, true-to-life scale. Hands, where shown, are anatomically correct with five fingers and clean, unmanicured working nails. ABSOLUTELY NO TEXT of any kind: no letters, words, numbers, logos, brand names, printed labels, barcodes, packaging copy, signage text, watermarks or UI overlays anywhere in the frame. Every tape roll, carton, panel, tool and surface is completely blank and unbranded. No invented lettering, no partial or garbled characters. Avoid: extra fingers, malformed hands, floating objects, duplicated tools, plastic-looking skin, HDR halos, heavy vignette, oversaturation."
Green PVC Electrical Tape – Pack of 10,green-insulation-tape,pvc-electrical-insulation-tape,1,Cable joint,"Airconditioning Refrigeration Tapes, Electronics & Electrical","a licensed electrician's hands wrapping black PVC insulation tape tightly around a spliced copper cable joint, the spiral overlap crisp and even; blurred switchboard and cable loom behind, cool task lighting. The tape itself is the hero of the image and is shown plain and unbranded. Photorealistic commercial product photography. Full-frame camera, 50mm lens for scene shots and 100mm macro for detail shots, f/4, sharp focus on the point of application with the background falling away softly. Natural colour, realistic material response, true-to-life scale. Hands, where shown, are anatomically correct with five fingers and clean, unmanicured working nails. ABSOLUTELY NO TEXT of any kind: no letters, words, numbers, logos, brand names, printed labels, barcodes, packaging copy, signage text, watermarks or UI overlays anywhere in the frame. Every tape roll, carton, panel, tool and surface is completely blank and unbranded. No invented lettering, no partial or garbled characters. Avoid: extra fingers, malformed hands, floating objects, duplicated tools, plastic-looking skin, HDR halos, heavy vignette, oversaturation."
Green PVC Electrical Tape – Pack of 10,green-insulation-tape,pvc-electrical-insulation-tape,2,Colour-coded switchboard,"Airconditioning Refrigeration Tapes, Electronics & Electrical","a distribution board with neatly dressed cables, several conductors identified with bands of red, blue and yellow PVC tape; sharp focus on the tape bands, breaker rows softly out of focus. The tape itself is the hero of the image and is shown plain and unbranded. Photorealistic commercial product photography. Full-frame camera, 50mm lens for scene shots and 100mm macro for detail shots, f/4, sharp focus on the point of application with the background falling away softly. Natural colour, realistic material response, true-to-life scale. Hands, where shown, are anatomically correct with five fingers and clean, unmanicured working nails. ABSOLUTELY NO TEXT of any kind: no letters, words, numbers, logos, brand names, printed labels, barcodes, packaging copy, signage text, watermarks or UI overlays anywhere in the frame. Every tape roll, carton, panel, tool and surface is completely blank and unbranded. No invented lettering, no partial or garbled characters. Avoid: extra fingers, malformed hands, floating objects, duplicated tools, plastic-looking skin, HDR halos, heavy vignette, oversaturation."
Green PVC Electrical Tape – Pack of 10,green-insulation-tape,pvc-electrical-insulation-tape,3,Conduit run,"Airconditioning Refrigeration Tapes, Electronics & Electrical","hands taping a joint on an electrical conduit run against a plasterboard wall stud during a fit-out, offcuts and a cordless driver on the floor below; bright construction daylight. The tape itself is the hero of the image and is shown plain and unbranded. Photorealistic commercial product photography. Full-frame camera, 50mm lens for scene shots and 100mm macro for detail shots, f/4, sharp focus on the point of application with the background falling away softly. Natural colour, realistic material response, true-to-life scale. Hands, where shown, are anatomically correct with five fingers and clean, unmanicured working nails. ABSOLUTELY NO TEXT of any kind: no letters, words, numbers, logos, brand names, printed labels, barcodes, packaging copy, signage text, watermarks or UI overlays anywhere in the frame. Every tape roll, carton, panel, tool and surface is completely blank and unbranded. No invented lettering, no partial or garbled characters. Avoid: extra fingers, malformed hands, floating objects, duplicated tools, plastic-looking skin, HDR halos, heavy vignette, oversaturation."
PVC Duct Tape Silver 48mm x 30m,pvc-duct-tape-silver,duct-tape,1,Field repair,"Airconditioning Refrigeration Tapes, Flooring","a worker taping a temporary repair on a piece of site equipment with heavy cloth duct tape; bright outdoor daylight, rugged setting. The tape itself is the hero of the image and is shown plain and unbranded. Photorealistic commercial product photography. Full-frame camera, 50mm lens for scene shots and 100mm macro for detail shots, f/4, sharp focus on the point of application with the background falling away softly. Natural colour, realistic material response, true-to-life scale. Hands, where shown, are anatomically correct with five fingers and clean, unmanicured working nails. ABSOLUTELY NO TEXT of any kind: no letters, words, numbers, logos, brand names, printed labels, barcodes, packaging copy, signage text, watermarks or UI overlays anywhere in the frame. Every tape roll, carton, panel, tool and surface is completely blank and unbranded. No invented lettering, no partial or garbled characters. Avoid: extra fingers, malformed hands, floating objects, duplicated tools, plastic-looking skin, HDR halos, heavy vignette, oversaturation."
PVC Duct Tape Silver 48mm x 30m,pvc-duct-tape-silver,duct-tape,2,Ducting join,"Airconditioning Refrigeration Tapes, Flooring","duct tape wrapped around a flexible ducting connection in a ceiling space; work light raking across the ribbed surface. The tape itself is the hero of the image and is shown plain and unbranded. Photorealistic commercial product photography. Full-frame camera, 50mm lens for scene shots and 100mm macro for detail shots, f/4, sharp focus on the point of application with the background falling away softly. Natural colour, realistic material response, true-to-life scale. Hands, where shown, are anatomically correct with five fingers and clean, unmanicured working nails. ABSOLUTELY NO TEXT of any kind: no letters, words, numbers, logos, brand names, printed labels, barcodes, packaging copy, signage text, watermarks or UI overlays anywhere in the frame. Every tape roll, carton, panel, tool and surface is completely blank and unbranded. No invented lettering, no partial or garbled characters. Avoid: extra fingers, malformed hands, floating objects, duplicated tools, plastic-looking skin, HDR halos, heavy vignette, oversaturation."
PVC Duct Tape Silver 48mm x 30m,pvc-duct-tape-silver,duct-tape,3,Hand tear,"Airconditioning Refrigeration Tapes, Flooring","an extreme close-up of duct tape being torn by hand, the fabric scrim fraying at the tear line; dramatic dark-background lighting. The tape itself is the hero of the image and is shown plain and unbranded. Photorealistic commercial product photography. Full-frame camera, 50mm lens for scene shots and 100mm macro for detail shots, f/4, sharp focus on the point of application with the background falling away softly. Natural colour, realistic material response, true-to-life scale. Hands, where shown, are anatomically correct with five fingers and clean, unmanicured working nails. ABSOLUTELY NO TEXT of any kind: no letters, words, numbers, logos, brand names, printed labels, barcodes, packaging copy, signage text, watermarks or UI overlays anywhere in the frame. Every tape roll, carton, panel, tool and surface is completely blank and unbranded. No invented lettering, no partial or garbled characters. Avoid: extra fingers, malformed hands, floating objects, duplicated tools, plastic-looking skin, HDR halos, heavy vignette, oversaturation."
PVC Duct Tape Black 48mm x 30m,pvc-duct-tape-black,__default__,1,In use on the bench,"Airconditioning Refrigeration Tapes, Building & Construction","a tradesperson's hands applying the tape to a plain workpiece on a clean workbench, offcuts and simple hand tools around; bright even workshop lighting, shallow depth of field. Set it in a Airconditioning Refrigeration Tapes, Building & Construction context. The tape itself is the hero of the image and is shown plain and unbranded. Photorealistic commercial product photography. Full-frame camera, 50mm lens for scene shots and 100mm macro for detail shots, f/4, sharp focus on the point of application with the background falling away softly. Natural colour, realistic material response, true-to-life scale. Hands, where shown, are anatomically correct with five fingers and clean, unmanicured working nails. ABSOLUTELY NO TEXT of any kind: no letters, words, numbers, logos, brand names, printed labels, barcodes, packaging copy, signage text, watermarks or UI overlays anywhere in the frame. Every tape roll, carton, panel, tool and surface is completely blank and unbranded. No invented lettering, no partial or garbled characters. Avoid: extra fingers, malformed hands, floating objects, duplicated tools, plastic-looking skin, HDR halos, heavy vignette, oversaturation."
PVC Duct Tape Black 48mm x 30m,pvc-duct-tape-black,__default__,2,On site,"Airconditioning Refrigeration Tapes, Building & Construction","the tape in use in a real Australian trade setting appropriate to the product, applied cleanly to the substrate; natural daylight, working context visible but softly out of focus. Set it in a Airconditioning Refrigeration Tapes, Building & Construction context. The tape itself is the hero of the image and is shown plain and unbranded. Photorealistic commercial product photography. Full-frame camera, 50mm lens for scene shots and 100mm macro for detail shots, f/4, sharp focus on the point of application with the background falling away softly. Natural colour, realistic material response, true-to-life scale. Hands, where shown, are anatomically correct with five fingers and clean, unmanicured working nails. ABSOLUTELY NO TEXT of any kind: no letters, words, numbers, logos, brand names, printed labels, barcodes, packaging copy, signage text, watermarks or UI overlays anywhere in the frame. Every tape roll, carton, panel, tool and surface is completely blank and unbranded. No invented lettering, no partial or garbled characters. Avoid: extra fingers, malformed hands, floating objects, duplicated tools, plastic-looking skin, HDR halos, heavy vignette, oversaturation."
PVC Duct Tape Black 48mm x 30m,pvc-duct-tape-black,__default__,3,Macro detail,"Airconditioning Refrigeration Tapes, Building & Construction","an extreme macro of the tape being pressed onto its substrate, showing the adhesive contact line and surface texture; dramatic raking light, dark background. Set it in a Airconditioning Refrigeration Tapes, Building & Construction context. The tape itself is the hero of the image and is shown plain and unbranded. Photorealistic commercial product photography. Full-frame camera, 50mm lens for scene shots and 100mm macro for detail shots, f/4, sharp focus on the point of application with the background falling away softly. Natural colour, realistic material response, true-to-life scale. Hands, where shown, are anatomically correct with five fingers and clean, unmanicured working nails. ABSOLUTELY NO TEXT of any kind: no letters, words, numbers, logos, brand names, printed labels, barcodes, packaging copy, signage text, watermarks or UI overlays anywhere in the frame. Every tape roll, carton, panel, tool and surface is completely blank and unbranded. No invented lettering, no partial or garbled characters. Avoid: extra fingers, malformed hands, floating objects, duplicated tools, plastic-looking skin, HDR halos, heavy vignette, oversaturation."
Printed Danger Do Not Enter Barricade Tape Red/White 75mm x 100m,do-not-enter-tape,barricade-hazard-tapes,1,Site cordon,Solar Energy,"red and white hazard barricade tape strung between two steel star pickets across a construction excavation, tape lifting slightly in the breeze; overcast daylight, site machinery blurred behind. The tape itself is the hero of the image and is shown plain and unbranded. Photorealistic commercial product photography. Full-frame camera, 50mm lens for scene shots and 100mm macro for detail shots, f/4, sharp focus on the point of application with the background falling away softly. Natural colour, realistic material response, true-to-life scale. Hands, where shown, are anatomically correct with five fingers and clean, unmanicured working nails. ABSOLUTELY NO TEXT of any kind: no letters, words, numbers, logos, brand names, printed labels, barcodes, packaging copy, signage text, watermarks or UI overlays anywhere in the frame. Every tape roll, carton, panel, tool and surface is completely blank and unbranded. No invented lettering, no partial or garbled characters. Avoid: extra fingers, malformed hands, floating objects, duplicated tools, plastic-looking skin, HDR halos, heavy vignette, oversaturation."
Printed Danger Do Not Enter Barricade Tape Red/White 75mm x 100m,do-not-enter-tape,barricade-hazard-tapes,2,Trip hazard,Solar Energy,"yellow and black hazard tape marking off a section of wet polished concrete floor in a warehouse, wet-floor sheen visible; cool overhead lighting. The tape itself is the hero of the image and is shown plain and unbranded. Photorealistic commercial product photography. Full-frame camera, 50mm lens for scene shots and 100mm macro for detail shots, f/4, sharp focus on the point of application with the background falling away softly. Natural colour, realistic material response, true-to-life scale. Hands, where shown, are anatomically correct with five fingers and clean, unmanicured working nails. ABSOLUTELY NO TEXT of any kind: no letters, words, numbers, logos, brand names, printed labels, barcodes, packaging copy, signage text, watermarks or UI overlays anywhere in the frame. Every tape roll, carton, panel, tool and surface is completely blank and unbranded. No invented lettering, no partial or garbled characters. Avoid: extra fingers, malformed hands, floating objects, duplicated tools, plastic-looking skin, HDR halos, heavy vignette, oversaturation."
Printed Danger Do Not Enter Barricade Tape Red/White 75mm x 100m,do-not-enter-tape,barricade-hazard-tapes,3,Roll in hand,Solar Energy,"a site supervisor in hi-vis unrolling barricade tape along a temporary walkway, gloved hands sharp, tape stretching away out of focus; bright daylight. The tape itself is the hero of the image and is shown plain and unbranded. Photorealistic commercial product photography. Full-frame camera, 50mm lens for scene shots and 100mm macro for detail shots, f/4, sharp focus on the point of application with the background falling away softly. Natural colour, realistic material response, true-to-life scale. Hands, where shown, are anatomically correct with five fingers and clean, unmanicured working nails. ABSOLUTELY NO TEXT of any kind: no letters, words, numbers, logos, brand names, printed labels, barcodes, packaging copy, signage text, watermarks or UI overlays anywhere in the frame. Every tape roll, carton, panel, tool and surface is completely blank and unbranded. No invented lettering, no partial or garbled characters. Avoid: extra fingers, malformed hands, floating objects, duplicated tools, plastic-looking skin, HDR halos, heavy vignette, oversaturation."
House Wrap Sealing Tape- Kikusui,house-wrap-tape,specialty-tape,1,Precision bench,"Building & Construction, Framing & Insulation","a technician applying a narrow strip of specialist tape to a precision component on a clean workbench, tweezers in hand; bright even task lighting, shallow depth of field. The tape itself is the hero of the image and is shown plain and unbranded. Photorealistic commercial product photography. Full-frame camera, 50mm lens for scene shots and 100mm macro for detail shots, f/4, sharp focus on the point of application with the background falling away softly. Natural colour, realistic material response, true-to-life scale. Hands, where shown, are anatomically correct with five fingers and clean, unmanicured working nails. ABSOLUTELY NO TEXT of any kind: no letters, words, numbers, logos, brand names, printed labels, barcodes, packaging copy, signage text, watermarks or UI overlays anywhere in the frame. Every tape roll, carton, panel, tool and surface is completely blank and unbranded. No invented lettering, no partial or garbled characters. Avoid: extra fingers, malformed hands, floating objects, duplicated tools, plastic-looking skin, HDR halos, heavy vignette, oversaturation."
House Wrap Sealing Tape- Kikusui,house-wrap-tape,specialty-tape,2,Industrial line,"Building & Construction, Framing & Insulation","the tape in use on a production line, applied to a plain component moving along a conveyor; cool factory lighting, motion softly implied. The tape itself is the hero of the image and is shown plain and unbranded. Photorealistic commercial product photography. Full-frame camera, 50mm lens for scene shots and 100mm macro for detail shots, f/4, sharp focus on the point of application with the background falling away softly. Natural colour, realistic material response, true-to-life scale. Hands, where shown, are anatomically correct with five fingers and clean, unmanicured working nails. ABSOLUTELY NO TEXT of any kind: no letters, words, numbers, logos, brand names, printed labels, barcodes, packaging copy, signage text, watermarks or UI overlays anywhere in the frame. Every tape roll, carton, panel, tool and surface is completely blank and unbranded. No invented lettering, no partial or garbled characters. Avoid: extra fingers, malformed hands, floating objects, duplicated tools, plastic-looking skin, HDR halos, heavy vignette, oversaturation."
House Wrap Sealing Tape- Kikusui,house-wrap-tape,specialty-tape,3,Macro adhesive,"Building & Construction, Framing & Insulation","an extreme macro of the tape's edge lifting from a smooth substrate, the adhesive stringing slightly; dramatic directional light, dark background. The tape itself is the hero of the image and is shown plain and unbranded. Photorealistic commercial product photography. Full-frame camera, 50mm lens for scene shots and 100mm macro for detail shots, f/4, sharp focus on the point of application with the background falling away softly. Natural colour, realistic material response, true-to-life scale. Hands, where shown, are anatomically correct with five fingers and clean, unmanicured working nails. ABSOLUTELY NO TEXT of any kind: no letters, words, numbers, logos, brand names, printed labels, barcodes, packaging copy, signage text, watermarks or UI overlays anywhere in the frame. Every tape roll, carton, panel, tool and surface is completely blank and unbranded. No invented lettering, no partial or garbled characters. Avoid: extra fingers, malformed hands, floating objects, duplicated tools, plastic-looking skin, HDR halos, heavy vignette, oversaturation."
UHMW Tape/ Slick Surface Tape,uhmw-tape-slick-surface-tape,specialty-tape,1,Precision bench,,"a technician applying a narrow strip of specialist tape to a precision component on a clean workbench, tweezers in hand; bright even task lighting, shallow depth of field. The tape itself is the hero of the image and is shown plain and unbranded. Photorealistic commercial product photography. Full-frame camera, 50mm lens for scene shots and 100mm macro for detail shots, f/4, sharp focus on the point of application with the background falling away softly. Natural colour, realistic material response, true-to-life scale. Hands, where shown, are anatomically correct with five fingers and clean, unmanicured working nails. ABSOLUTELY NO TEXT of any kind: no letters, words, numbers, logos, brand names, printed labels, barcodes, packaging copy, signage text, watermarks or UI overlays anywhere in the frame. Every tape roll, carton, panel, tool and surface is completely blank and unbranded. No invented lettering, no partial or garbled characters. Avoid: extra fingers, malformed hands, floating objects, duplicated tools, plastic-looking skin, HDR halos, heavy vignette, oversaturation."
UHMW Tape/ Slick Surface Tape,uhmw-tape-slick-surface-tape,specialty-tape,2,Industrial line,,"the tape in use on a production line, applied to a plain component moving along a conveyor; cool factory lighting, motion softly implied. The tape itself is the hero of the image and is shown plain and unbranded. Photorealistic commercial product photography. Full-frame camera, 50mm lens for scene shots and 100mm macro for detail shots, f/4, sharp focus on the point of application with the background falling away softly. Natural colour, realistic material response, true-to-life scale. Hands, where shown, are anatomically correct with five fingers and clean, unmanicured working nails. ABSOLUTELY NO TEXT of any kind: no letters, words, numbers, logos, brand names, printed labels, barcodes, packaging copy, signage text, watermarks or UI overlays anywhere in the frame. Every tape roll, carton, panel, tool and surface is completely blank and unbranded. No invented lettering, no partial or garbled characters. Avoid: extra fingers, malformed hands, floating objects, duplicated tools, plastic-looking skin, HDR halos, heavy vignette, oversaturation."
UHMW Tape/ Slick Surface Tape,uhmw-tape-slick-surface-tape,specialty-tape,3,Macro adhesive,,"an extreme macro of the tape's edge lifting from a smooth substrate, the adhesive stringing slightly; dramatic directional light, dark background. The tape itself is the hero of the image and is shown plain and unbranded. Photorealistic commercial product photography. Full-frame camera, 50mm lens for scene shots and 100mm macro for detail shots, f/4, sharp focus on the point of application with the background falling away softly. Natural colour, realistic material response, true-to-life scale. Hands, where shown, are anatomically correct with five fingers and clean, unmanicured working nails. ABSOLUTELY NO TEXT of any kind: no letters, words, numbers, logos, brand names, printed labels, barcodes, packaging copy, signage text, watermarks or UI overlays anywhere in the frame. Every tape roll, carton, panel, tool and surface is completely blank and unbranded. No invented lettering, no partial or garbled characters. Avoid: extra fingers, malformed hands, floating objects, duplicated tools, plastic-looking skin, HDR halos, heavy vignette, oversaturation."
Fly Screen Repair Tape,fly-screen-repair-tape,specialty-tape,1,Precision bench,,"a technician applying a narrow strip of specialist tape to a precision component on a clean workbench, tweezers in hand; bright even task lighting, shallow depth of field. The tape itself is the hero of the image and is shown plain and unbranded. Photorealistic commercial product photography. Full-frame camera, 50mm lens for scene shots and 100mm macro for detail shots, f/4, sharp focus on the point of application with the background falling away softly. Natural colour, realistic material response, true-to-life scale. Hands, where shown, are anatomically correct with five fingers and clean, unmanicured working nails. ABSOLUTELY NO TEXT of any kind: no letters, words, numbers, logos, brand names, printed labels, barcodes, packaging copy, signage text, watermarks or UI overlays anywhere in the frame. Every tape roll, carton, panel, tool and surface is completely blank and unbranded. No invented lettering, no partial or garbled characters. Avoid: extra fingers, malformed hands, floating objects, duplicated tools, plastic-looking skin, HDR halos, heavy vignette, oversaturation."
Fly Screen Repair Tape,fly-screen-repair-tape,specialty-tape,2,Industrial line,,"the tape in use on a production line, applied to a plain component moving along a conveyor; cool factory lighting, motion softly implied. The tape itself is the hero of the image and is shown plain and unbranded. Photorealistic commercial product photography. Full-frame camera, 50mm lens for scene shots and 100mm macro for detail shots, f/4, sharp focus on the point of application with the background falling away softly. Natural colour, realistic material response, true-to-life scale. Hands, where shown, are anatomically correct with five fingers and clean, unmanicured working nails. ABSOLUTELY NO TEXT of any kind: no letters, words, numbers, logos, brand names, printed labels, barcodes, packaging copy, signage text, watermarks or UI overlays anywhere in the frame. Every tape roll, carton, panel, tool and surface is completely blank and unbranded. No invented lettering, no partial or garbled characters. Avoid: extra fingers, malformed hands, floating objects, duplicated tools, plastic-looking skin, HDR halos, heavy vignette, oversaturation."
Fly Screen Repair Tape,fly-screen-repair-tape,specialty-tape,3,Macro adhesive,,"an extreme macro of the tape's edge lifting from a smooth substrate, the adhesive stringing slightly; dramatic directional light, dark background. The tape itself is the hero of the image and is shown plain and unbranded. Photorealistic commercial product photography. Full-frame camera, 50mm lens for scene shots and 100mm macro for detail shots, f/4, sharp focus on the point of application with the background falling away softly. Natural colour, realistic material response, true-to-life scale. Hands, where shown, are anatomically correct with five fingers and clean, unmanicured working nails. ABSOLUTELY NO TEXT of any kind: no letters, words, numbers, logos, brand names, printed labels, barcodes, packaging copy, signage text, watermarks or UI overlays anywhere in the frame. Every tape roll, carton, panel, tool and surface is completely blank and unbranded. No invented lettering, no partial or garbled characters. Avoid: extra fingers, malformed hands, floating objects, duplicated tools, plastic-looking skin, HDR halos, heavy vignette, oversaturation."
Hook Loop Roll High Temp (Acrylic),hook-loop-roll-high-temp,hook-loop-tapes,1,Cable management,Display Signage,"a close-up of a person's hands wrapping a bundle of black and grey cables beneath a modern office desk, cinching them with a strip of plain black hook-and-loop fastener; polished concrete floor and a chair caster softly out of focus behind. The tape itself is the hero of the image and is shown plain and unbranded. Photorealistic commercial product photography. Full-frame camera, 50mm lens for scene shots and 100mm macro for detail shots, f/4, sharp focus on the point of application with the background falling away softly. Natural colour, realistic material response, true-to-life scale. Hands, where shown, are anatomically correct with five fingers and clean, unmanicured working nails. ABSOLUTELY NO TEXT of any kind: no letters, words, numbers, logos, brand names, printed labels, barcodes, packaging copy, signage text, watermarks or UI overlays anywhere in the frame. Every tape roll, carton, panel, tool and surface is completely blank and unbranded. No invented lettering, no partial or garbled characters. Avoid: extra fingers, malformed hands, floating objects, duplicated tools, plastic-looking skin, HDR halos, heavy vignette, oversaturation."
Hook Loop Roll High Temp (Acrylic),hook-loop-roll-high-temp,hook-loop-tapes,2,Exhibition panel,Display Signage,"a trade-show technician pressing a lightweight fabric display panel onto an aluminium frame upright, a strip of plain black hook-and-loop fastener visible along the frame edge; bright even exhibition-hall lighting, other booths blurred far behind. The tape itself is the hero of the image and is shown plain and unbranded. Photorealistic commercial product photography. Full-frame camera, 50mm lens for scene shots and 100mm macro for detail shots, f/4, sharp focus on the point of application with the background falling away softly. Natural colour, realistic material response, true-to-life scale. Hands, where shown, are anatomically correct with five fingers and clean, unmanicured working nails. ABSOLUTELY NO TEXT of any kind: no letters, words, numbers, logos, brand names, printed labels, barcodes, packaging copy, signage text, watermarks or UI overlays anywhere in the frame. Every tape roll, carton, panel, tool and surface is completely blank and unbranded. No invented lettering, no partial or garbled characters. Avoid: extra fingers, malformed hands, floating objects, duplicated tools, plastic-looking skin, HDR halos, heavy vignette, oversaturation."
Hook Loop Roll High Temp (Acrylic),hook-loop-roll-high-temp,hook-loop-tapes,3,Marine cushion,Display Signage,"hands refitting a removable vinyl seat cushion onto a boat bench, plain black hook-and-loop strips bonded to the underside of the cushion and the fibreglass seat base; bright coastal daylight, water sparkling out of focus beyond the gunwale. The tape itself is the hero of the image and is shown plain and unbranded. Photorealistic commercial product photography. Full-frame camera, 50mm lens for scene shots and 100mm macro for detail shots, f/4, sharp focus on the point of application with the background falling away softly. Natural colour, realistic material response, true-to-life scale. Hands, where shown, are anatomically correct with five fingers and clean, unmanicured working nails. ABSOLUTELY NO TEXT of any kind: no letters, words, numbers, logos, brand names, printed labels, barcodes, packaging copy, signage text, watermarks or UI overlays anywhere in the frame. Every tape roll, carton, panel, tool and surface is completely blank and unbranded. No invented lettering, no partial or garbled characters. Avoid: extra fingers, malformed hands, floating objects, duplicated tools, plastic-looking skin, HDR halos, heavy vignette, oversaturation."
Glue Dots Removable 10mm – 1500/Roll – ATG Dispenser Compatible,glue-dots-removable-10mm-1500-roll,glue-dots,1,Direct mail,,"hands attaching a plain card to a folded leaflet with a clear adhesive dot at a mailing bench, stacks of prepared items either side; even bright light. The tape itself is the hero of the image and is shown plain and unbranded. Photorealistic commercial product photography. Full-frame camera, 50mm lens for scene shots and 100mm macro for detail shots, f/4, sharp focus on the point of application with the background falling away softly. Natural colour, realistic material response, true-to-life scale. Hands, where shown, are anatomically correct with five fingers and clean, unmanicured working nails. ABSOLUTELY NO TEXT of any kind: no letters, words, numbers, logos, brand names, printed labels, barcodes, packaging copy, signage text, watermarks or UI overlays anywhere in the frame. Every tape roll, carton, panel, tool and surface is completely blank and unbranded. No invented lettering, no partial or garbled characters. Avoid: extra fingers, malformed hands, floating objects, duplicated tools, plastic-looking skin, HDR halos, heavy vignette, oversaturation."
Glue Dots Removable 10mm – 1500/Roll – ATG Dispenser Compatible,glue-dots-removable-10mm-1500-roll,glue-dots,2,Retail POS,,"a clear adhesive dot holding a small unbranded sample sachet to a plain shelf card in a retail aisle; shallow depth of field, warm store lighting. The tape itself is the hero of the image and is shown plain and unbranded. Photorealistic commercial product photography. Full-frame camera, 50mm lens for scene shots and 100mm macro for detail shots, f/4, sharp focus on the point of application with the background falling away softly. Natural colour, realistic material response, true-to-life scale. Hands, where shown, are anatomically correct with five fingers and clean, unmanicured working nails. ABSOLUTELY NO TEXT of any kind: no letters, words, numbers, logos, brand names, printed labels, barcodes, packaging copy, signage text, watermarks or UI overlays anywhere in the frame. Every tape roll, carton, panel, tool and surface is completely blank and unbranded. No invented lettering, no partial or garbled characters. Avoid: extra fingers, malformed hands, floating objects, duplicated tools, plastic-looking skin, HDR halos, heavy vignette, oversaturation."
Glue Dots Removable 10mm – 1500/Roll – ATG Dispenser Compatible,glue-dots-removable-10mm-1500-roll,glue-dots,3,Craft bench,,"a maker pressing a small embellishment onto a card blank with an adhesive dot, craft tools and paper scraps around; warm window light, cosy atmosphere. The tape itself is the hero of the image and is shown plain and unbranded. Photorealistic commercial product photography. Full-frame camera, 50mm lens for scene shots and 100mm macro for detail shots, f/4, sharp focus on the point of application with the background falling away softly. Natural colour, realistic material response, true-to-life scale. Hands, where shown, are anatomically correct with five fingers and clean, unmanicured working nails. ABSOLUTELY NO TEXT of any kind: no letters, words, numbers, logos, brand names, printed labels, barcodes, packaging copy, signage text, watermarks or UI overlays anywhere in the frame. Every tape roll, carton, panel, tool and surface is completely blank and unbranded. No invented lettering, no partial or garbled characters. Avoid: extra fingers, malformed hands, floating objects, duplicated tools, plastic-looking skin, HDR halos, heavy vignette, oversaturation."
Glue Strips Removable 35mm x 5mm – 3000 Strips/Roll,glue-strips-removable-35mm-5mm,glue-dots,1,Direct mail,,"hands attaching a plain card to a folded leaflet with a clear adhesive dot at a mailing bench, stacks of prepared items either side; even bright light. The tape itself is the hero of the image and is shown plain and unbranded. Photorealistic commercial product photography. Full-frame camera, 50mm lens for scene shots and 100mm macro for detail shots, f/4, sharp focus on the point of application with the background falling away softly. Natural colour, realistic material response, true-to-life scale. Hands, where shown, are anatomically correct with five fingers and clean, unmanicured working nails. ABSOLUTELY NO TEXT of any kind: no letters, words, numbers, logos, brand names, printed labels, barcodes, packaging copy, signage text, watermarks or UI overlays anywhere in the frame. Every tape roll, carton, panel, tool and surface is completely blank and unbranded. No invented lettering, no partial or garbled characters. Avoid: extra fingers, malformed hands, floating objects, duplicated tools, plastic-looking skin, HDR halos, heavy vignette, oversaturation."
Glue Strips Removable 35mm x 5mm – 3000 Strips/Roll,glue-strips-removable-35mm-5mm,glue-dots,2,Retail POS,,"a clear adhesive dot holding a small unbranded sample sachet to a plain shelf card in a retail aisle; shallow depth of field, warm store lighting. The tape itself is the hero of the image and is shown plain and unbranded. Photorealistic commercial product photography. Full-frame camera, 50mm lens for scene shots and 100mm macro for detail shots, f/4, sharp focus on the point of application with the background falling away softly. Natural colour, realistic material response, true-to-life scale. Hands, where shown, are anatomically correct with five fingers and clean, unmanicured working nails. ABSOLUTELY NO TEXT of any kind: no letters, words, numbers, logos, brand names, printed labels, barcodes, packaging copy, signage text, watermarks or UI overlays anywhere in the frame. Every tape roll, carton, panel, tool and surface is completely blank and unbranded. No invented lettering, no partial or garbled characters. Avoid: extra fingers, malformed hands, floating objects, duplicated tools, plastic-looking skin, HDR halos, heavy vignette, oversaturation."
Glue Strips Removable 35mm x 5mm – 3000 Strips/Roll,glue-strips-removable-35mm-5mm,glue-dots,3,Craft bench,,"a maker pressing a small embellishment onto a card blank with an adhesive dot, craft tools and paper scraps around; warm window light, cosy atmosphere. The tape itself is the hero of the image and is shown plain and unbranded. Photorealistic commercial product photography. Full-frame camera, 50mm lens for scene shots and 100mm macro for detail shots, f/4, sharp focus on the point of application with the background falling away softly. Natural colour, realistic material response, true-to-life scale. Hands, where shown, are anatomically correct with five fingers and clean, unmanicured working nails. ABSOLUTELY NO TEXT of any kind: no letters, words, numbers, logos, brand names, printed labels, barcodes, packaging copy, signage text, watermarks or UI overlays anywhere in the frame. Every tape roll, carton, panel, tool and surface is completely blank and unbranded. No invented lettering, no partial or garbled characters. Avoid: extra fingers, malformed hands, floating objects, duplicated tools, plastic-looking skin, HDR halos, heavy vignette, oversaturation."
Kikusui Joist Protection Decking Tape,kikusui-joist-protection-decking-tape,specialty-tape,1,Precision bench,,"a technician applying a narrow strip of specialist tape to a precision component on a clean workbench, tweezers in hand; bright even task lighting, shallow depth of field. The tape itself is the hero of the image and is shown plain and unbranded. Photorealistic commercial product photography. Full-frame camera, 50mm lens for scene shots and 100mm macro for detail shots, f/4, sharp focus on the point of application with the background falling away softly. Natural colour, realistic material response, true-to-life scale. Hands, where shown, are anatomically correct with five fingers and clean, unmanicured working nails. ABSOLUTELY NO TEXT of any kind: no letters, words, numbers, logos, brand names, printed labels, barcodes, packaging copy, signage text, watermarks or UI overlays anywhere in the frame. Every tape roll, carton, panel, tool and surface is completely blank and unbranded. No invented lettering, no partial or garbled characters. Avoid: extra fingers, malformed hands, floating objects, duplicated tools, plastic-looking skin, HDR halos, heavy vignette, oversaturation."
Kikusui Joist Protection Decking Tape,kikusui-joist-protection-decking-tape,specialty-tape,2,Industrial line,,"the tape in use on a production line, applied to a plain component moving along a conveyor; cool factory lighting, motion softly implied. The tape itself is the hero of the image and is shown plain and unbranded. Photorealistic commercial product photography. Full-frame camera, 50mm lens for scene shots and 100mm macro for detail shots, f/4, sharp focus on the point of application with the background falling away softly. Natural colour, realistic material response, true-to-life scale. Hands, where shown, are anatomically correct with five fingers and clean, unmanicured working nails. ABSOLUTELY NO TEXT of any kind: no letters, words, numbers, logos, brand names, printed labels, barcodes, packaging copy, signage text, watermarks or UI overlays anywhere in the frame. Every tape roll, carton, panel, tool and surface is completely blank and unbranded. No invented lettering, no partial or garbled characters. Avoid: extra fingers, malformed hands, floating objects, duplicated tools, plastic-looking skin, HDR halos, heavy vignette, oversaturation."
Kikusui Joist Protection Decking Tape,kikusui-joist-protection-decking-tape,specialty-tape,3,Macro adhesive,,"an extreme macro of the tape's edge lifting from a smooth substrate, the adhesive stringing slightly; dramatic directional light, dark background. The tape itself is the hero of the image and is shown plain and unbranded. Photorealistic commercial product photography. Full-frame camera, 50mm lens for scene shots and 100mm macro for detail shots, f/4, sharp focus on the point of application with the background falling away softly. Natural colour, realistic material response, true-to-life scale. Hands, where shown, are anatomically correct with five fingers and clean, unmanicured working nails. ABSOLUTELY NO TEXT of any kind: no letters, words, numbers, logos, brand names, printed labels, barcodes, packaging copy, signage text, watermarks or UI overlays anywhere in the frame. Every tape roll, carton, panel, tool and surface is completely blank and unbranded. No invented lettering, no partial or garbled characters. Avoid: extra fingers, malformed hands, floating objects, duplicated tools, plastic-looking skin, HDR halos, heavy vignette, oversaturation."
General Purpose Adhesive Transfer Tape,general-purpose-adhesive-transfer-tape,atg-tapes,1,Picture framing,"Manufacturing, Tapes for Visual, Arts & Entertainment","a framer's hands running an ATG applicator gun along the rebate of a timber picture frame on a felt-topped bench, mount board and a blank print waiting alongside; warm studio lamp light. The tape itself is the hero of the image and is shown plain and unbranded. Photorealistic commercial product photography. Full-frame camera, 50mm lens for scene shots and 100mm macro for detail shots, f/4, sharp focus on the point of application with the background falling away softly. Natural colour, realistic material response, true-to-life scale. Hands, where shown, are anatomically correct with five fingers and clean, unmanicured working nails. ABSOLUTELY NO TEXT of any kind: no letters, words, numbers, logos, brand names, printed labels, barcodes, packaging copy, signage text, watermarks or UI overlays anywhere in the frame. Every tape roll, carton, panel, tool and surface is completely blank and unbranded. No invented lettering, no partial or garbled characters. Avoid: extra fingers, malformed hands, floating objects, duplicated tools, plastic-looking skin, HDR halos, heavy vignette, oversaturation."
General Purpose Adhesive Transfer Tape,general-purpose-adhesive-transfer-tape,atg-tapes,2,Print finishing,"Manufacturing, Tapes for Visual, Arts & Entertainment","a print-finisher mounting a large blank photographic print onto foam board with transfer adhesive, roller in hand; clean bright studio, shallow depth of field. The tape itself is the hero of the image and is shown plain and unbranded. Photorealistic commercial product photography. Full-frame camera, 50mm lens for scene shots and 100mm macro for detail shots, f/4, sharp focus on the point of application with the background falling away softly. Natural colour, realistic material response, true-to-life scale. Hands, where shown, are anatomically correct with five fingers and clean, unmanicured working nails. ABSOLUTELY NO TEXT of any kind: no letters, words, numbers, logos, brand names, printed labels, barcodes, packaging copy, signage text, watermarks or UI overlays anywhere in the frame. Every tape roll, carton, panel, tool and surface is completely blank and unbranded. No invented lettering, no partial or garbled characters. Avoid: extra fingers, malformed hands, floating objects, duplicated tools, plastic-looking skin, HDR halos, heavy vignette, oversaturation."
General Purpose Adhesive Transfer Tape,general-purpose-adhesive-transfer-tape,atg-tapes,3,Applicator detail,"Manufacturing, Tapes for Visual, Arts & Entertainment","an extreme macro of an ATG gun laying a clear adhesive line onto matte board, the transfer film peeling away cleanly; dramatic side lighting. The tape itself is the hero of the image and is shown plain and unbranded. Photorealistic commercial product photography. Full-frame camera, 50mm lens for scene shots and 100mm macro for detail shots, f/4, sharp focus on the point of application with the background falling away softly. Natural colour, realistic material response, true-to-life scale. Hands, where shown, are anatomically correct with five fingers and clean, unmanicured working nails. ABSOLUTELY NO TEXT of any kind: no letters, words, numbers, logos, brand names, printed labels, barcodes, packaging copy, signage text, watermarks or UI overlays anywhere in the frame. Every tape roll, carton, panel, tool and surface is completely blank and unbranded. No invented lettering, no partial or garbled characters. Avoid: extra fingers, malformed hands, floating objects, duplicated tools, plastic-looking skin, HDR halos, heavy vignette, oversaturation."
Ultra High Bond Acrylic Foam Tape D/Sided- Dark Grey,high-bond-acrylic-tape-dark-grey,foam-tape-double-sided,1,Mirror mounting,"Aerospace Defense, Building & Construction","hands pressing a frameless bathroom mirror onto a tiled wall, evenly spaced strips of white double-sided foam tape on the mirror's back edge just visible; soft diffused bathroom light, tile grout lines crisp. The tape itself is the hero of the image and is shown plain and unbranded. Photorealistic commercial product photography. Full-frame camera, 50mm lens for scene shots and 100mm macro for detail shots, f/4, sharp focus on the point of application with the background falling away softly. Natural colour, realistic material response, true-to-life scale. Hands, where shown, are anatomically correct with five fingers and clean, unmanicured working nails. ABSOLUTELY NO TEXT of any kind: no letters, words, numbers, logos, brand names, printed labels, barcodes, packaging copy, signage text, watermarks or UI overlays anywhere in the frame. Every tape roll, carton, panel, tool and surface is completely blank and unbranded. No invented lettering, no partial or garbled characters. Avoid: extra fingers, malformed hands, floating objects, duplicated tools, plastic-looking skin, HDR halos, heavy vignette, oversaturation."
Ultra High Bond Acrylic Foam Tape D/Sided- Dark Grey,high-bond-acrylic-tape-dark-grey,foam-tape-double-sided,2,Sign mounting,"Aerospace Defense, Building & Construction","a signwriter aligning a blank brushed-aluminium plaque onto a painted reception wall, foam tape strips on the reverse; shallow depth of field, soft architectural lighting. The tape itself is the hero of the image and is shown plain and unbranded. Photorealistic commercial product photography. Full-frame camera, 50mm lens for scene shots and 100mm macro for detail shots, f/4, sharp focus on the point of application with the background falling away softly. Natural colour, realistic material response, true-to-life scale. Hands, where shown, are anatomically correct with five fingers and clean, unmanicured working nails. ABSOLUTELY NO TEXT of any kind: no letters, words, numbers, logos, brand names, printed labels, barcodes, packaging copy, signage text, watermarks or UI overlays anywhere in the frame. Every tape roll, carton, panel, tool and surface is completely blank and unbranded. No invented lettering, no partial or garbled characters. Avoid: extra fingers, malformed hands, floating objects, duplicated tools, plastic-looking skin, HDR halos, heavy vignette, oversaturation."
Ultra High Bond Acrylic Foam Tape D/Sided- Dark Grey,high-bond-acrylic-tape-dark-grey,foam-tape-double-sided,3,Window seal,"Aerospace Defense, Building & Construction","a close-up of grey foam tape being pressed into the rebate of an aluminium window frame on a construction site, weather seal continuous around the corner; bright overcast daylight. The tape itself is the hero of the image and is shown plain and unbranded. Photorealistic commercial product photography. Full-frame camera, 50mm lens for scene shots and 100mm macro for detail shots, f/4, sharp focus on the point of application with the background falling away softly. Natural colour, realistic material response, true-to-life scale. Hands, where shown, are anatomically correct with five fingers and clean, unmanicured working nails. ABSOLUTELY NO TEXT of any kind: no letters, words, numbers, logos, brand names, printed labels, barcodes, packaging copy, signage text, watermarks or UI overlays anywhere in the frame. Every tape roll, carton, panel, tool and surface is completely blank and unbranded. No invented lettering, no partial or garbled characters. Avoid: extra fingers, malformed hands, floating objects, duplicated tools, plastic-looking skin, HDR halos, heavy vignette, oversaturation."
Double Side Back to Back Hook Loop,back-to-back-black-hook-and-loop,hook-loop-tapes,1,Cable management,"Display Signage, Picture Framing Tapes","a close-up of a person's hands wrapping a bundle of black and grey cables beneath a modern office desk, cinching them with a strip of plain black hook-and-loop fastener; polished concrete floor and a chair caster softly out of focus behind. The tape itself is the hero of the image and is shown plain and unbranded. Photorealistic commercial product photography. Full-frame camera, 50mm lens for scene shots and 100mm macro for detail shots, f/4, sharp focus on the point of application with the background falling away softly. Natural colour, realistic material response, true-to-life scale. Hands, where shown, are anatomically correct with five fingers and clean, unmanicured working nails. ABSOLUTELY NO TEXT of any kind: no letters, words, numbers, logos, brand names, printed labels, barcodes, packaging copy, signage text, watermarks or UI overlays anywhere in the frame. Every tape roll, carton, panel, tool and surface is completely blank and unbranded. No invented lettering, no partial or garbled characters. Avoid: extra fingers, malformed hands, floating objects, duplicated tools, plastic-looking skin, HDR halos, heavy vignette, oversaturation."
Double Side Back to Back Hook Loop,back-to-back-black-hook-and-loop,hook-loop-tapes,2,Exhibition panel,"Display Signage, Picture Framing Tapes","a trade-show technician pressing a lightweight fabric display panel onto an aluminium frame upright, a strip of plain black hook-and-loop fastener visible along the frame edge; bright even exhibition-hall lighting, other booths blurred far behind. The tape itself is the hero of the image and is shown plain and unbranded. Photorealistic commercial product photography. Full-frame camera, 50mm lens for scene shots and 100mm macro for detail shots, f/4, sharp focus on the point of application with the background falling away softly. Natural colour, realistic material response, true-to-life scale. Hands, where shown, are anatomically correct with five fingers and clean, unmanicured working nails. ABSOLUTELY NO TEXT of any kind: no letters, words, numbers, logos, brand names, printed labels, barcodes, packaging copy, signage text, watermarks or UI overlays anywhere in the frame. Every tape roll, carton, panel, tool and surface is completely blank and unbranded. No invented lettering, no partial or garbled characters. Avoid: extra fingers, malformed hands, floating objects, duplicated tools, plastic-looking skin, HDR halos, heavy vignette, oversaturation."
Double Side Back to Back Hook Loop,back-to-back-black-hook-and-loop,hook-loop-tapes,3,Marine cushion,"Display Signage, Picture Framing Tapes","hands refitting a removable vinyl seat cushion onto a boat bench, plain black hook-and-loop strips bonded to the underside of the cushion and the fibreglass seat base; bright coastal daylight, water sparkling out of focus beyond the gunwale. The tape itself is the hero of the image and is shown plain and unbranded. Photorealistic commercial product photography. Full-frame camera, 50mm lens for scene shots and 100mm macro for detail shots, f/4, sharp focus on the point of application with the background falling away softly. Natural colour, realistic material response, true-to-life scale. Hands, where shown, are anatomically correct with five fingers and clean, unmanicured working nails. ABSOLUTELY NO TEXT of any kind: no letters, words, numbers, logos, brand names, printed labels, barcodes, packaging copy, signage text, watermarks or UI overlays anywhere in the frame. Every tape roll, carton, panel, tool and surface is completely blank and unbranded. No invented lettering, no partial or garbled characters. Avoid: extra fingers, malformed hands, floating objects, duplicated tools, plastic-looking skin, HDR halos, heavy vignette, oversaturation."
