locality,state,postcode,count
Melbourne,VIC,3000,117844
Southbank,VIC,3006,49606
Sydney,NSW,2000,46593
Surfers Paradise,QLD,4217,36525
Port Macquarie,NSW,2444,33862
Adelaide,SA,5000,30967
Southport,QLD,4215,30061
Reservoir,VIC,3073,29712
Tarneit,VIC,3029,29239
Docklands,VIC,3008,28587
Werribee,VIC,3030,27675
South Yarra,VIC,3141,27667
Pakenham,VIC,3810,26348
Carlton,VIC,3053,26333
Point Cook,VIC,3030,26250
Dubbo,NSW,2830,25907
Craigieburn,VIC,3064,25803
Blacktown,NSW,2148,25774
Parramatta,NSW,2150,25282
Orange,NSW,2800,25097
Frankston,VIC,3199,24350
Bankstown,NSW,2200,24063
Richmond,VIC,3121,23835
Berwick,VIC,3806,23341
Castle Hill,NSW,2154,22501
Preston,VIC,3072,22432
St Kilda,VIC,3182,22100
Mildura,VIC,3500,22046
Brisbane City,QLD,4000,21940
Sunbury,VIC,3429,21934
Warrnambool,VIC,3280,21606
Liverpool,NSW,2170,21604
Glen Waverley,VIC,3150,21140
Randwick,NSW,2031,20850
Truganina,VIC,3029,20706
Hurstville,NSW,2220,20513
Perth,WA,6000,20427
Clyde North,VIC,3978,19838
Coffs Harbour,NSW,2450,19752
Maroochydore,QLD,4558,19701
Ryde,NSW,2112,19589
Surry Hills,NSW,2010,19423
Shepparton,VIC,3630,19218
Dandenong,VIC,3175,19202
Mosman,NSW,2088,18941
Baldivis,WA,6171,18871
Mount Waverley,VIC,3149,18831
Brunswick,VIC,3056,18687
Wollongong,NSW,2500,18600
North Melbourne,VIC,3051,18553
St Albans,VIC,3021,18210
Maroubra,NSW,2035,18154
Buderim,QLD,4556,18139
Chatswood,NSW,2067,18136
Marrickville,NSW,2204,17907
Caboolture,QLD,4510,17719
Hawthorn,VIC,3122,17519
Auburn,NSW,2144,17364
Melbourne,VIC,3004,17309
Epping,VIC,3076,17294
Hoppers Crossing,VIC,3029,17131
Mornington,VIC,3931,17007
Cheltenham,VIC,3192,16895
Penrith,NSW,2750,16576
Armidale,NSW,2350,16492
Dee Why,NSW,2099,16468
Epping,NSW,2121,16432
Mount Gambier,SA,5290,16407
Footscray,VIC,3011,16283
Traralgon,VIC,3844,16210
Noble Park,VIC,3174,16163
Croydon,VIC,3136,16066
Wollert,VIC,3750,15832
Baulkham Hills,NSW,2153,15580
Doncaster East,VIC,3109,15445
Campsie,NSW,2194,15304
Goulburn,NSW,2580,15298
Merrylands,NSW,2160,15284
Brighton,VIC,3186,15252
Coburg,VIC,3058,15163
Port Melbourne,VIC,3207,15043
Cronulla,NSW,2230,14983
Northcote,VIC,3070,14971
Doncaster,VIC,3108,14948
Ashfield,NSW,2131,14901
Hornsby,NSW,2077,14877
Mascot,NSW,2020,14810
Bentleigh East,VIC,3165,14731
Labrador,QLD,4215,14578
Manly,NSW,2095,14456
Waterloo,NSW,2017,14372
Morayfield,QLD,4506,14366
South Brisbane,QLD,4101,14279
Ferntree Gully,VIC,3156,14223
Canning Vale,WA,6155,14180
Rowville,VIC,3178,14119
Malvern East,VIC,3145,14118
Kew,VIC,3101,14104
West Melbourne,VIC,3003,14046
Bundoora,VIC,3083,13995
Glen Iris,VIC,3146,13907
South Melbourne,VIC,3205,13837
Boronia,VIC,3155,13760
Strathfield,NSW,2135,13718
Robina,QLD,4226,13622
Ocean Grove,VIC,3226,13491
Broken Hill,NSW,2880,13439
Keysborough,VIC,3173,13367
Fortitude Valley,QLD,4006,13324
Scarborough,WA,6019,13243
Forster,NSW,2428,13224
Carlingford,NSW,2118,13193
Morphett Vale,SA,5162,13181
Ringwood,VIC,3134,13158
Kogarah,NSW,2217,13113
Glenroy,VIC,3046,12949
Carrum Downs,VIC,3201,12905
Springvale,VIC,3171,12823
Essendon,VIC,3040,12791
Burwood,NSW,2134,12740
Broadbeach,QLD,4218,12738
Miranda,NSW,2228,12622
Dianella,WA,6059,12612
Rockingham,WA,6168,12592
Wodonga,VIC,3690,12558
Warragul,VIC,3820,12522
Camberwell,VIC,3124,12518
Lidcombe,NSW,2141,12477
Pyrmont,NSW,2009,12469
Mill Park,VIC,3082,12446
Coorparoo,QLD,4151,12356
Narre Warren,VIC,3805,12348
Clayton,VIC,3168,12345
Thomastown,VIC,3074,12336
Mount Barker,SA,5251,12332
Palm Beach,QLD,4221,12326
Morley,WA,6062,12296
Darlinghurst,NSW,2010,12290
Burleigh Heads,QLD,4220,12286
Box Hill,VIC,3128,12283
Wangaratta,VIC,3677,12283
Campbelltown,NSW,2560,12168
Seaford,VIC,3198,12113
Torquay,VIC,3228,12079
East Perth,WA,6004,12016
Cleveland,QLD,4163,11927
Griffith,NSW,2680,11896
Carnegie,VIC,3163,11857
Upper Coomera,QLD,4209,11813
South Perth,WA,6151,11760
Bondi Junction,NSW,2022,11718
Redfern,NSW,2016,11711
Prahran,VIC,3181,11675
Rosebud,VIC,3939,11667
Thornbury,VIC,3071,11626
Newtown,NSW,2042,11601
Elwood,VIC,3184,11586
North Sydney,NSW,2060,11565
Lara,VIC,3212,11415
Pimpama,QLD,4209,11393
West End,QLD,4101,11378
Rye,VIC,3941,11282
Wyndham Vale,VIC,3024,11248
Taree,NSW,2430,11240
Macquarie Park,NSW,2113,11215
Seven Hills,NSW,2147,11193
Maylands,WA,6051,11180
Doreen,VIC,3754,11172
Coogee,NSW,2034,11139
Cranbourne,VIC,3977,11139
Alexandria,NSW,2015,11101
Guildford,NSW,2161,11049
Greenacre,NSW,2190,10991
Mandurah,WA,6210,10970
Quakers Hill,NSW,2763,10905
Russell Island,QLD,4184,10879
Officer,VIC,3809,10851
Langwarrin,VIC,3910,10844
Como,WA,6152,10820
Redbank Plains,QLD,4301,10799
South Morang,VIC,3752,10776
Mount Martha,VIC,3934,10773
Kallangur,QLD,4503,10768
Mooroolbark,VIC,3138,10766
Kellyville,NSW,2155,10762
Greensborough,VIC,3088,10759
Port Lincoln,SA,5606,10739
Capalaba,QLD,4157,10728
Moonee Ponds,VIC,3039,10698
Ellenbrook,WA,6069,10687
Nerang,QLD,4211,10663
Mickleham,VIC,3064,10604
Cabramatta,NSW,2166,10562
Hope Island,QLD,4212,10557
Rockdale,NSW,2216,10556
Gosnells,WA,6110,10548
Bondi Beach,NSW,2026,10489
Caringbah,NSW,2229,10473
Murray Bridge,SA,5253,10456
Hawthorn East,VIC,3123,10429
Chermside,QLD,4032,10429
Highton,VIC,3216,10426
Caulfield North,VIC,3161,10368
Brunswick East,VIC,3057,10350
Pascoe Vale,VIC,3044,10334
North Lakes,QLD,4509,10294
Leichhardt,NSW,2040,10257
Lilydale,VIC,3140,10246
Narre Warren South,VIC,3805,10231
Nundah,QLD,4012,10218
Westmead,NSW,2145,10217
Zetland,NSW,2017,10212
Sale,VIC,3850,10205
Eastwood,NSW,2122,10203
Bayswater,WA,6053,10164
Brunswick West,VIC,3055,10152
Wantirna South,VIC,3152,10149
New Farm,QLD,4005,10106
Mernda,VIC,3754,10079
Lalor,VIC,3075,10062
Greenvale,VIC,3059,10033
Hampton Park,VIC,3976,10009
Fairfield,NSW,2165,9986
Umina Beach,NSW,2257,9974
Fitzroy,VIC,3065,9944
Thornlie,WA,6108,9934
Coomera,QLD,4209,9849
Helensvale,QLD,4212,9839
Emerald,QLD,4720,9836
Forest Lake,QLD,4078,9807
Toorak,VIC,3142,9776
Maryborough,QLD,4650,9756
Dandenong North,VIC,3175,9717
Cranbourne East,VIC,3977,9714
Kirwan,QLD,4817,9710
Bentleigh,VIC,3204,9706
Deception Bay,QLD,4508,9693
Mulgrave,VIC,3170,9667
Echuca,VIC,3564,9628
Horsham,VIC,3400,9604
Morwell,VIC,3840,9596
Haymarket,NSW,2000,9539
Wheelers Hill,VIC,3150,9538
Endeavour Hills,VIC,3802,9536
Mitcham,VIC,3132,9518
St Marys,NSW,2760,9515
Varsity Lakes,QLD,4227,9512
Narangba,QLD,4504,9478
Glebe,NSW,2037,9455
Kangaroo Point,QLD,4169,9453
West Perth,WA,6005,9449
Toowong,QLD,4066,9440
Punchbowl,NSW,2196,9423
Altona Meadows,VIC,3028,9416
Noosaville,QLD,4566,9410
Balwyn North,VIC,3104,9397
Glenmore Park,NSW,2745,9373
Bayswater,VIC,3153,9360
Ballina,NSW,2478,9359
Devonport,TAS,7310,9354
Wynnum,QLD,4178,9325
Caroline Springs,VIC,3023,9309
Kensington,VIC,3031,9286
Rosebery,NSW,2018,9268
Dulwich Hill,NSW,2203,9263
Subiaco,WA,6008,9250
Ultimo,NSW,2007,9212
Bexley,NSW,2207,9200
Granville,NSW,2142,9150
Armstrong Creek,VIC,3217,9115
Fremantle,WA,6160,9100
Neutral Bay,NSW,2089,9081
Burpengary,QLD,4505,9073
Sunshine West,VIC,3020,9065
Greystanes,NSW,2145,9059
Collingwood,VIC,3066,9059
Drouin,VIC,3818,9041
Eltham,VIC,3095,9014
Potts Point,NSW,2011,8986
Woolloongabba,QLD,4102,8985
Cessnock,NSW,2325,8979
Mooloolaba,QLD,4557,8975
Eagleby,QLD,4207,8972
Ascot Vale,VIC,3032,8962
Williamstown,VIC,3016,8959
Indooroopilly,QLD,4068,8956
Burwood,VIC,3125,8951
Fraser Rise,VIC,3336,8951
Belmont,VIC,3216,8938
Paddington,NSW,2021,8932
Mentone,VIC,3194,8929
Coolangatta,QLD,4225,8922
Banora Point,NSW,2486,8876
Ivanhoe,VIC,3079,8831
Yarraville,VIC,3013,8806
Drummoyne,NSW,2047,8769
Frankston South,VIC,3199,8740
Cowes,VIC,3922,8715
Rivervale,WA,6103,8681
Lakemba,NSW,2195,8660
Coolum Beach,QLD,4573,8659
Cranbourne North,VIC,3977,8656
Cranbourne West,VIC,3977,8643
St Ives,NSW,2075,8625
Wentworth Point,NSW,2127,8623
St Kilda East,VIC,3183,8620
East Melbourne,VIC,3002,8591
Blackburn,VIC,3130,8580
Yagoona,NSW,2199,8566
Bowen,QLD,4805,8549
Lavington,NSW,2641,8543
Ingleburn,NSW,2565,8539
Byford,WA,6122,8539
Brighton East,VIC,3187,8530
Victoria Point,QLD,4165,8512
Lane Cove,NSW,2066,8505
Mount Eliza,VIC,3930,8502
Kingsford,NSW,2032,8479
Redland Bay,QLD,4165,8462
Thornlands,QLD,4164,8443
Gladesville,NSW,2111,8434
Clayton South,VIC,3169,8395
Fitzroy North,VIC,3068,8346
Wallan,VIC,3756,8340
Tweed Heads,NSW,2485,8330
Revesby,NSW,2212,8323
St Leonards,NSW,2065,8321
Cremorne,NSW,2090,8321
Armadale,WA,6112,8313
Sutherland,NSW,2232,8306
Darwin City,NT,0800,8296
Mermaid Beach,QLD,4218,8288
Mount Druitt,NSW,2770,8254
Botany,NSW,2019,8240
Willetton,WA,6155,8237
Wahroonga,NSW,2076,8230
Yokine,WA,6060,8221
Halls Head,WA,6210,8215
Earlwood,NSW,2206,8214
Spring Hill,QLD,4000,8209
Redcliffe,QLD,4020,8204
Bondi,NSW,2026,8177
Wentworthville,NSW,2145,8162
Charlestown,NSW,2290,8140
Corio,VIC,3214,8132
Deer Park,VIC,3023,8124
Clyde,VIC,3978,8123
Altona North,VIC,3025,8122
Park Ridge,QLD,4125,8105
Nambour,QLD,4560,8085
Oran Park,NSW,2570,8082
Abbotsford,VIC,3067,8079
Altona,VIC,3018,8069
Maribyrnong,VIC,3032,8061
Geelong,VIC,3220,8061
Calamvale,QLD,4116,8053
Engadine,NSW,2233,8032
Prospect,SA,5082,8030
Urangan,QLD,4655,8000
Roxburgh Park,VIC,3064,7978
Carindale,QLD,4152,7977
Annerley,QLD,4103,7966
Keilor East,VIC,3033,7960
Terrigal,NSW,2260,7958
Warwick,QLD,4370,7954
Highett,VIC,3190,7950
Toongabbie,NSW,2146,7938
Muswellbrook,NSW,2333,7923
Victoria Park,WA,6100,7913
Ashmore,QLD,4214,7896
Lane Cove North,NSW,2066,7879
Templestowe,VIC,3106,7869
Morningside,QLD,4170,7856
Sunnybank Hills,QLD,4109,7855
Wagga Wagga,NSW,2650,7851
Schofields,NSW,2762,7847
Grovedale,VIC,3216,7836
Kensington,NSW,2033,7831
Burleigh Waters,QLD,4220,7817
Mount Lawley,WA,6050,7808
Rhodes,NSW,2138,7803
Wembley,WA,6014,7797
Dalby,QLD,4405,7789
North Kellyville,NSW,2155,7784
Hampton,VIC,3188,7745
Camperdown,NSW,2050,7726
Balwyn,VIC,3103,7721
Balcatta,WA,6021,7711
Homebush,NSW,2140,7703
Rouse Hill,NSW,2155,7700
Austral,NSW,2179,7686
North Parramatta,NSW,2151,7681
Parkes,NSW,2870,7678
Bowral,NSW,2576,7632
Mudgee,NSW,2850,7620
Hamilton,QLD,4007,7617
Belmore,NSW,2192,7616
Eight Mile Plains,QLD,4113,7615
Australind,WA,6233,7615
The Gap,QLD,4061,7596
Ormeau,QLD,4208,7596
Clayfield,QLD,4011,7590
Armadale,VIC,3143,7587
West Wodonga,VIC,3690,7578
Goonellabah,NSW,2480,7570
Parafield Gardens,SA,5107,7557
Cherrybrook,NSW,2126,7529
West Ryde,NSW,2114,7528
Riverwood,NSW,2210,7528
Wallsend,NSW,2287,7509
St Lucia,QLD,4067,7503
East Maitland,NSW,2323,7502
Gympie,QLD,4570,7489
Albany Creek,QLD,4035,7479
Carrara,QLD,4211,7471
Rochedale South,QLD,4123,7452
Woy Woy,NSW,2256,7451
Padstow,NSW,2211,7448
Erskineville,NSW,2043,7438
Bentley,WA,6102,7433
Benalla,VIC,3672,7427
Bracken Ridge,QLD,4017,7423
Newstead,QLD,4006,7413
Penshurst,NSW,2222,7395
Byron Bay,NSW,2481,7375
Raymond Terrace,NSW,2324,7370
Balmain,NSW,2041,7328
Kingswood,NSW,2747,7327
St Clair,NSW,2759,7311
Upper Mount Gravatt,QLD,4122,7298
Balga,WA,6061,7298
Surrey Hills,VIC,3127,7286
Young,NSW,2594,7281
Inverell,NSW,2360,7278
Peakhurst,NSW,2210,7270
Aspley,QLD,4034,7244
Broadmeadows,VIC,3047,7242
Ashgrove,QLD,4060,7237
Nollamara,WA,6061,7230
Homebush West,NSW,2140,7225
Grafton,NSW,2460,7224
Biggera Waters,QLD,4216,7224
Sandy Bay,TAS,7005,7223
Nelson Bay,NSW,2315,7217
Elsternwick,VIC,3185,7212
Belconnen,ACT,2617,7201
Moorooka,QLD,4105,7194
Casula,NSW,2170,7192
Sunshine North,VIC,3020,7186
Woodridge,QLD,4114,7184
Birkdale,QLD,4159,7177
Wolli Creek,NSW,2205,7164
Mareeba,QLD,4880,7163
Braddon,ACT,2612,7134
Ballajura,WA,6066,7126
Leopold,VIC,3224,7121
Nowra,NSW,2541,7111
Chippendale,NSW,2008,7109
Maddington,WA,6109,7099
Mermaid Waters,QLD,4218,7091
Glenorchy,TAS,7010,7089
Kirrawee,NSW,2232,7082
Alexandra Hills,QLD,4161,7080
Smithfield,NSW,2164,7075
Rose Bay,NSW,2029,7072
Mawson Lakes,SA,5095,7071
Nunawading,VIC,3131,7064
Hamilton Hill,WA,6163,7061
Mango Hill,QLD,4509,7045
Katoomba,NSW,2780,7042
East Victoria Park,WA,6101,7038
West Footscray,VIC,3012,7035
Malvern,VIC,3144,7026
Portland,VIC,3305,6990
Paralowie,SA,5108,6976
Marsden Park,NSW,2765,6975
Forrestfield,WA,6058,6972
Swan Hill,VIC,3585,6962
Box Hill,NSW,2765,6961
Cowra,NSW,2794,6947
Moe,VIC,3825,6942
Wendouree,VIC,3355,6940
Inala,QLD,4077,6934
Marsfield,NSW,2122,6932
Hastings,VIC,3915,6916
Tweed Heads South,NSW,2486,6881
Rutherford,NSW,2320,6878
Bongaree,QLD,4507,6872
Templestowe Lower,VIC,3107,6868
Dromana,VIC,3936,6865
Osborne Park,WA,6017,6860
Kingston,TAS,7050,6854
Kambah,ACT,2902,6841
South Hedland,WA,6722,6835
Sandringham,VIC,3191,6808
Pacific Pines,QLD,4211,6807
Mortdale,NSW,2223,6804
Hamilton,VIC,3300,6784
Arncliffe,NSW,2205,6780
Noosa Heads,QLD,4567,6778
Mona Vale,NSW,2103,6773
Greenbank,QLD,4124,6769
Newport,VIC,3015,6765
Miami,QLD,4220,6759
Gunnedah,NSW,2380,6758
Casino,NSW,2470,6744
Springfield Lakes,QLD,4300,6733
Slacks Creek,QLD,4127,6719
Carina,QLD,4152,6718
Kangaroo Flat,VIC,3555,6710
North Ryde,NSW,2113,6709
Campbellfield,VIC,3061,6704
Kilsyth,VIC,3137,6698
Fawkner,VIC,3060,6697
Beenleigh,QLD,4207,6689
Concord,NSW,2137,6676
Parkdale,VIC,3195,6675
Yarrawonga,VIC,3730,6654
Marsden,QLD,4132,6638
Duncraig,WA,6023,6634
Sebastopol,VIC,3356,6631
Coombabah,QLD,4216,6631
Clarkson,WA,6030,6620
Windsor,VIC,3181,6619
Arundel,QLD,4214,6616
Claremont,WA,6010,6608
Sans Souci,NSW,2219,6598
Sylvania,NSW,2224,6595
Mount Gravatt East,QLD,4122,6595
Runaway Bay,QLD,4216,6591
Beaumaris,VIC,3193,6583
Bassendean,WA,6054,6579
Mudgeeraba,QLD,4213,6555
West Pennant Hills,NSW,2125,6548
Merewether,NSW,2291,6530
Caulfield South,VIC,3162,6509
Springwood,QLD,4127,6506
Wantirna,VIC,3152,6503
Camp Hill,QLD,4152,6488
Kingaroy,QLD,4610,6486
Newcastle,NSW,2300,6473
Wellard,WA,6170,6466
Cranebrook,NSW,2749,6464
Minto,NSW,2566,6462
Box Hill North,VIC,3129,6452
Artarmon,NSW,2064,6435
Carlton,NSW,2218,6433
Runcorn,QLD,4113,6432
Brassall,QLD,4305,6426
Wynnum West,QLD,4178,6410
Burpengary East,QLD,4505,6401
Landsdale,WA,6065,6383
Melton South,VIC,3338,6382
Kingsgrove,NSW,2208,6380
Bateau Bay,NSW,2261,6375
Moree,NSW,2400,6360
Hillside,VIC,3037,6357
Cairns City,QLD,4870,6357
Margaret River,WA,6285,6355
Prestons,NSW,2170,6351
Northmead,NSW,2152,6349
Taringa,QLD,4068,6339
Albion Park,NSW,2527,6333
Bellevue Hill,NSW,2023,6329
Oxenford,QLD,4210,6322
Piara Waters,WA,6112,6313
Moorabbin,VIC,3189,6312
Greenfields,WA,6210,6309
Wanneroo,WA,6065,6290
Tullamarine,VIC,3043,6286
Logan Reserve,QLD,4133,6274
Joondalup,WA,6027,6273
Kingscliff,NSW,2487,6263
Mordialloc,VIC,3195,6253
Seaton,SA,5023,6250
Bathurst,NSW,2795,6236
Newtown,QLD,4350,6233
Sunshine,VIC,3020,6226
Bargara,QLD,4670,6223
Manor Lakes,VIC,3024,6219
Taylors Lakes,VIC,3038,6219
Shailer Park,QLD,4128,6219
Turramurra,NSW,2074,6218
Innaloo,WA,6018,6216
Woonona,NSW,2517,6212
Braybrook,VIC,3019,6210
Everton Park,QLD,4053,6208
Burwood East,VIC,3151,6201
Pymble,NSW,2073,6190
Norwood,SA,5067,6170
Kelmscott,WA,6111,6165
Tewantin,QLD,4565,6161
Aldinga Beach,SA,5173,6161
Kedron,QLD,4031,6160
Paddington,QLD,4064,6160
Rooty Hill,NSW,2766,6159
Macquarie Fields,NSW,2564,6155
Newtown,VIC,3220,6143
Phillip,ACT,2606,6134
Thurgoona,NSW,2640,6125
Mayfield,NSW,2304,6121
Narrabeen,NSW,2101,6118
Roselands,NSW,2196,6110
Brighton-le-sands,NSW,2216,6109
Bairnsdale,VIC,3875,6107
Hallam,VIC,3803,6099
Ayr,QLD,4807,6097
Midland,WA,6056,6074
Manly West,QLD,4179,6072
Wyoming,NSW,2250,6062
Chester Hill,NSW,2162,6060
Panania,NSW,2213,6058
Inverloch,VIC,3996,6058
Donvale,VIC,3111,6057
Spearwood,WA,6163,6056
North Adelaide,SA,5006,6052
Somerville,VIC,3912,6046
Ermington,NSW,2115,6044
Moama,NSW,2731,6044
Griffin,QLD,4503,6040
Oakleigh,VIC,3166,6028
Wellington Point,QLD,4160,6027
Yarrabilba,QLD,4207,6012
Lindfield,NSW,2070,6009
Five Dock,NSW,2046,5970
Alkimos,WA,6038,5957
Harristown,QLD,4350,5953
The Ponds,NSW,2769,5946
Colac,VIC,3250,5944
Annandale,NSW,2038,5942
Bendigo,VIC,3550,5930
Yamba,NSW,2464,5925
Deanside,VIC,3336,5925
Petersham,NSW,2049,5924
Alfredton,VIC,3350,5909
Tuncurry,NSW,2428,5898
Kelvin Grove,QLD,4059,5892
Port Kennedy,WA,6172,5884
Canterbury,NSW,2193,5879
Nedlands,WA,6009,5874
Aveley,WA,6069,5871
Caringbah South,NSW,2229,5866
Norlane,VIC,3214,5855
Moranbah,QLD,4744,5833
Bowen Hills,QLD,4006,5827
Atherton,QLD,4883,5823
Kingston,ACT,2604,5811
Currumbin Waters,QLD,4223,5810
Benowa,QLD,4217,5809
North Perth,WA,6006,5803
Woollahra,NSW,2025,5802
Hobart,TAS,7000,5801
Forest Hill,VIC,3131,5795
Donnybrook,VIC,3064,5790
Gosford,NSW,2250,5789
Yanchep,WA,6035,5786
Avondale Heights,VIC,3034,5785
High Wycombe,WA,6057,5785
West Busselton,WA,6280,5768
Greenslopes,QLD,4120,5761
Rozelle,NSW,2039,5757
Elizabeth Bay,NSW,2011,5756
Brookvale,NSW,2100,5756
Meadow Heights,VIC,3048,5754
Yeppoon,QLD,4703,5753
Bulleen,VIC,3105,5752
Elanora,QLD,4221,5752
Port Douglas,QLD,4877,5743
Dapto,NSW,2530,5726
Moorebank,NSW,2170,5723
Ulladulla,NSW,2539,5722
Golden Square,VIC,3555,5718
Frenchs Forest,NSW,2086,5714
Moss Vale,NSW,2577,5713
Murrumbeena,VIC,3163,5709
Kingston,QLD,4114,5701
Campbelltown,SA,5074,5701
Dunsborough,WA,6281,5698
Sippy Downs,QLD,4556,5697
Forbes,NSW,2871,5696
Airport West,VIC,3042,5696
Gordon,NSW,2072,5690
Gracemere,QLD,4702,5690
Kiama,NSW,2533,5689
Diamond Creek,VIC,3089,5681
Gisborne,VIC,3437,5681
Main Beach,QLD,4217,5681
Portarlington,VIC,3223,5680
Deniliquin,NSW,2710,5675
Condell Park,NSW,2200,5673
Parkville,VIC,3052,5671
Kearneys Spring,QLD,4350,5669
Kingsley,WA,6026,5667
Oakleigh South,VIC,3167,5666
Leppington,NSW,2179,5663
Coburg North,VIC,3058,5647
Chelsea,VIC,3196,5644
South Bunbury,WA,6230,5641
Edmondson Park,NSW,2174,5617
Butler,WA,6036,5611
New Lambton,NSW,2305,5606
Maryborough,VIC,3465,5597
Maidstone,VIC,3012,5596
Edmonton,QLD,4869,5595
Ringwood East,VIC,3135,5594
Scarborough,QLD,4020,5593
Windsor,QLD,4030,5579
Bayswater North,VIC,3153,5577
Kincumber,NSW,2251,5576
Leeton,NSW,2705,5566
Cannington,WA,6107,5554
Strathpine,QLD,4500,5540
Magill,SA,5072,5526
Matraville,NSW,2036,5524
Roma,QLD,4455,5524
Hallett Cove,SA,5158,5521
Mount Duneed,VIC,3217,5514
Figtree,NSW,2525,5513
Mosman Park,WA,6012,5484
Port Augusta,SA,5700,5462
Doonside,NSW,2767,5446
The Entrance,NSW,2261,5444
Kelso,NSW,2795,5443
Crows Nest,NSW,2065,5439
Waikiki,WA,6169,5438
Kilmore,VIC,3764,5433
Chadstone,VIC,3148,5426
Southern River,WA,6110,5425
Flemington,VIC,3031,5412
Tuart Hill,WA,6060,5412
Macleod,VIC,3085,5400
Wetherill Park,NSW,2164,5381
Paradise Point,QLD,4216,5381
Chirnside Park,VIC,3116,5364
Success,WA,6164,5350
North Bondi,NSW,2026,5339
Croydon Park,NSW,2133,5336
Zillmere,QLD,4034,5334
Tarragindi,QLD,4121,5310
Happy Valley,SA,5159,5301
Narrabri,NSW,2390,5298
Nambucca Heads,NSW,2448,5297
Salisbury,SA,5108,5294
Blackburn South,VIC,3130,5289
Melton,VIC,3337,5288
Safety Beach,VIC,3936,5288
Freshwater,NSW,2096,5287
Thornton,NSW,2322,5285
Bli Bli,QLD,4560,5283
City,ACT,2601,5256
Riverstone,NSW,2765,5249
Belmont,WA,6104,5247
Warners Bay,NSW,2282,5245
Bulimba,QLD,4171,5239
Chipping Norton,NSW,2170,5238
St Leonards,VIC,3223,5235
Crestmead,QLD,4132,5226
Vermont South,VIC,3133,5224
Killara,NSW,2071,5223
Cloverdale,WA,6105,5223
Mountain Creek,QLD,4557,5222
Roseville,NSW,2069,5219
Golden Grove,SA,5125,5217
Bardon,QLD,4065,5210
Lennox Head,NSW,2478,5205
Cairns North,QLD,4870,5192
Andergrove,QLD,4740,5189
Glenwood,NSW,2768,5186
Palmyra,WA,6157,5186
Bridgeman Downs,QLD,4035,5182
Wollstonecraft,NSW,2065,5172
Castlemaine,VIC,3450,5165
Newport,NSW,2106,5159
Long Jetty,NSW,2261,5158
Clontarf,QLD,4019,5151
Loganlea,QLD,4131,5150
Mitchelton,QLD,4053,5149
Murrumba Downs,QLD,4503,5149
Tugun,QLD,4224,5148
Hillarys,WA,6025,5145
Urraween,QLD,4655,5139
Medowie,NSW,2318,5135
Bossley Park,NSW,2176,5133
Wavell Heights,QLD,4012,5128
Doubleview,WA,6018,5126
Warner,QLD,4500,5125
Queanbeyan,ACT,2620,5120
Croydon,NSW,2132,5118
South Penrith,NSW,2750,5117
Geelong West,VIC,3218,5115
Oxley,QLD,4075,5103
Howrah,TAS,7018,5099
Balgowlah,NSW,2093,5091
Launceston,TAS,7250,5077
Vaucluse,NSW,2030,5076
Cannonvale,QLD,4802,5075
Murwillumbah,NSW,2484,5069
Kippa-ring,QLD,4021,5065
Sanctuary Point,NSW,2540,5046
Stafford,QLD,4053,5041
East Brisbane,QLD,4169,5033
Vermont,VIC,3133,5031
Norman Gardens,QLD,4701,5028
Salisbury North,SA,5108,5022
Gungahlin,ACT,2912,5015
Caloundra,QLD,4551,5015
Brighton,QLD,4017,5014
Broadbeach Waters,QLD,4218,5013
Mackay,QLD,4740,5011
Woolloomooloo,NSW,2011,4999
Avalon Beach,NSW,2107,4998
Acacia Ridge,QLD,4110,4997
Pascoe Vale South,VIC,3044,4988
Brabham,WA,6055,4982
Applecross,WA,6153,4974
Aberfoyle Park,SA,5159,4972
Oatley,NSW,2223,4968
Ballarat Central,VIC,3350,4965
Taylors Hill,VIC,3037,4954
Beverly Hills,NSW,2209,4952
Greenway,ACT,2900,4942
Harkness,VIC,3337,4940
Sunnybank,QLD,4109,4940
Dingley Village,VIC,3172,4937
Raceview,QLD,4305,4936
Carseldine,QLD,4034,4928
Summer Hill,NSW,2130,4926
Winston Hills,NSW,2153,4924
Ararat,VIC,3377,4924
Waitara,NSW,2077,4918
Bacchus Marsh,VIC,3340,4917
Northam,WA,6401,4900
Dandenong South,VIC,3175,4899
Tamborine Mountain,QLD,4272,4898
Trinity Beach,QLD,4879,4889
Doveton,VIC,3177,4876
Banksia Grove,WA,6031,4874
Karrinyup,WA,6018,4864
Double Bay,NSW,2028,4849
Caboolture South,QLD,4510,4848
North Ward,QLD,4810,4847
Boondall,QLD,4034,4844
Beaudesert,QLD,4285,4842
Margate,QLD,4019,4841
Ingle Farm,SA,5098,4828
Wiley Park,NSW,2195,4820
Warriewood,NSW,2102,4806
Albury,NSW,2640,4805
Hope Valley,SA,5090,4803
Erina,NSW,2250,4801
Yeronga,QLD,4104,4800
Chinchilla,QLD,4413,4799
Woodcroft,SA,5162,4793
Stanmore,NSW,2048,4790
Little Mountain,QLD,4551,4789
Ormond,VIC,3204,4776
Mooroopna,VIC,3629,4776
Tingalpa,QLD,4173,4774
Springvale South,VIC,3172,4768
Cottesloe,WA,6011,4762
Loganholme,QLD,4129,4761
Montmorency,VIC,3094,4756
Belmont,NSW,2280,4755
Gymea,NSW,2227,4749
Encounter Bay,SA,5211,4748
Dawesville,WA,6211,4743
Kalkallo,VIC,3064,4742
Beveridge,VIC,3753,4728
Sydenham,VIC,3037,4725
Redlynch,QLD,4870,4716
Kyneton,VIC,3444,4715
Kenmore,QLD,4069,4714
Palmview,QLD,4553,4714
Ettalong Beach,NSW,2257,4713
Warnbro,WA,6169,4712
Torquay,QLD,4655,4707
Springwood,NSW,2777,4703
Teneriffe,QLD,4005,4703
Claremont,TAS,7011,4700
Heidelberg,VIC,3084,4699
Healesville,VIC,3777,4697
Menai,NSW,2234,4686
South West Rocks,NSW,2431,4686
Heidelberg West,VIC,3081,4682
Beckenham,WA,6107,4681
Hughesdale,VIC,3166,4680
Glenvale,QLD,4350,4680
Kardinya,WA,6163,4674
Cammeray,NSW,2062,4670
Lakes Entrance,VIC,3909,4670
Cooma,NSW,2630,4662
Bellbird Park,QLD,4300,4655
Goodna,QLD,4300,4652
Leumeah,NSW,2560,4651
Macleay Island,QLD,4184,4643
Capel Sound,VIC,3940,4640
Stirling,WA,6021,4635
Griffith,ACT,2603,4632
Parkinson,QLD,4115,4601
Belrose,NSW,2085,4596
Ngunnawal,ACT,2913,4595
Heathmont,VIC,3135,4593
Kelso,QLD,4815,4588
Box Hill South,VIC,3128,4574
Rothwell,QLD,4022,4573
Corowa,NSW,2646,4566
Cootamundra,NSW,2590,4558
Fairy Meadow,NSW,2519,4555
Wishart,QLD,4122,4555
Gorokan,NSW,2263,4553
Canley Vale,NSW,2166,4548
Seymour,VIC,3660,4547
Rangeville,QLD,4350,4547
Victor Harbor,SA,5211,4547
Salisbury East,SA,5109,4536
Collie,WA,6225,4533
Secret Harbour,WA,6173,4531
Durack,QLD,4077,4529
Warwick Farm,NSW,2170,4521
Green Valley,NSW,2168,4514
Underwood,QLD,4119,4511
Bibra Lake,WA,6163,4508
Gregory Hills,NSW,2557,4505
Strathalbyn,SA,5255,4505
Carlisle,WA,6101,4502
Highfields,QLD,4352,4499
Peregian Springs,QLD,4573,4496
Berserker,QLD,4701,4494
Findon,SA,5023,4493
Glenelg North,SA,5045,4493
North Rocks,NSW,2151,4487
Cameron Park,NSW,2285,4481
Hunters Hill,NSW,2110,4469
Gatton,QLD,4343,4469
Kewdale,WA,6105,4467
Cobram,VIC,3644,4461
Nuriootpa,SA,5355,4451
Golden Beach,QLD,4551,4447
Blairgowrie,VIC,3942,4445
Greenwood,WA,6024,4441
Kialla,VIC,3631,4440
Kyabram,VIC,3620,4437
Athelstone,SA,5076,4437
Ascot,QLD,4007,4423
Beecroft,NSW,2119,4419
Regents Park,QLD,4118,4410
Knoxfield,VIC,3180,4409
Kurunjang,VIC,3337,4407
Corrimal,NSW,2518,4406
Alexandra Headland,QLD,4572,4406
Frenchville,QLD,4701,4397
North Richmond,NSW,2754,4396
Rosanna,VIC,3084,4396
Bella Vista,NSW,2153,4394
Thornleigh,NSW,2120,4391
Dalyellup,WA,6230,4381
Auchenflower,QLD,4066,4380
Bunbury,WA,6230,4376
Falcon,WA,6210,4373
Leeming,WA,6149,4372
Wilsonton,QLD,4350,4370
Townsville City,QLD,4810,4369
Heidelberg Heights,VIC,3081,4368
Harrisdale,WA,6112,4368
Naracoorte,SA,5271,4363
Cooranbong,NSW,2265,4359
Clifton Springs,VIC,3222,4357
Coopers Plains,QLD,4108,4349
Holland Park,QLD,4121,4349
Emu Plains,NSW,2750,4347
North Tamworth,NSW,2340,4344
Mount Pleasant,WA,6153,4343
Brookfield,VIC,3338,4340
Mount Evelyn,VIC,3796,4339
Toronto,NSW,2283,4337
Harrington Park,NSW,2567,4332
Craigmore,SA,5114,4331
Jordan Springs,NSW,2747,4327
Ulverstone,TAS,7315,4327
Pooraka,SA,5095,4326
Collingwood Park,QLD,4301,4324
Glenelg,SA,5045,4324
West Lakes,SA,5021,4322
Collaroy,NSW,2097,4316
Fairfield,VIC,3078,4315
Sorrento,VIC,3943,4310
Browns Plains,QLD,4118,4310
Keilor Downs,VIC,3038,4305
Mount Annan,NSW,2567,4302
Meadowbank,NSW,2114,4300
Highgate Hill,QLD,4101,4299
Greenwith,SA,5125,4297
Chapel Hill,QLD,4069,4296
Mount Louisa,QLD,4814,4292
Fairfield West,NSW,2165,4289
Anglesea,VIC,3230,4287
Taigum,QLD,4018,4287
Berkeley Vale,NSW,2261,4284
Canley Heights,NSW,2166,4282
Flagstaff Hill,SA,5159,4276
Cardiff,NSW,2285,4273
South Tamworth,NSW,2340,4269
Jimboomba,QLD,4280,4265
Glen Innes,NSW,2370,4256
Wonthaggi,VIC,3995,4255
Waterford West,QLD,4133,4253
Bomaderry,NSW,2541,4248
Glenfield,NSW,2167,4230
Molendinar,QLD,4214,4228
Cornubia,QLD,4130,4226
East Fremantle,WA,6158,4223
Albert Park,VIC,3206,4222
Richmond,NSW,2753,4221
Bonbeach,VIC,3196,4221
Pelican Waters,QLD,4551,4221
Whyalla Norrie,SA,5608,4220
Girrawheen,WA,6064,4217
Goondiwindi,QLD,4390,4215
Merimbula,NSW,2548,4213
Rochedale,QLD,4123,4204
Bray Park,QLD,4500,4203
Seville Grove,WA,6112,4203
Wentworth Falls,NSW,2782,4200
Eaton,WA,6232,4199
Tumut,NSW,2720,4197
Hamlyn Terrace,NSW,2259,4187
Ripley,QLD,4306,4185
Karabar,ACT,2620,4184
Mittagong,NSW,2575,4181
Rydalmere,NSW,2116,4179
Lilyfield,NSW,2040,4176
Woolgoolga,NSW,2456,4176
Sherwood,QLD,4075,4172
Carina Heights,QLD,4152,4169
Shell Cove,NSW,2529,4168
Balaclava,VIC,3183,4168
Norwest,NSW,2153,4165
Ashburton,VIC,3147,4158
Point Lonsdale,VIC,3225,4158
Mansfield,VIC,3722,4156
Mount Hawthorn,WA,6016,4155
Spring Farm,NSW,2570,4142
Aintree,VIC,3336,4142
Leongatha,VIC,3953,4139
Norman Park,QLD,4170,4139
Dudley Park,WA,6210,4136
Bass Hill,NSW,2197,4131
Ringwood North,VIC,3134,4128
Cannon Hill,QLD,4170,4128
Kirribilli,NSW,2061,4122
Manunda,QLD,4870,4122
Strathmore,VIC,3041,4118
Mansfield,QLD,4122,4117
Golden Beach,VIC,3851,4114
Rostrevor,SA,5073,4113
Darley,VIC,3340,4111
Pialba,QLD,4655,4111
Salamander Bay,NSW,2317,4108
Lutwyche,QLD,4030,4108
Whyalla Stuart,SA,5608,4104
Canterbury,VIC,3126,4102
Bronte,NSW,2024,4101
Blackheath,NSW,2785,4100
Alderley,QLD,4051,4100
Lawnton,QLD,4501,4098
Banksia Beach,QLD,4507,4097
Ashwood,VIC,3147,4096
Algester,QLD,4115,4092
Meadow Springs,WA,6210,4090
Patterson Lakes,VIC,3197,4088
Kalamunda,WA,6076,4073
Bethania,QLD,4205,4070
Adamstown,NSW,2289,4059
Yass,NSW,2582,4059
Smithfield,QLD,4878,4059
Marangaroo,WA,6064,4054
Milton,QLD,4064,4053
Wauchope,NSW,2446,4050
Jamisontown,NSW,2750,4050
Googong,ACT,2620,4046
Diggers Rest,VIC,3427,4037
Port Fairy,VIC,3284,4027
Unanderra,NSW,2526,4019
Lurnea,NSW,2170,4012
South Grafton,NSW,2460,4009
Andrews Farm,SA,5114,4007
Wynyard,TAS,7325,4007
Pendle Hill,NSW,2145,4006
North Albury,NSW,2640,4006
Edgeworth,NSW,2285,4001
Kooringal,NSW,2650,3998
Bradbury,NSW,2560,3997
Somerton Park,SA,5044,3996
Modbury,SA,5092,3996
Oak Flats,NSW,2529,3995
Blakeview,SA,5114,3995
Manoora,QLD,4870,3991
Toowoomba City,QLD,4350,3990
Petrie,QLD,4502,3990
New Town,TAS,7008,3984
Brendale,QLD,4500,3981
Woodvale,WA,6026,3981
Dural,NSW,2158,3974
Newborough,VIC,3825,3974
Williams Landing,VIC,3027,3965
Bicton,WA,6157,3961
Jerrabomberra,NSW,2619,3959
Albion Park Rail,NSW,2527,3951
Sussex Inlet,NSW,2540,3950
Beechboro,WA,6063,3948
Stawell,VIC,3380,3942
South Mackay,QLD,4740,3939
Queanbeyan East,ACT,2620,3938
Allawah,NSW,2218,3936
Leura,NSW,2780,3934
West Tamworth,NSW,2340,3933
North Mackay,QLD,4740,3931
Narara,NSW,2250,3929
Swan View,WA,6056,3918
Riverside,TAS,7250,3908
Thornhill Park,VIC,3335,3905
Warilla,NSW,2528,3903
Padbury,WA,6025,3902
Alphington,VIC,3078,3898
Toormina,NSW,2452,3895
Jindabyne,NSW,2627,3893
Pottsville,NSW,2489,3889
Christies Beach,SA,5165,3886
Bundall,QLD,4217,3885
Beerwah,QLD,4519,3884
Carlton North,VIC,3054,3883
Newman,WA,6753,3879
Safety Bay,WA,6169,3878
Cromer,NSW,2099,3877
Winter Valley,VIC,3358,3876
Malaga,WA,6090,3871
Mount Sheridan,QLD,4868,3870
Scone,NSW,2337,3869
Caloundra West,QLD,4551,3867
Alstonville,NSW,2477,3866
East Ballina,NSW,2478,3866
Strathtulloh,VIC,3338,3866
Berkeley,NSW,2506,3865
Paradise,SA,5075,3865
Holland Park West,QLD,4121,3851
Salisbury,QLD,4107,3848
Hillcrest,QLD,4118,3847
Boronia Heights,QLD,4124,3846
Bonnyrigg,NSW,2177,3840
Mount Pritchard,NSW,2170,3836
Darling Point,NSW,2027,3834
Manly Vale,NSW,2093,3832
Derrimut,VIC,3026,3832
Klemzig,SA,5087,3826
Stanthorpe,QLD,4380,3817
Westminster,WA,6061,3816
Rockbank,VIC,3335,3812
Tweed Heads West,NSW,2485,3810
Moonah,TAS,7009,3806
Ballarat East,VIC,3350,3804
Blackmans Bay,TAS,7052,3804
Yangebup,WA,6164,3797
East Albury,NSW,2640,3796
East Toowoomba,QLD,4350,3796
Parkwood,QLD,4214,3795
Singleton,NSW,2330,3794
Gordonvale,QLD,4865,3783
Morisset,NSW,2264,3780
Willoughby,NSW,2068,3779
Middle Ridge,QLD,4350,3776
Palmwoods,QLD,4555,3774
Oakleigh East,VIC,3166,3773
Beeliar,WA,6164,3771
South Windsor,NSW,2756,3769
Melton West,VIC,3337,3766
Albion,QLD,4010,3766
Keperra,QLD,4054,3766
Quinns Rocks,WA,6030,3763
Asquith,NSW,2077,3760
Bentley Park,QLD,4869,3755
Wynn Vale,SA,5127,3755
Edithvale,VIC,3196,3753
Ormiston,QLD,4160,3753
Southside,QLD,4570,3752
Henley Beach,SA,5022,3745
Denham Court,NSW,2565,3742
Banyo,QLD,4014,3740
Northgate,QLD,4013,3737
Oak Park,VIC,3046,3736
Wakerley,QLD,4154,3736
Bruce,ACT,2617,3735
Joondanna,WA,6060,3733
Wyong,NSW,2259,3721
Black Rock,VIC,3193,3719
Kennington,VIC,3550,3718
Fairlight,NSW,2094,3712
Hillsdale,NSW,2036,3710
Tahmoor,NSW,2573,3709
Queens Park,WA,6107,3709
Horsley,NSW,2530,3707
Millicent,SA,5280,3707
Flagstone,QLD,4280,3702
Aspendale,VIC,3195,3700
Broome,WA,6725,3697
Bull Creek,WA,6149,3694
Clifton Hill,VIC,3068,3693
Forestville,NSW,2087,3690
Pennant Hills,NSW,2120,3688
Kellyville Ridge,NSW,2155,3685
Ferny Hills,QLD,4055,3685
Gladstone Park,VIC,3043,3681
South Toowoomba,QLD,4350,3678
Drysdale,VIC,3222,3675
Woodend,VIC,3442,3670
Noranda,WA,6062,3669
Lismore,NSW,2480,3668
Kings Beach,QLD,4551,3666
Kalgoorlie,WA,6430,3661
Eastlakes,NSW,2018,3655
Hinchinbrook,NSW,2168,3654
Temora,NSW,2666,3654
Logan Central,QLD,4114,3653
Red Hill,QLD,4059,3651
Booragoon,WA,6154,3646
Hammond Park,WA,6164,3643
Swansea,NSW,2281,3639
Mooroobool,QLD,4870,3634
Floreat,WA,6014,3631
Nirimba,QLD,4551,3630
New Norfolk,TAS,7140,3630
Bundamba,QLD,4304,3629
Rockhampton City,QLD,4700,3629
Biloela,QLD,4715,3619
Irymple,VIC,3498,3616
Lithgow,NSW,2790,3615
Berala,NSW,2141,3607
Stanhope Gardens,NSW,2768,3601
Croydon North,VIC,3136,3598
Kings Langley,NSW,2147,3597
Dickson,ACT,2602,3595
Merrimac,QLD,4226,3592
Kurri Kurri,NSW,2327,3590
Hadfield,VIC,3046,3584
Wallaroo,SA,5556,3582
Hamlyn Heights,VIC,3215,3579
Davoren Park,SA,5113,3577
Westmeadows,VIC,3049,3576
West Hobart,TAS,7000,3576
Lindisfarne,TAS,7015,3572
Cable Beach,WA,6726,3571
West Mackay,QLD,4740,3567
Palm Cove,QLD,4879,3567
Inglewood,WA,6052,3560
Blaxland,NSW,2774,3558
Newport,QLD,4020,3551
Eaglehawk,VIC,3556,3549
Naremburn,NSW,2065,3547
Weir Views,VIC,3338,3547
Munno Para West,SA,5115,3542
Peregian Beach,QLD,4573,3537
Wilson,WA,6107,3537
Killarney Vale,NSW,2261,3536
Plympton,SA,5038,3536
Mitchell Park,SA,5043,3532
Sinnamon Park,QLD,4073,3530
Bega,NSW,2550,3528
Jannali,NSW,2226,3526
Ingham,QLD,4850,3522
Georges Hall,NSW,2198,3516
Coolbellup,WA,6163,3511
Tapping,WA,6065,3509
Green Point,NSW,2251,3508
Delacombe,VIC,3356,3507
Cairnlea,VIC,3023,3506
Fitzgibbon,QLD,4018,3504
Aitkenvale,QLD,4814,3503
Bald Hills,QLD,4036,3501
Burdell,QLD,4818,3500
Greenwich,NSW,2065,3487
West End,QLD,4810,3487
Colyton,NSW,2760,3486
Garbutt,QLD,4814,3477
West Leederville,WA,6007,3477
Edensor Park,NSW,2176,3476
Mcdowall,QLD,4053,3476
Villawood,NSW,2163,3474
Old Bar,NSW,2430,3474
Newnham,TAS,7248,3474
Kununurra,WA,6743,3470
Lalor Park,NSW,2147,3467
Lyneham,ACT,2602,3467
Bell Park,VIC,3215,3467
Sarina,QLD,4737,3467
Geraldton,WA,6530,3461
Port Kembla,NSW,2505,3460
Watson,ACT,2602,3456
Wanniassa,ACT,2903,3456
Kew East,VIC,3102,3454
Sorrento,WA,6020,3454
Centenary Heights,QLD,4350,3453
Mckinnon,VIC,3204,3450
East Gosford,NSW,2250,3449
Toukley,NSW,2263,3449
Edwardstown,SA,5039,3449
Mindarie,WA,6030,3446
Charlemont,VIC,3217,3445
Hamilton South,NSW,2303,3442
Telopea,NSW,2117,3440
North Fremantle,WA,6159,3438
Lenah Valley,TAS,7008,3438
Woree,QLD,4868,3436
Abbotsford,NSW,2046,3432
Huntingdale,WA,6110,3431
Hamilton,NSW,2303,3430
Chermside West,QLD,4032,3430
Elderslie,NSW,2570,3426
Westcourt,QLD,4870,3424
Daisy Hill,QLD,4127,3421
Glen Huntly,VIC,3163,3419
Geebung,QLD,4034,3418
Renmark,SA,5341,3415
Grange,SA,5022,3414
Hillvue,NSW,2340,3411
Condon,QLD,4815,3409
Narrabundah,ACT,2604,3403
Niddrie,VIC,3042,3401
Lesmurdie,WA,6076,3401
Rosemeadow,NSW,2560,3398
Narre Warren North,VIC,3804,3396
Werrington,NSW,2747,3394
North Haven,SA,5018,3394
Atwell,WA,6164,3390
Tenterfield,NSW,2372,3387
Paynesville,VIC,3880,3382
Harrison,ACT,2914,3371
South Hobart,TAS,7004,3368
Merrylands West,NSW,2160,3365
Strathfield South,NSW,2136,3363
Blackburn North,VIC,3130,3363
Harris Park,NSW,2150,3361
Moruya,NSW,2537,3359
Vincentia,NSW,2540,3357
Pallara,QLD,4110,3356
Camira,QLD,4300,3356
Currimundi,QLD,4551,3356
Erskine,WA,6210,3356
Woody Point,QLD,4019,3352
Mirrabooka,WA,6061,3349
Attadale,WA,6156,3348
Agnes Water,QLD,4677,3344
Kuraby,QLD,4112,3340
Marayong,NSW,2148,3339
Skye,VIC,3977,3339
Enfield,SA,5085,3334
Mount Colah,NSW,2079,3330
East Tamworth,NSW,2340,3330
South Wentworthville,NSW,2145,3327
Delahey,VIC,3037,3322
Spring Mountain,QLD,4300,3321
Thirroul,NSW,2515,3320
St Peters,NSW,2044,3316
Lorne,VIC,3232,3315
Hampton East,VIC,3188,3313
Maryland,NSW,2287,3311
Forest Lodge,NSW,2037,3309
Angle Vale,SA,5117,3308
Crestwood,ACT,2620,3305
Enoggera,QLD,4051,3305
Newmarket,QLD,4051,3303
Murarrie,QLD,4172,3300
Fyshwick,ACT,2609,3299
Girraween,NSW,2145,3295
Annandale,QLD,4814,3290
Noble Park North,VIC,3174,3289
Wamberal,NSW,2260,3286
Stafford Heights,QLD,4053,3281
Douglas,QLD,4814,3281
Beaconsfield,VIC,3807,3280
Caulfield,VIC,3162,3278
Kewarra Beach,QLD,4879,3278
Narrandera,NSW,2700,3273
Lightsview,SA,5085,3273
Newstead,TAS,7250,3270
Tootgarook,VIC,3941,3267
Logan Village,QLD,4207,3263
Caversham,WA,6055,3261
Wingham,NSW,2429,3257
Fulham Gardens,SA,5024,3257
Blackwater,QLD,4717,3255
Carey Park,WA,6230,3254
Port Hedland,WA,6721,3254
Gladstone Central,QLD,4680,3240
Bullsbrook,WA,6084,3240
Plumpton,NSW,2761,3236
Wangara,WA,6065,3236
Kilburn,SA,5084,3235
Warradale,SA,5046,3233
Munno Para,SA,5115,3233
Arana Hills,QLD,4054,3232
Lakelands,WA,6180,3230
East Cannington,WA,6107,3226
Tallawong,NSW,2762,3225
Corlette,NSW,2315,3222
Richlands,QLD,4077,3222
Strathdale,VIC,3550,3221
Park Avenue,QLD,4701,3220
Prospect Vale,TAS,7250,3220
Sandgate,QLD,4017,3219
Strathfieldsaye,VIC,3551,3214
Gordon,ACT,2906,3213
Corinda,QLD,4075,3213
Modbury Heights,SA,5092,3213
Narromine,NSW,2821,3211
Clarinda,VIC,3169,3211
Parkside,SA,5063,3211
West Gladstone,QLD,4680,3209
South Launceston,TAS,7249,3209
Turner,ACT,2612,3201
Lynbrook,VIC,3975,3191
Para Hills,SA,5096,3190
Tatura,VIC,3616,3189
Botanic Ridge,VIC,3977,3187
Springfield,QLD,4300,3186
Willagee,WA,6156,3184
Fairfield Heights,NSW,2165,3182
Everton Hills,QLD,4053,3178
Cambridge Park,NSW,2747,3177
Loxton,SA,5333,3171
Ocean Reef,WA,6027,3169
Lucas,VIC,3350,3164
Lyndhurst,VIC,3975,3163
Kaleen,ACT,2617,3160
Tanunda,SA,5352,3160
Loch Sport,VIC,3851,3155
Hawthorne,QLD,4171,3153
Doolandella,QLD,4077,3152
Narrogin,WA,6312,3146
Maddingley,VIC,3340,3145
Clermont,QLD,4721,3144
Bahrs Scrub,QLD,4207,3141
Clinton,QLD,4680,3141
Craigie,WA,6025,3141
Avoca Beach,NSW,2251,3135
Bundaberg North,QLD,4670,3135
Campbell,ACT,2612,3134
Wattle Grove,NSW,2173,3133
Korumburra,VIC,3950,3128
Franklin,ACT,2913,3127
Beaconsfield,QLD,4740,3127
Windsor Gardens,SA,5087,3126
St James,WA,6102,3126
Blakehurst,NSW,2221,3125
Latrobe,TAS,7307,3124
Heathridge,WA,6027,3121
Bedford,WA,6052,3118
Apollo Bay,VIC,3233,3114
Maffra,VIC,3860,3114
Salisbury Downs,SA,5108,3114
Mount Warren Park,QLD,4207,3110
Woolooware,NSW,2230,3106
Lake Cathie,NSW,2445,3105
Northbridge,NSW,2063,3104
Marcoola,QLD,4564,3103
Bungalow,QLD,4870,3092
Shoalwater,WA,6169,3092
Oaklands Park,SA,5046,3088
Warrawong,NSW,2502,3087
Melville,WA,6156,3086
Ocean Shores,NSW,2483,3084
Reedy Creek,QLD,4227,3084
Daylesford,VIC,3460,3083
Fletcher,NSW,2287,3077
Cooloongup,WA,6168,3073
Breakfast Point,NSW,2137,3070
Seddon,VIC,3011,3069
Sydney Olympic Park,NSW,2127,3066
Lambton,NSW,2299,3064
Taylor,ACT,2913,3063
Madeley,WA,6065,3060
Cooroy,QLD,4563,3058
Kings Park,VIC,3021,3056
Berri,SA,5343,3055
Brooklyn Park,SA,5032,3054
Narraweena,NSW,2099,3053
Wellington,NSW,2820,3053
Maudsland,QLD,4210,3053
Bulli,NSW,2516,3050
Allambie Heights,NSW,2100,3043
Seaforth,NSW,2092,3041
Red Cliffs,VIC,3496,3033
Pinjarra,WA,6208,3032
Picton,NSW,2571,3030
Point Vernon,QLD,4655,3029
Nanango,QLD,4615,3028
Leederville,WA,6007,3028
Highbury,SA,5089,3025
West Hoxton,NSW,2171,3024
Darra,QLD,4076,3024
Tinana,QLD,4650,3023
Highland Park,QLD,4211,3022
Upwey,VIC,3158,3018
Whittlesea,VIC,3757,3018
Manjimup,WA,6258,3015
Bellerive,TAS,7018,3015
Beaconsfield,WA,6162,3013
Newton,SA,5074,3006
Cranbrook,QLD,4814,3005
Cobar,NSW,2835,3003
Christie Downs,SA,5164,3003
North Nowra,NSW,2541,3000
Numurkah,VIC,3636,3000
Gawler East,SA,5118,3000
Unley,SA,5061,2996
Flinders,NSW,2529,2994
Lewisham,NSW,2049,2993
Valley View,SA,5093,2991
Eglinton,WA,6034,2988
Haberfield,NSW,2045,2984
Alexander Heights,WA,6064,2980
Heathcote,NSW,2233,2979
Elermore Vale,NSW,2287,2979
Laverton,VIC,3028,2979
Waterford,QLD,4133,2977
Roleystone,WA,6111,2976
Rushcutters Bay,NSW,2011,2973
Lockleys,SA,5032,2966
East Lismore,NSW,2480,2965
Blair Athol,SA,5084,2965
Newcomb,VIC,3219,2964
Hurlstone Park,NSW,2193,2960
Lake Albert,NSW,2650,2960
Golden Bay,WA,6174,2960
Scoresby,VIC,3179,2958
East Bunbury,WA,6230,2958
O'connor,ACT,2602,2957
Tea Gardens,NSW,2324,2956
Culburra Beach,NSW,2540,2948
Bellmere,QLD,4510,2947
George Town,TAS,7253,2947
Montrose,VIC,3765,2944
South Hurstville,NSW,2221,2942
Narwee,NSW,2209,2941
Barwon Heads,VIC,3227,2940
Barrack Heights,NSW,2528,2939
Glengowrie,SA,5044,2938
Viewbank,VIC,3084,2937
Currambine,WA,6028,2933
Anna Bay,NSW,2316,2932
Birtinya,QLD,4575,2931
Gledswood Hills,NSW,2557,2925
Macgregor,QLD,4109,2924
Holt,ACT,2615,2922
Lake Munmorah,NSW,2259,2921
Waverley,NSW,2024,2915
Carrum,VIC,3197,2913
Parmelia,WA,6167,2909
West Gosford,NSW,2250,2901
Beaumont Hills,NSW,2155,2897
Burswood,WA,6100,2895
Narooma,NSW,2546,2887
Boulder,WA,6432,2887
South Coogee,NSW,2034,2884
Mount Cotton,QLD,4165,2882
Helensburgh,NSW,2508,2881
Macgregor,ACT,2615,2880
Shoalhaven Heads,NSW,2535,2878
Parkwood,WA,6147,2877
Dallas,VIC,3047,2876
Kawungan,QLD,4655,2871
Broadwater,WA,6280,2870
Bannockburn,VIC,3331,2869
Albion,VIC,3020,2866
Harrington,NSW,2427,2861
Romsey,VIC,3434,2861
Illawong,NSW,2234,2854
Thirlmere,NSW,2572,2854
Kenwick,WA,6107,2854
Wembley Downs,WA,6019,2851
Frankston North,VIC,3200,2848
Coodanup,WA,6210,2847
Little Bay,NSW,2036,2846
Waratah,NSW,2298,2846
Cooks Hill,NSW,2300,2845
Monterey,NSW,2217,2844
Bushland Beach,QLD,4818,2843
Mccrae,VIC,3938,2840
Oakey,QLD,4401,2840
Dayton,WA,6055,2840
City Beach,WA,6015,2838
Wannanup,WA,6210,2838
Rokeby,TAS,7019,2838
Earlville,QLD,4870,2832
Mont Albert,VIC,3127,2830
Kanahooka,NSW,2530,2829
Melonba,NSW,2765,2827
Mulwala,NSW,2647,2822
Treeby,WA,6164,2821
Parramatta Park,QLD,4870,2819
Keilor,VIC,3036,2818
Mount Coolum,QLD,4573,2817
Bligh Park,NSW,2756,2816
South Granville,NSW,2142,2815
St George,QLD,4487,2814
Maleny,QLD,4552,2813
Karalee,QLD,4306,2809
Mannum,SA,5238,2802
Eden,NSW,2551,2801
Riverton,WA,6148,2800
North Gosford,NSW,2250,2797
Eatons Hill,QLD,4037,2796
Shenton Park,WA,6008,2793
Churchill,VIC,3842,2791
Coonabarabran,NSW,2357,2789
Watsonia,VIC,3087,2785
West Beach,SA,5024,2781
Kings Meadows,TAS,7249,2772
Redcliffe,WA,6104,2771
Clovelly,NSW,2031,2770
Mile End,SA,5031,2770
Denman Prospect,ACT,2611,2769
Londonderry,NSW,2753,2767
Casey,ACT,2913,2767
Ridgehaven,SA,5097,2763
Flinders View,QLD,4305,2758
Belmont North,NSW,2280,2753
Mont Albert North,VIC,3129,2752
Avoca,QLD,4670,2752
Invermay,TAS,7248,2748
Dakabin,QLD,4503,2745
Moonta Bay,SA,5558,2742
Carine,WA,6020,2742
Batemans Bay,NSW,2536,2738
Wooloowin,QLD,4030,2738
Derby,WA,6728,2738
Gordon Park,QLD,4031,2736
Junee,NSW,2663,2733
Hocking,WA,6065,2732
Beacon Hill,NSW,2100,2730
Dunlop,ACT,2615,2730
Concord West,NSW,2138,2725
South Plympton,SA,5038,2722
Darling Heights,QLD,4350,2720
Stuart Park,NT,0820,2719
Ningi,QLD,4511,2716
Sefton,NSW,2162,2715
Larrakeyah,NT,0820,2713
Wurtulla,QLD,4575,2713
West Kempsey,NSW,2440,2712
Burnside,VIC,3023,2711
Burton,SA,5110,2711
Longford,TAS,7301,2708
Millers Point,NSW,2000,2707
Glass House Mountains,QLD,4518,2704
Ipswich,QLD,4305,2702
Flinders Park,SA,5025,2701
East Devonport,TAS,7310,2700
Venus Bay,VIC,3956,2698
Tannum Sands,QLD,4680,2696
Aspendale Gardens,VIC,3195,2695
Sunshine Beach,QLD,4567,2694
Balgownie,NSW,2519,2693
North Strathfield,NSW,2137,2691
Baringa,QLD,4551,2688
Evans Head,NSW,2473,2687
Graceville,QLD,4075,2687
Eltham North,VIC,3095,2686
Kinross,WA,6028,2686
Coombs,ACT,2611,2685
Beachmere,QLD,4510,2684
Warana,QLD,4575,2681
Rosehill,NSW,2142,2680
Hendra,QLD,4011,2677
Mullumbimby,NSW,2482,2674
Aberglasslyn,NSW,2320,2670
Modbury North,SA,5092,2670
Manly,QLD,4179,2669
Broadview,SA,5083,2665
Gerringong,NSW,2534,2660
Seaford Rise,SA,5169,2660
Edgecliff,NSW,2027,2658
Charleville,QLD,4470,2657
Rural View,QLD,4740,2654
Lane Cove West,NSW,2066,2653
Carramar,WA,6031,2651
Mclaren Vale,SA,5171,2650
Shoal Bay,NSW,2315,2644
Torrensville,SA,5031,2644
Coogee,WA,6166,2642
Sheidow Park,SA,5158,2639
Glenfield Park,NSW,2650,2638
Upper Caboolture,QLD,4510,2636
Hectorville,SA,5073,2636
Picnic Point,NSW,2213,2635
Nicholls,ACT,2913,2635
Buddina,QLD,4575,2635
Winmalee,NSW,2777,2633
Blue Haven,NSW,2262,2632
Ainslie,ACT,2602,2632
Middle Park,VIC,3206,2628
Scarness,QLD,4655,2627
Brighton,TAS,7030,2627
Oberon,NSW,2787,2626
Cremorne,VIC,3121,2626
Sawtell,NSW,2452,2625
Sandstone Point,QLD,4511,2625
Darch,WA,6065,2625
Glenhaven,NSW,2156,2624
Euroa,VIC,3666,2624
South Lake,WA,6164,2622
North Bendigo,VIC,3550,2621
Camden,NSW,2570,2619
Cloncurry,QLD,4824,2617
West Wollongong,NSW,2500,2616
Welshpool,WA,6106,2616
Yamanto,QLD,4305,2615
Nairne,SA,5252,2614
North Geelong,VIC,3215,2613
Mount Pleasant,QLD,4740,2612
Worongary,QLD,4213,2610
Eastgardens,NSW,2036,2609
Gymea Bay,NSW,2227,2609
Holmview,QLD,4207,2609
Geographe,WA,6280,2609
Ropes Crossing,NSW,2760,2602
Broadford,VIC,3658,2602
Rocklea,QLD,4106,2600
Ambarvale,NSW,2560,2599
Epsom,VIC,3551,2596
Stockton,NSW,2295,2595
Brown Hill,VIC,3350,2594
Ferny Grove,QLD,4055,2594
Cooktown,QLD,4895,2594
Eleebana,NSW,2282,2591
Youngtown,TAS,7249,2589
Woongarrah,NSW,2259,2588
North Narrabeen,NSW,2101,2585
Kerang,VIC,3579,2583
New Auckland,QLD,4680,2581
Fullarton,SA,5063,2581
Kariong,NSW,2250,2580
Jurien Bay,WA,6516,2580
Semaphore Park,SA,5019,2579
North Ipswich,QLD,4305,2578
Busselton,WA,6280,2576
Jindalee,QLD,4074,2574
Gables,NSW,2765,2571
Silverwater,NSW,2128,2570
Bell Post Hill,VIC,3215,2570
Dundas Valley,NSW,2117,2569
Currumbin,QLD,4223,2569
Normanhurst,NSW,2076,2568
Chelsea Heights,VIC,3196,2568
St Albans Park,VIC,3219,2567
Stones Corner,QLD,4120,2566
Warrandyte,VIC,3113,2559
Condobolin,NSW,2877,2558
Balmoral,QLD,4171,2558
Beechworth,VIC,3747,2556
Edge Hill,QLD,4870,2556
Seaford,SA,5169,2555
Parrearra,QLD,4575,2553
Whitfield,QLD,4870,2553
Narellan Vale,NSW,2567,2552
Legana,TAS,7277,2549
Oatlands,NSW,2117,2546
Bungendore,NSW,2621,2545
Emerald,VIC,3782,2544
Aubin Grove,WA,6164,2544
South Yunderup,WA,6208,2542
Cabramatta West,NSW,2166,2539
Tara,QLD,4421,2539
Blackwood,SA,5051,2539
Hazelbrook,NSW,2779,2535
Clare,SA,5453,2532
Laidley,QLD,4341,2527
Tanah Merah,QLD,4128,2524
Longreach,QLD,4730,2524
North Coogee,WA,6163,2523
Walcha,NSW,2354,2522
Avenell Heights,QLD,4670,2519
Port Augusta West,SA,5700,2519
Bright,VIC,3741,2517
Elizabeth Downs,SA,5113,2516
Smithton,TAS,7330,2514
Boambee East,NSW,2452,2512
Quirindi,NSW,2343,2510
New Beith,QLD,4124,2510
Kawana,QLD,4701,2510
Sorell,TAS,7172,2508
Mullaloo,WA,6027,2507
Port Pirie South,SA,5540,2503
Trevallyn,TAS,7250,2502
Huntly,VIC,3551,2500
Ardross,WA,6153,2500
Langford,WA,6147,2499
Bridgetown,WA,6255,2499
Tocumwal,NSW,2714,2495
Regents Park,NSW,2143,2491
Lysterfield,VIC,3156,2490
Lisarow,NSW,2250,2489
Holden Hill,SA,5088,2489
Hilbert,WA,6112,2488
Mount Gravatt,QLD,4122,2487
Merriwa,WA,6030,2487
Monash,ACT,2904,2486
Newcastle West,NSW,2302,2484
Hermit Park,QLD,4812,2484
Valentine,NSW,2280,2483
Upper Kedron,QLD,4055,2483
Croydon South,VIC,3136,2481
Two Rocks,WA,6037,2481
Port Adelaide,SA,5015,2480
Proserpine,QLD,4800,2477
South Kalgoorlie,WA,6430,2472
Shortland,NSW,2307,2471
Curtin,ACT,2605,2470
White Rock,QLD,4868,2463
Chisholm,NSW,2322,2457
Wattle Grove,WA,6107,2456
Bonner,ACT,2914,2452
West Launceston,TAS,7250,2451
Middleton Grange,NSW,2171,2450
Whyalla,SA,5600,2450
St Helens Park,NSW,2560,2449
Reynella,SA,5161,2447
Thorneside,QLD,4158,2445
South Townsville,QLD,4810,2444
Bardia,NSW,2565,2443
California Gully,VIC,3556,2442
Katanning,WA,6317,2441
Enmore,NSW,2042,2440
Eli Waters,QLD,4655,2439
Brighton,SA,5048,2439
Boyne Island,QLD,4680,2438
Russell Lea,NSW,2046,2437
Deakin,ACT,2600,2434
South Gladstone,QLD,4680,2434
Nightcliff,NT,0810,2432
St Kilda West,VIC,3182,2432
Notting Hill,VIC,3168,2431
Augustine Heights,QLD,4300,2431
Brompton,SA,5007,2430
Mowbray,TAS,7248,2429
Moggill,QLD,4070,2426
Bennett Springs,WA,6063,2426
Canadian,VIC,3350,2425
Narellan,NSW,2567,2423
Palmerston,ACT,2913,2422
Jan Juc,VIC,3228,2421
Bellbowrie,QLD,4070,2421
Robe,SA,5276,2421
Eynesbury,VIC,3338,2417
Marion,SA,5043,2414
Cobbitty,NSW,2570,2410
Erskine Park,NSW,2759,2408
Bayview,NSW,2104,2407
Coober Pedy,SA,5723,2406
Grange,QLD,4051,2404
Dundas,NSW,2117,2402
Lake Illawarra,NSW,2528,2402
Deagon,QLD,4017,2402
Metung,VIC,3904,2401
Glenelg East,SA,5045,2401
Shelley,WA,6148,2400
Madora Bay,WA,6210,2399
Gloucester,NSW,2422,2398
Whalan,NSW,2770,2398
Vasse,WA,6280,2398
Tuggerah,NSW,2259,2396
Tumbi Umbi,NSW,2261,2393
Hornsby Heights,NSW,2077,2389
Bridgewater,TAS,7030,2389
Heathcote,VIC,3523,2388
Trafalgar,VIC,3824,2387
Jindalee,WA,6036,2386
West Ulverstone,TAS,7315,2385
Gaythorne,QLD,4051,2383
Ballarat North,VIC,3350,2381
Blayney,NSW,2799,2376
Orelia,WA,6167,2374
Camperdown,VIC,3260,2373
Camden Park,SA,5038,2373
Landsborough,QLD,4550,2372
Calliope,QLD,4680,2372
Newington,NSW,2127,2371
Exmouth,WA,6707,2370
Lugarno,NSW,2210,2369
Clear Island Waters,QLD,4226,2369
Richmond,SA,5033,2369
Beresfield,NSW,2322,2368
Mambourin,VIC,3024,2367
Edens Landing,QLD,4207,2366
Woodlands,WA,6018,2366
Kotara,NSW,2289,2365
Gillieston Heights,NSW,2321,2365
Singleton Heights,NSW,2330,2364
Bombala,NSW,2632,2364
Minchinbury,NSW,2770,2361
Burnett Heads,QLD,4670,2360
Ascot Park,SA,5043,2359
Milsons Point,NSW,2061,2358
Bellingen,NSW,2454,2358
Kanwal,NSW,2259,2356
Crookwell,NSW,2583,2354
Urunga,NSW,2455,2353
Essendon North,VIC,3041,2353
Queenscliff,NSW,2096,2349
Wilton,NSW,2571,2345
York,WA,6302,2345
South Ripley,QLD,4306,2344
Amaroo,ACT,2914,2343
Maitland,NSW,2320,2340
Croydon Park,SA,5008,2337
Prospect,NSW,2148,2333
South Nowra,NSW,2541,2333
Fairfield East,NSW,2165,2332
Flora Hill,VIC,3550,2329
Belfield,NSW,2191,2328
Weston,ACT,2611,2328
Myrtleford,VIC,3737,2325
Robertson,QLD,4109,2325
Tuross Head,NSW,2537,2323
The Range,QLD,4700,2323
Suffolk Park,NSW,2481,2322
West Wyalong,NSW,2671,2322
Bonnyrigg Heights,NSW,2177,2321
Denmark,WA,6333,2321
Kallaroo,WA,6025,2319
South Fremantle,WA,6162,2319
Maiden Gully,VIC,3551,2311
Castletown,WA,6450,2311
Penguin,TAS,7316,2310
Redwood Park,SA,5097,2309
St Agnes,SA,5097,2309
Bellara,QLD,4507,2308
Manning,WA,6152,2307
Idalia,QLD,4811,2306
Rasmussen,QLD,4815,2306
North Hobart,TAS,7000,2305
North Plympton,SA,5037,2304
Meridan Plains,QLD,4551,2300
Pemulwuy,NSW,2145,2299
Winthrop,WA,6150,2299
Nagambie,VIC,3608,2297
Wilston,QLD,4051,2297
Bordertown,SA,5268,2297
Ferndale,WA,6148,2297
West Albury,NSW,2640,2294
Redhead,NSW,2290,2293
Risdon Park,SA,5540,2293
Kalbarri,WA,6536,2291
Calala,NSW,2340,2290
Goolwa,SA,5214,2289
Seaford Meadows,SA,5169,2287
Bucasia,QLD,4750,2282
The Vines,WA,6069,2279
Nickol,WA,6714,2279
Hamersley,WA,6022,2278
Calwell,ACT,2905,2277
Brinsmead,QLD,4870,2277
Bertram,WA,6167,2276
East Bendigo,VIC,3550,2274
Somerset,TAS,7322,2274
Kingsville,VIC,3012,2271
Elizabeth East,SA,5112,2269
Kadina,SA,5554,2269
Hilton,WA,6163,2269
Rosewood,QLD,4340,2268
West Moonah,TAS,7009,2266
Hackham,SA,5163,2262
Spencer Park,WA,6330,2261
Oakhurst,NSW,2761,2257
Bellambi,NSW,2518,2256
Woodcroft,NSW,2767,2254
Adamstown Heights,NSW,2289,2252
Bangor,NSW,2234,2249
Wright,ACT,2611,2249
Midvale,WA,6056,2249
Coonamble,NSW,2829,2248
Wulguru,QLD,4811,2241
San Remo,VIC,3925,2239
Mount Low,QLD,4818,2238
Bundaberg South,QLD,4670,2237
Koongal,QLD,4701,2232
Tranmere,SA,5073,2229
Clearview,SA,5085,2228
Merredin,WA,6415,2228
Glenbrook,NSW,2773,2225
Gilgandra,NSW,2827,2224
Mundingburra,QLD,4812,2223
Milperra,NSW,2214,2222
Waikerie,SA,5330,2220
St Georges Basin,NSW,2540,2217
Port Pirie West,SA,5540,2217
North Willoughby,NSW,2068,2216
Budgewoi,NSW,2262,2216
Roxby Downs,SA,5725,2215
Creswick,VIC,3363,2212
Oyster Bay,NSW,2225,2210
Whittington,VIC,3219,2210
Cobblebank,VIC,3338,2209
Allenstown,QLD,4700,2208
Clifton Beach,QLD,4879,2206
Bittern,VIC,3918,2203
Tura Beach,NSW,2548,2202
Crawley,WA,6009,2201
Doonan,QLD,4562,2200
Metford,NSW,2323,2199
Ourimbah,NSW,2258,2198
Lowood,QLD,4311,2198
Wandal,QLD,4700,2197
Airlie Beach,QLD,4802,2197
Lake Coogee,WA,6166,2195
Kepnock,QLD,4670,2189
St Johns Park,NSW,2176,2185
Hawks Nest,NSW,2324,2185
Portsea,VIC,3944,2184
Hemmant,QLD,4174,2184
Woodville West,SA,5011,2184
Old Beach,TAS,7017,2181
Mount Claremont,WA,6010,2180
Grenfell,NSW,2810,2178
Spotswood,VIC,3015,2177
Two Wells,SA,5501,2177
Silverdale,NSW,2752,2176
Northfield,SA,5085,2176
Raby,NSW,2566,2175
Port Elliot,SA,5212,2174
Battery Point,TAS,7004,2174
Yorkeys Knob,QLD,4878,2173
South Guildford,WA,6055,2173
Ballan,VIC,3342,2171
Rochester,VIC,3561,2170
Morphettville,SA,5043,2169
Worrigee,NSW,2540,2168
Norfolk Island,OT,2899,2165
West Ballina,NSW,2478,2162
Mollymook Beach,NSW,2539,2162
Coconut Grove,NT,0810,2158
Gillen,NT,0870,2158
Cecil Hills,NSW,2171,2157
Bonogin,QLD,4213,2155
Warwick,WA,6024,2154
Evatt,ACT,2617,2152
Herne Hill,VIC,3218,2152
Heritage Park,QLD,4118,2152
Finley,NSW,2713,2151
Glendalough,WA,6016,2151
Iluka,WA,6028,2151
East Geelong,VIC,3219,2147
Curlewis,VIC,3222,2146
Gilles Plains,SA,5086,2144
North Toowoomba,QLD,4350,2143
Eagle Vale,NSW,2558,2142
Currans Hill,NSW,2567,2141
Ivanhoe East,VIC,3079,2141
Bargo,NSW,2574,2140
Largs North,SA,5016,2140
Helena Valley,WA,6056,2137
Zuccoli,NT,0832,2135
Esperance,WA,6450,2135
Branyan,QLD,4670,2134
Riddells Creek,VIC,3431,2132
Glenside,SA,5065,2132
Leichhardt,QLD,4305,2131
Mcmahons Point,NSW,2060,2130
Koo Wee Rup,VIC,3981,2130
The Rocks,NSW,2000,2129
Point Clare,NSW,2250,2129
Hindmarsh Island,SA,5214,2128
Bonnells Bay,NSW,2264,2126
Ruse,NSW,2560,2126
Leanyer,NT,0812,2124
North Wonthaggi,VIC,3995,2121
Kings Park,NSW,2148,2120
Kiama Downs,NSW,2533,2120
Perth,TAS,7300,2120
Moolap,VIC,3224,2119
Sunrise Beach,QLD,4567,2115
Redan,VIC,3350,2114
Cranley,QLD,4350,2114
Largs Bay,SA,5016,2114
Ferryden Park,SA,5010,2112
Lake Haven,NSW,2263,2111
Fern Bay,NSW,2295,2110
Bilinga,QLD,4225,2108
Para Hills West,SA,5096,2108
North Beach,WA,6020,2108
Elizabeth Vale,SA,5112,2107
Albanvale,VIC,3021,2106
East Mackay,QLD,4740,2106
Tin Can Bay,QLD,4580,2102
Mount Barker,WA,6324,2102
Parap,NT,0820,2101
Berowra Heights,NSW,2082,2101
Brooklyn,VIC,3012,2099
Mount Hutton,NSW,2290,2098
North Rothbury,NSW,2335,2097
St Helens,TAS,7216,2097
Elimbah,QLD,4516,2096
Kapunda,SA,5373,2096
Chisholm,ACT,2905,2095
Kenthurst,NSW,2156,2094
Elizabeth North,SA,5113,2093
Guildford West,NSW,2161,2092
Woombye,QLD,4559,2089
Berry,NSW,2535,2088
Noarlunga Downs,SA,5168,2087
Barmera,SA,5345,2087
Gwelup,WA,6018,2087
Malua Bay,NSW,2536,2085
Oxley Park,NSW,2760,2085
O'connor,WA,6163,2083
Shellharbour,NSW,2529,2081
Bexley North,NSW,2207,2080
Heatley,QLD,4814,2079
Hillbank,SA,5112,2078
Edgewater,WA,6027,2078
Florey,ACT,2615,2076
Murgon,QLD,4605,2074
Ascot,WA,6104,2074
Cape Woolamai,VIC,3925,2071
Yandina,QLD,4561,2071
Humpty Doo,NT,0836,2070
Caves Beach,NSW,2281,2069
Ravenswood,TAS,7250,2068
Royal Park,SA,5014,2063
Willaston,SA,5118,2063
Colebee,NSW,2761,2062
Meadowbrook,QLD,4131,2062
Bundanoon,NSW,2578,2057
Crib Point,VIC,3919,2055
North St Marys,NSW,2760,2054
Elizabeth Park,SA,5113,2054
Harvey,WA,6220,2054
Goodwood,SA,5034,2051
Howlong,NSW,2643,2049
Hebersham,NSW,2770,2047
Ashmont,NSW,2650,2043
Lathlain,WA,6100,2043
White Hills,VIC,3550,2042
Chinderah,NSW,2487,2041
Fingal Bay,NSW,2315,2040
Glendenning,NSW,2761,2040
Kensington,WA,6151,2040
Long Gully,VIC,3550,2039
Wingfield,SA,5013,2037
North Turramurra,NSW,2074,2034
Jesmond,NSW,2299,2034
Batehaven,NSW,2536,2034
Claremont Meadows,NSW,2747,2034
Queanbeyan West,ACT,2620,2033
Mansfield Park,SA,5012,2031
Windang,NSW,2528,2030
Booval,QLD,4304,2030
Bonnie Brook,VIC,3335,2029
Belair,SA,5052,2029
Pimlico,QLD,4812,2028
Lake Heights,NSW,2502,2025
Crace,ACT,2911,2024
Railway Estate,QLD,4810,2024
Normanville,SA,5204,2021
Conder,ACT,2906,2018
Waverton,NSW,2060,2017
Aberfeldie,VIC,3040,2017
Pittsworth,QLD,4356,2017
Home Hill,QLD,4806,2017
Deloraine,TAS,7304,2017
Banks,ACT,2906,2016
Moffat Beach,QLD,4551,2016
Mount Warrigal,NSW,2528,2015
Heathwood,QLD,4110,2015
Deeragun,QLD,4818,2015
Rosewater,SA,5013,2015
Nudgee,QLD,4014,2014
Wandina,WA,6530,2014
St Andrews,NSW,2566,2013
Kurralta Park,SA,5037,2012
Fairfield,QLD,4103,2009
Old Reynella,SA,5161,2009
Speers Point,NSW,2284,2007
Mount Austin,NSW,2650,2007
Bogangar,NSW,2488,2006
Glenella,QLD,4740,2006
Laurieton,NSW,2443,2003
Catherine Field,NSW,2557,2003
Huntfield Heights,SA,5163,2003
Seabrook,VIC,3028,2002
The Basin,VIC,3154,2001
Darlington,NSW,2008,2000
Maclean,NSW,2463,2000
Mallacoota,VIC,3892,1999
Cranbourne South,VIC,3977,1998
Williamstown North,VIC,3016,1995
Salisbury Heights,SA,5109,1993
Camillo,WA,6111,1992
River Heads,QLD,4655,1991
Wickham,NSW,2293,1989
Broulee,NSW,2537,1986
Swanbourne,WA,6010,1982
Highgate,WA,6003,1981
West Croydon,SA,5008,1980
Taperoo,SA,5017,1980
San Remo,NSW,2262,1979
Lethbridge Park,NSW,2770,1977
Springfield,NSW,2250,1976
Albany,WA,6330,1976
Svensson Heights,QLD,4670,1971
Plympton Park,SA,5038,1970
Redbank,QLD,4301,1969
Mount Morgan,QLD,4714,1969
Dernancourt,SA,5075,1969
Ridgewood,WA,6030,1968
West Pymble,NSW,2073,1967
Lower Plenty,VIC,3093,1965
Belgrave,VIC,3160,1965
Carramar,NSW,2163,1963
Macksville,NSW,2447,1963
Waroona,WA,6215,1963
Mount Clear,VIC,3350,1962
Cooloola Cove,QLD,4580,1962
Emu Park,QLD,4710,1962
Donnybrook,WA,6239,1962
Bundaberg West,QLD,4670,1961
Maida Vale,WA,6057,1960
Casuarina,NSW,2487,1959
Park Holme,SA,5043,1952
Kingscote,SA,5223,1952
Marden,SA,5070,1950
Coolaroo,VIC,3048,1948
Barcaldine,QLD,4725,1948
Tyabb,VIC,3913,1946
Dysart,QLD,4745,1946
Mount Lofty,QLD,4350,1945
Sandhurst,VIC,3977,1944
Blacks Beach,QLD,4740,1944
Grantham Farm,NSW,2765,1943
Kidman Park,SA,5025,1943
Hackham West,SA,5163,1943
Baynton,WA,6714,1943
Waurn Ponds,VIC,3216,1942
Karana Downs,QLD,4306,1942
Huonville,TAS,7109,1942
Wyee,NSW,2259,1941
St Marys,SA,5042,1941
Somerville,WA,6430,1940
Eaglemont,VIC,3084,1938
East Corrimal,NSW,2518,1934
Moana,SA,5169,1932
Constitution Hill,NSW,2145,1931
Kuranda,QLD,4881,1931
Berowra,NSW,2081,1930
Karama,NT,0812,1929
Wadalba,NSW,2259,1929
Belmont,QLD,4153,1929
Dover Heights,NSW,2030,1928
Bohle Plains,QLD,4817,1928
Burnside Heights,VIC,3023,1927
Buninyong,VIC,3357,1927
Cockburn Central,WA,6164,1926
Port Noarlunga,SA,5167,1923
Spring Gully,VIC,3550,1921
Walkerville,SA,5081,1921
Weston,NSW,2326,1918
Moore Park Beach,QLD,4670,1918
Werribee South,VIC,3030,1917
Yatala,QLD,4207,1917
Kingsbury,VIC,3083,1916
Glenwood,QLD,4570,1916
Faulconbridge,NSW,2776,1915
Wandi,WA,6167,1915
Gwandalan,NSW,2259,1914
Silkstone,QLD,4304,1914
Downer,ACT,2602,1913
Virginia,SA,5120,1911
Bermagui,NSW,2546,1910
Indented Head,VIC,3223,1909
Dalkeith,WA,6009,1909
Nhulunbuy,NT,0880,1907
Alexandra,VIC,3714,1907
Fannie Bay,NT,0820,1905
Calderwood,NSW,2527,1905
Slade Point,QLD,4740,1903
Mawson,ACT,2607,1900
Yakamia,WA,6330,1900
Margate,TAS,7054,1900
Lawson,NSW,2783,1898
Pearsall,WA,6065,1898
Centennial Park,NSW,2021,1896
Cockatoo,VIC,3781,1896
Burrum Heads,QLD,4659,1895
Tolga,QLD,4882,1894
Warranwood,VIC,3134,1889
Currajong,QLD,4812,1889
Baranduda,VIC,3691,1888
Stretton,QLD,4116,1888
Hove,SA,5048,1886
Gateshead,NSW,2290,1885
Lyons,ACT,2606,1885
Virginia,QLD,4014,1882
Northbridge,WA,6003,1881
Tanilba Bay,NSW,2319,1879
Mundaring,WA,6073,1879
Bundaberg East,QLD,4670,1877
Orbost,VIC,3888,1876
Iluka,NSW,2466,1873
Seacombe Gardens,SA,5047,1873
Rockville,QLD,4350,1869
Wondai,QLD,4606,1869
North Wollongong,NSW,2500,1868
Geilston Bay,TAS,7015,1867
Braeside,VIC,3195,1866
Walkerston,QLD,4751,1863
Evanston Park,SA,5116,1862
Hay,NSW,2711,1860
Deebing Heights,QLD,4306,1860
Gulgong,NSW,2852,1857
Tea Tree Gully,SA,5091,1857
Churchlands,WA,6018,1856
Bayview Heights,QLD,4868,1855
Embleton,WA,6062,1854
Queenscliff,VIC,3225,1851
Cashmere,QLD,4500,1848
Woodford,QLD,4514,1846
Moncrieff,ACT,2914,1845
Pennington,SA,5013,1841
Watanobbi,NSW,2259,1839
Marian,QLD,4753,1839
Riverhills,QLD,4074,1838
Tully,QLD,4854,1838
Brunswick Heads,NSW,2483,1837
Westlake,QLD,4074,1837
Barton,ACT,2600,1834
Davistown,NSW,2251,1833
Farrer,ACT,2607,1833
Goolwa Beach,SA,5214,1833
Withers,WA,6230,1833
Greta,NSW,2334,1832
Winchelsea,VIC,3241,1832
Camden South,NSW,2570,1831
Ashtonfield,NSW,2323,1829
Monbulk,VIC,3793,1828
Midway Point,TAS,7171,1828
Miles,QLD,4415,1827
Towradgi,NSW,2518,1826
West Bathurst,NSW,2795,1826
Singleton,WA,6175,1826
Mckail,WA,6330,1825
Norwood,TAS,7250,1825
Robinvale,VIC,3549,1824
Fig Tree Pocket,QLD,4069,1823
Beldon,WA,6027,1820
Queenstown,TAS,7467,1819
Gayndah,QLD,4625,1818
Tamborine,QLD,4270,1816
Stratford,VIC,3862,1814
Oxley Vale,NSW,2340,1813
Park Orchards,VIC,3114,1813
Lonsdale,SA,5160,1813
Westbrook,QLD,4350,1812
Woodside,SA,5244,1811
Uralla,NSW,2358,1809
Burradoo,NSW,2576,1809
Woorim,QLD,4507,1809
Wangi Wangi,NSW,2267,1805
Semaphore,SA,5019,1805
Saratoga,NSW,2251,1804
Ardeer,VIC,3022,1804
Tennant Creek,NT,0860,1798
Bayonet Head,WA,6330,1798
Tallai,QLD,4213,1797
Keilor Park,VIC,3042,1796
Ormeau Hills,QLD,4208,1796
Rapid Creek,NT,0810,1793
Yarram,VIC,3971,1793
Glenroy,NSW,2640,1792
Windsor,NSW,2756,1792
Coromandel Valley,SA,5051,1792
Lynwood,WA,6147,1791
Hughenden,QLD,4821,1787
Hillcrest,SA,5086,1787
Pearcedale,VIC,3912,1786
Blackall,QLD,4472,1786
Woodville South,SA,5011,1785
Pitt Town,NSW,2756,1783
Lota,QLD,4179,1783
Isabella Plains,ACT,2905,1782
Zilzie,QLD,4710,1781
Gawler South,SA,5118,1779
Croydon Hills,VIC,3136,1777
Myaree,WA,6154,1776
Turvey Park,NSW,2650,1775
Malabar,NSW,2036,1774
Elliminyt,VIC,3250,1773
Holsworthy,NSW,2173,1772
East Hills,NSW,2213,1772
Sellicks Beach,SA,5174,1772
Mayfield West,NSW,2304,1771
Boorowa,NSW,2586,1770
Warracknabeal,VIC,3393,1769
Ashby,WA,6065,1767
Pacific Paradise,QLD,4564,1763
Yarralumla,ACT,2600,1762
Red Hill,ACT,2603,1762
Dover Gardens,SA,5048,1762
Glendale,NSW,2285,1761
Foster,VIC,3960,1761
Payneham,SA,5070,1761
Merbein,VIC,3505,1760
Thrumster,NSW,2444,1759
Elizabeth South,SA,5112,1759
Karuah,NSW,2324,1758
Forresters Beach,NSW,2260,1747
Enfield,NSW,2136,1746
Murrumbateman,NSW,2582,1746
Tolland,NSW,2650,1745
Fernvale,QLD,4306,1744
Birchgrove,NSW,2041,1742
Padstow Heights,NSW,2211,1742
Broadmeadow,NSW,2292,1742
Windale,NSW,2306,1742
Wee Waa,NSW,2388,1741
Jandakot,WA,6164,1741
Collaroy Plateau,NSW,2097,1740
Point Frederick,NSW,2250,1740
Eastern Heights,QLD,4305,1739
Wamuran,QLD,4512,1739
Rosebery,NT,0832,1737
Tempe,NSW,2044,1737
Junortoun,VIC,3551,1735
Harlaxton,QLD,4350,1735
Lemon Tree Passage,NSW,2319,1734
Taren Point,NSW,2229,1733
Surf Beach,NSW,2536,1733
Middle Park,QLD,4074,1733
Hayborough,SA,5211,1732
Loftus,NSW,2232,1731
Buff Point,NSW,2262,1729
Rossmoyne,WA,6148,1729
White Gum Valley,WA,6162,1729
Sapphire Beach,NSW,2450,1728
Woodgate,QLD,4660,1727
Greenacres,SA,5086,1726
Briar Hill,VIC,3088,1724
Koondoola,WA,6064,1724
Wakeley,NSW,2176,1723
Kyogle,NSW,2474,1723
Reid,ACT,2612,1722
North Epping,NSW,2121,1718
Canowindra,NSW,2804,1718
Stirling,SA,5152,1718
Keiraville,NSW,2500,1717
Soldiers Hill,VIC,3350,1717
Oakden,SA,5086,1716
Charters Towers City,QLD,4820,1714
Bowden,SA,5007,1714
Macquarie,ACT,2614,1713
Lake Wendouree,VIC,3350,1713
Forestdale,QLD,4118,1713
Burnside,QLD,4560,1709
Bilambil Heights,NSW,2486,1707
Coolamon,NSW,2701,1705
St Clair,SA,5011,1704
Bridgewater,SA,5155,1701
North Lambton,NSW,2299,1698
Rutherglen,VIC,3685,1698
South Kempsey,NSW,2440,1696
North Boambee Valley,NSW,2450,1696
The Hill,NSW,2300,1695
Granville,QLD,4650,1695
Putney,NSW,2112,1694
St Peters,SA,5069,1692
Scottsdale,TAS,7260,1692
Forrestdale,WA,6112,1688
Elanora Heights,NSW,2101,1687
Kent Town,SA,5067,1687
Point Lookout,QLD,4183,1686
Burns Beach,WA,6028,1684
Westleigh,NSW,2120,1683
Glandore,SA,5037,1683
Forest Glen,QLD,4556,1682
Henley Beach South,SA,5022,1682
Bonny Hills,NSW,2445,1681
Miners Rest,VIC,3352,1681
Barden Ridge,NSW,2234,1680
Smithfield Plains,SA,5114,1678
Chelmer,QLD,4068,1677
Tallebudgera,QLD,4228,1676
Chiswick,NSW,2046,1675
Drewvale,QLD,4116,1675
Boonah,QLD,4310,1675
Dodges Ferry,TAS,7173,1674
Chambers Flat,QLD,4133,1673
Tenambit,NSW,2323,1672
Travancore,VIC,3032,1672
Hurstbridge,VIC,3099,1671
Blackbutt,NSW,2529,1670
Trinity Park,QLD,4879,1670
West Lakes Shore,SA,5020,1670
Kurrajong,NSW,2758,1668
Glenelg South,SA,5045,1668
Glenorie,NSW,2157,1667
Tumby Bay,SA,5605,1667
Halekulani,NSW,2262,1663
St Arnaud,VIC,3478,1663
Eden Hill,WA,6054,1662
Pasadena,SA,5042,1660
Whyalla Playford,SA,5600,1659
Busby,NSW,2168,1657
Wilberforce,NSW,2756,1656
Streaky Bay,SA,5680,1656
Warburton,VIC,3799,1655
Augusta,WA,6290,1654
Copacabana,NSW,2251,1653
Bidwill,NSW,2770,1652
Drayton,QLD,4350,1651
Nyngan,NSW,2825,1650
Laverton North,VIC,3026,1649
Bonython,ACT,2905,1648
Tom Price,WA,6751,1648
Wollongbar,NSW,2477,1645
Ellen Grove,QLD,4078,1645
Port Noarlunga South,SA,5167,1645
Bulgarra,WA,6714,1645
Greenfield Park,NSW,2176,1642
Korora,NSW,2450,1642
Ooralea,QLD,4740,1642
Middleton,SA,5213,1642
Eumundi,QLD,4562,1641
Milton,NSW,2538,1640
Heddon Greta,NSW,2321,1639
Gwynneville,NSW,2500,1636
Murdoch,WA,6150,1636
Mardi,NSW,2259,1635
Killarney Heights,NSW,2087,1634
Tamworth,NSW,2340,1634
Cordeaux Heights,NSW,2526,1634
Farmborough Heights,NSW,2526,1633
Pomona,QLD,4568,1632
Upper Ferntree Gully,VIC,3156,1628
Parkhurst,QLD,4702,1628
Cohuna,VIC,3568,1627
Mooloolah Valley,QLD,4553,1627
Lockridge,WA,6054,1623
Durack,NT,0830,1620
Walloon,QLD,4306,1620
Peterborough,SA,5422,1618
Smithfield,SA,5114,1617
Moore Creek,NSW,2340,1614
Katherine East,NT,0850,1613
Clunes,VIC,3370,1612
Collinsville,QLD,4804,1612
Summerhill,TAS,7250,1612
Forde,ACT,2914,1611
Myrtle Bank,SA,5064,1611
Tullimbar,NSW,2527,1610
Cremorne Point,NSW,2090,1609
Garran,ACT,2605,1609
Menora,WA,6050,1609
Evanston,SA,5116,1608
Bridport,TAS,7262,1608
Cook,ACT,2614,1607
Felixstow,SA,5070,1606
Fairview Park,SA,5126,1606
Palm Beach,NSW,2108,1605
Charmhaven,NSW,2263,1603
Clovelly Park,SA,5042,1603
Heatherton,VIC,3202,1602
Pokolbin,NSW,2320,1601
Dalmeny,NSW,2546,1601
Seventeen Mile Rocks,QLD,4073,1601
Sturt,SA,5047,1601
Canton Beach,NSW,2263,1599
Nhill,VIC,3418,1598
Bourke,NSW,2840,1596
Rainbow Beach,QLD,4581,1595
Fulham,SA,5024,1593
Manilla,NSW,2346,1590
Lancefield,VIC,3435,1590
Mudjimba,QLD,4564,1590
North Curl Curl,NSW,2099,1589
Quorn,SA,5433,1589
Chain Valley Bay,NSW,2259,1588
Yarra Junction,VIC,3797,1588
Toogoom,QLD,4655,1588
Glynde,SA,5070,1588
Prairiewood,NSW,2176,1586
Gulliver,QLD,4812,1586
Lang Lang,VIC,3984,1585
Dungog,NSW,2420,1584
Glen Alpine,NSW,2560,1584
Darlington,WA,6070,1584
Twin Waters,QLD,4564,1582
South Lismore,NSW,2480,1581
Henley Brook,WA,6055,1581
Portland,NSW,2847,1580
New Gisborne,VIC,3438,1580
Eimeo,QLD,4740,1580
Nelly Bay,QLD,4819,1579
Merriwa,NSW,2329,1578
Brahma Lodge,SA,5109,1576
Holloways Beach,QLD,4878,1575
Harden,NSW,2587,1574
Melrose Park,SA,5039,1574
Catalina,NSW,2536,1573
Gray,NT,0830,1572
South Albury,NSW,2640,1572
Rosslea,QLD,4812,1572
Hahndorf,SA,5245,1572
Mount Tarcoola,WA,6530,1572
Pagewood,NSW,2035,1567
Queens Park,NSW,2022,1566
Golden Point,VIC,3350,1566
East Side,NT,0870,1565
Yeerongpilly,QLD,4105,1565
Hollywell,QLD,4216,1565
Crows Nest,QLD,4355,1565
Kuluin,QLD,4558,1565
Ravenswood,WA,6208,1564
Ramsgate Beach,NSW,2217,1563
Tregear,NSW,2770,1562
Bunyip,VIC,3815,1562
Herston,QLD,4006,1562
Booral,QLD,4655,1560
Mira Mar,WA,6330,1560
Airds,NSW,2560,1559
Woodville Gardens,SA,5012,1557
Jacobs Well,QLD,4208,1553
Cowaramup,WA,6284,1552
Surrey Downs,SA,5126,1551
Como,NSW,2226,1550
Molong,NSW,2866,1550
Somers,VIC,3927,1550
Cardwell,QLD,4849,1550
Normanton,QLD,4890,1550
Thebarton,SA,5031,1550
Yarra Glen,VIC,3775,1549
Aldgate,SA,5154,1549
Callala Bay,NSW,2540,1546
Littlehampton,SA,5250,1546
Djugun,WA,6725,1546
Denistone,NSW,2114,1545
Mccracken,SA,5211,1545
Burraneer,NSW,2230,1543
Lewiston,SA,5501,1543
Glen Iris,WA,6230,1543
Gooseberry Hill,WA,6076,1542
Wagin,WA,6315,1541
Latham,ACT,2615,1539
Wondunna,QLD,4655,1538
Taroona,TAS,7053,1537
Noraville,NSW,2263,1535
Terranora,NSW,2486,1530
Braidwood,NSW,2622,1530
Barham,NSW,2732,1529
Cape Paterson,VIC,3995,1529
Windradyne,NSW,2795,1528
Hackett,ACT,2602,1527
Wonga Park,VIC,3115,1525
Bellbird,NSW,2325,1524
Gidgegannup,WA,6083,1524
Bateman,WA,6150,1524
Berrimah,NT,0828,1523
Hammondville,NSW,2170,1522
Connolly,WA,6027,1521
Angaston,SA,5353,1520
Quindalup,WA,6281,1520
South Maclean,QLD,4280,1519
Bakewell,NT,0832,1517
Dutton Park,QLD,4102,1517
Malanda,QLD,4885,1517
Daw Park,SA,5041,1517
Watsonia North,VIC,3087,1516
South Brighton,SA,5048,1516
Gulfview Heights,SA,5096,1516
Lobethal,SA,5241,1516
Islington,NSW,2296,1515
Clifton,QLD,4361,1515
Chifley,NSW,2036,1513
Hunterview,NSW,2330,1513
Pegs Creek,WA,6714,1513
Page,ACT,2614,1510
North Booval,QLD,4304,1510
Middle Swan,WA,6056,1509
Wickham,WA,6720,1509
Para Vista,SA,5093,1507
Hoxton Park,NSW,2171,1505
Carrington,NSW,2294,1503
Koonawarra,NSW,2530,1503
Miller,NSW,2168,1502
Soldiers Point,NSW,2317,1501
Guyra,NSW,2365,1501
Walkervale,QLD,4670,1501
Westdale,NSW,2340,1500
Joyner,QLD,4500,1497
Woodville North,SA,5012,1497
Millner,NT,0810,1495
Seven Hills,QLD,4170,1495
Innes Park,QLD,4670,1495
Kingston Se,SA,5275,1495
Galston,NSW,2159,1493
Terang,VIC,3264,1493
Maldon,VIC,3463,1492
Innisfail,QLD,4860,1492
Capel,WA,6271,1492
Flinders,VIC,3929,1491
Rivett,ACT,2611,1490
Oonoonba,QLD,4811,1490
Burnside,SA,5066,1489
Winnellie,NT,0820,1487
Ashcroft,NSW,2168,1487
Moura,QLD,4718,1485
Jane Brook,WA,6056,1482
Kensington Gardens,SA,5068,1481
Teralba,NSW,2284,1479
Mornington,TAS,7018,1479
Mount Nelson,TAS,7007,1478
Braitling,NT,0870,1476
Minyama,QLD,4575,1475
Berriedale,TAS,7011,1475
Mossman,QLD,4873,1470
Rosetta,TAS,7010,1468
Banksia Park,SA,5091,1467
Hawker,ACT,2614,1466
Scullin,ACT,2614,1466
Yallambie,VIC,3085,1464
Shearwater,TAS,7307,1464
Werrington County,NSW,2747,1463
Theodore,ACT,2905,1463
Piccadilly,WA,6430,1463
Dolls Point,NSW,2219,1462
Fisher,ACT,2611,1462
Underdale,SA,5032,1460
Riverview,QLD,4303,1459
Sinagra,WA,6065,1458
Warrane,TAS,7018,1458
Westbury,TAS,7303,1458
Boolaroo,NSW,2284,1457
Brookfield,QLD,4069,1457
Mitchell,ACT,2911,1456
North Haven,NSW,2443,1455
Whitlam,ACT,2611,1455
Emu Heights,NSW,2750,1454
Higgins,ACT,2615,1453
Ravenhall,VIC,3023,1453
Jamestown,SA,5491,1452
Port Denison,WA,6525,1452
Kooralbyn,QLD,4285,1451
Ashbury,NSW,2193,1449
Mount Helena,WA,6082,1449
Walgett,NSW,2832,1448
Mirboo North,VIC,3871,1448
Medina,WA,6167,1448
Springdale Heights,NSW,2641,1447
Marleston,SA,5033,1447
Haynes,WA,6112,1447
Mount Ommaney,QLD,4074,1446
Lammermoor,QLD,4703,1446
Belgian Gardens,QLD,4810,1446
Tailem Bend,SA,5260,1445
Hassall Grove,NSW,2761,1444
Bangalow,NSW,2479,1443
Ottoway,SA,5013,1443
Alfred Cove,WA,6154,1443
Walkley Heights,SA,5098,1441
Paraburdoo,WA,6754,1441
Penola,SA,5277,1438
Wandin North,VIC,3139,1437
Aireys Inlet,VIC,3231,1436
Williamstown,SA,5351,1435
Mannering Park,NSW,2259,1434
Kalkie,QLD,4670,1433
Mortlake,NSW,2137,1432
Primrose Sands,TAS,7173,1432
The Gap,NT,0870,1430
Norville,QLD,4670,1430
Cambridge,TAS,7170,1430
Long Beach,NSW,2536,1429
Hughes,ACT,2605,1428
Clarence Park,SA,5034,1424
Balaklava,SA,5461,1424
Torrens Park,SA,5062,1422
Jolimont,WA,6014,1422
Norah Head,NSW,2263,1421
Crescent Head,NSW,2440,1421
Berrinba,QLD,4117,1421
Malvern,SA,5061,1421
Melrose Park,NSW,2114,1420
Stratton,WA,6056,1420
Cartwright,NSW,2168,1419
Yallingup,WA,6282,1419
Forrest,ACT,2603,1417
Caddens,NSW,2747,1417
Thabeban,QLD,4670,1417
Middlemount,QLD,4746,1417
Warrawee,NSW,2074,1416
Tathra,NSW,2550,1416
Whitebridge,NSW,2290,1415
Huskisson,NSW,2540,1415
Eastwood,VIC,3875,1414
Blackett,NSW,2770,1412
Terrey Hills,NSW,2084,1411
West Wallsend,NSW,2286,1410
O'halloran Hill,SA,5158,1409
Quarry Hill,VIC,3550,1408
Gobbagombalin,NSW,2650,1407
Manifold Heights,VIC,3218,1407
Casterton,VIC,3311,1405
Duffy,ACT,2611,1404
Woodroffe,NT,0830,1403
Ventnor,VIC,3922,1402
Bonville,NSW,2450,1401
Kealba,VIC,3021,1401
Summerland Point,NSW,2259,1400
Clarence Town,NSW,2321,1395
Kahibah,NSW,2290,1394
Waratah West,NSW,2298,1394
Hawthorndene,SA,5051,1394
Park Grove,TAS,7320,1394
Chifley,ACT,2606,1392
Muirhead,NT,0810,1391
Austinmer,NSW,2515,1389
Ceduna,SA,5690,1389
Aroona,QLD,4551,1388
Abbotsbury,NSW,2176,1386
Coniston,NSW,2500,1386
Melba,ACT,2615,1386
Jamboree Heights,QLD,4074,1386
Thursday Island,QLD,4875,1385
Hillston,NSW,2675,1384
Longwarry,VIC,3816,1384
Blackalls Park,NSW,2283,1383
Lightning Ridge,NSW,2834,1383
Seacliff Park,SA,5049,1383
Moulden,NT,0830,1382
Wayville,SA,5034,1382
Banksmeadow,NSW,2019,1381
Mays Hill,NSW,2145,1381
Toorak Gardens,SA,5065,1379
South Kingsville,VIC,3015,1378
Horsley Park,NSW,2175,1377
Salter Point,WA,6152,1377
Stirling North,SA,5710,1376
Shorewell Park,TAS,7320,1376
Lutana,TAS,7009,1374
Risdon Vale,TAS,7016,1374
Craigburn Farm,SA,5051,1373
Old Toongabbie,NSW,2146,1372
Port Sorell,TAS,7307,1372
Kensington,SA,5068,1371
Attwood,VIC,3049,1370
East Lindfield,NSW,2070,1368
Woori Yallock,VIC,3139,1367
Macquarie Hills,NSW,2285,1366
Howard,QLD,4659,1365
Cumbalum,NSW,2478,1364
Jindera,NSW,2642,1363
Howard Springs,NT,0835,1361
Childers,QLD,4660,1361
Bundaberg Central,QLD,4670,1361
Mount Nasura,WA,6112,1361
Cardiff South,NSW,2285,1360
Mangerton,NSW,2500,1360
Tomakin,NSW,2537,1360
South Geelong,VIC,3220,1359
Yea,VIC,3717,1359
Glen Eden,QLD,4680,1359
Charnwood,ACT,2615,1358
Sandy Beach,NSW,2456,1357
Millbank,QLD,4670,1357
Lovely Banks,VIC,3213,1354
Wonthella,WA,6530,1354
Tumbarumba,NSW,2653,1353
Gundagai,NSW,2722,1353
Holbrook,NSW,2644,1352
Mount Helen,VIC,3350,1352
Giralang,ACT,2617,1348
Rosenthal Heights,QLD,4370,1348
Bilgola Plateau,NSW,2107,1346
Bourkelands,NSW,2650,1345
Driver,NT,0830,1343
Flynn,ACT,2615,1343
Wilsonton Heights,QLD,4350,1343
Eden Hills,SA,5050,1343
Aberdare,NSW,2325,1342
Balnarring,VIC,3926,1342
Craignish,QLD,4655,1342
Keith,SA,5267,1342
Malak,NT,0812,1340
Marshall,VIC,3216,1340
Banksia,NSW,2216,1338
Mollymook,NSW,2539,1338
North Manly,NSW,2100,1337
Appin,NSW,2560,1337
Morpeth,NSW,2321,1336
Lansvale,NSW,2166,1335
Kilkenny,SA,5009,1335
Woodville,SA,5011,1335
Austins Ferry,TAS,7011,1335
Willunga,SA,5172,1334
Colonel Light Gardens,SA,5041,1333
Bicheno,TAS,7215,1333
Centennial Park,WA,6330,1332
Pearce,ACT,2607,1331
The Rock,NSW,2655,1331
Kensington Park,SA,5068,1331
Bellevue,WA,6056,1331
Lochinvar,NSW,2321,1330
Sunshine Bay,NSW,2536,1329
Coronet Bay,VIC,3984,1329
Woodberry,NSW,2322,1327
Port Broughton,SA,5522,1327
Moora,WA,6510,1327
Barooga,VIC,3644,1325
Bokarina,QLD,4575,1323
Mount Pleasant,VIC,3350,1321
Estella,NSW,2650,1319
Dicky Beach,QLD,4551,1319
Hadspen,TAS,7290,1317
Cambooya,QLD,4358,1316
Kilsyth South,VIC,3137,1314
Freeling,SA,5372,1314
Campbells Creek,VIC,3451,1313
Branxton,NSW,2335,1312
Burrill Lake,NSW,2539,1312
Parkside,QLD,4825,1312
St Leonards,TAS,7250,1311
Eumemmerring,VIC,3177,1310
Gleneagle,QLD,4285,1309
Queenstown,SA,5014,1308
Cumberland Park,SA,5041,1308
Shalvey,NSW,2770,1307
Yennora,NSW,2161,1306
Elizabeth Grove,SA,5112,1305
Evanston Gardens,SA,5116,1303
Aberdeen,NSW,2336,1302
Eglinton,NSW,2795,1302
Oakville,NSW,2765,1300
Heyfield,VIC,3858,1300
Dundowran Beach,QLD,4655,1299
Nathalia,VIC,3638,1298
Serpentine,WA,6125,1298
The Oaks,NSW,2570,1295
Trigg,WA,6029,1294
Glen Forrest,WA,6071,1294
North Balgowlah,NSW,2093,1293
Lake Cargelligo,NSW,2672,1293
Greenmount,WA,6056,1293
Kurnell,NSW,2231,1291
Pullenvale,QLD,4069,1291
Yowie Bay,NSW,2228,1290
Kareela,NSW,2232,1290
Glossodia,NSW,2756,1290
Dayboro,QLD,4521,1289
Battery Hill,QLD,4551,1289
Nirimba Fields,NSW,2763,1287
Beverley,SA,5009,1287
Kootingal,NSW,2352,1286
Claymore,NSW,2559,1285
Taminda,NSW,2340,1284
Samford Valley,QLD,4520,1284
Freshwater,QLD,4870,1283
Seacliff,SA,5049,1281
Vale Park,SA,5081,1281
Bolwarra Heights,NSW,2320,1280
East Ipswich,QLD,4305,1280
Trott Park,SA,5158,1280
Denman,NSW,2328,1279
Acacia Gardens,NSW,2763,1279
Holder,ACT,2611,1278
Telarah,NSW,2320,1277
Lismore Heights,NSW,2480,1277
Hill Top,NSW,2575,1277
Orchard Hills,NSW,2748,1277
Waramanga,ACT,2611,1276
Huntingdale,VIC,3166,1276
Port Willunga,SA,5173,1275
Koroit,VIC,3282,1274
Esk,QLD,4312,1274
Beaufort,VIC,3373,1272
The Entrance North,NSW,2261,1270
Wentworth,NSW,2648,1270
Paget,QLD,4740,1270
Lancelin,WA,6044,1270
Lucknow,VIC,3875,1269
Baxter,VIC,3911,1269
Blackwall,NSW,2256,1268
Hastings Point,NSW,2489,1268
Emerald Beach,NSW,2456,1267
North Avoca,NSW,2260,1266
Mount Stuart,TAS,7000,1266
Yalyalup,WA,6280,1265
Montrose,TAS,7010,1264
Turrella,NSW,2205,1262
Bellevue Heights,SA,5050,1261
Abermain,NSW,2326,1260
Niagara Park,NSW,2250,1259
Gol Gol,NSW,2738,1259
Brookwater,QLD,4300,1259
Crystal Brook,SA,5523,1258
Cobden,VIC,3266,1252
Meringandan West,QLD,4352,1250
Orana,WA,6330,1250
Castlecrag,NSW,2068,1248
Millmerran,QLD,4357,1248
Kingswood,SA,5062,1248
Beverley Park,NSW,2217,1246
South Murwillumbah,NSW,2484,1246
Cygnet,TAS,7112,1246
Araluen,NT,0870,1245
Balgowlah Heights,NSW,2093,1243
Chuwar,QLD,4306,1243
Narrawallee,NSW,2539,1242
Junction Village,VIC,3977,1241
Forrest Beach,QLD,4850,1240
Cheltenham,SA,5014,1240
Mornington,QLD,4825,1239
Sylvania Waters,NSW,2224,1238
Barraba,NSW,2347,1238
Leda,WA,6170,1238
Lamb Island,QLD,4184,1237
Hyde Park,SA,5061,1237
Sadleir,NSW,2168,1236
Goolwa South,SA,5214,1236
Hobartville,NSW,2753,1233
North Brighton,SA,5048,1233
Nimbin,NSW,2480,1231
Thuringowa Central,QLD,4817,1230
Boggabri,NSW,2382,1229
Forest Hill,NSW,2651,1229
St Helena,VIC,3088,1229
Wongaling Beach,QLD,4852,1229
East Launceston,TAS,7250,1229
Hopetoun,WA,6348,1228
Tatton,NSW,2650,1227
Beresford,WA,6530,1227
Balmain East,NSW,2041,1226
Orford,TAS,7190,1226
Taranganba,QLD,4703,1225
Robertson,NSW,2577,1224
Heywood,VIC,3304,1224
Gowanbrae,VIC,3043,1223
Curra,QLD,4570,1223
Birmingham Gardens,NSW,2287,1221
Berrigan,NSW,2712,1221
Burnie,TAS,7320,1220
Bulahdelah,NSW,2423,1219
Jubilee Pocket,QLD,4802,1218
Seville,VIC,3139,1217
Dongara,WA,6525,1217
Mission Beach,QLD,4852,1216
Waggrakine,WA,6530,1216
Richardson,ACT,2905,1215
Toodyay,WA,6566,1214
Munruben,QLD,4125,1213
Alberton,SA,5014,1213
Warialda,NSW,2402,1212
Plenty,VIC,3090,1211
Kin Kora,QLD,4680,1211
Yungaburra,QLD,4884,1211
Upper Burnie,TAS,7320,1211
Nikenbah,QLD,4655,1208
Kanimbla,QLD,4870,1208
Lauderdale,TAS,7021,1208
Dimboola,VIC,3414,1207
Wacol,QLD,4076,1205
Gnangara,WA,6077,1205
Birrong,NSW,2143,1203
Kemps Creek,NSW,2178,1203
Werrington Downs,NSW,2747,1203
Deepdene,VIC,3103,1203
Johnston,NT,0832,1199
Gowrie,ACT,2904,1197
Cabarita,NSW,2137,1195
Norseman,WA,6443,1195
Kingston Beach,TAS,7050,1195
Mount Riverview,NSW,2774,1194
Black Hill,VIC,3350,1194
Novar Gardens,SA,5040,1194
Prospect,TAS,7250,1194
Banya,QLD,4551,1193
Yaroomba,QLD,4573,1193
Yarragon,VIC,3823,1191
Throsby,ACT,2914,1190
Cowell,SA,5602,1190
Princes Hill,VIC,3054,1189
Mount Perry,QLD,4671,1189
Cliftleigh,NSW,2321,1187
Research,VIC,3095,1187
Connells Point,NSW,2221,1186
Coolah,NSW,2843,1186
Sadadeen,NT,0870,1184
Plainland,QLD,4341,1183
Ravenshoe,QLD,4888,1183
Portsmith,QLD,4870,1182
Nailsworth,SA,5083,1182
Bellfield,VIC,3081,1181
Windaroo,QLD,4207,1180
Brentwood,WA,6153,1180
Empire Bay,NSW,2257,1179
Rosedale,VIC,3847,1177
Mitchell,QLD,4465,1177
Wy Yung,VIC,3875,1176
Chapman,ACT,2611,1174
Beaumont,SA,5066,1174
South Turramurra,NSW,2074,1173
Dean Park,NSW,2761,1172
Northgate,SA,5085,1172
Werris Creek,NSW,2341,1171
Cedar Vale,QLD,4285,1171
Bedfordale,WA,6112,1171
Bingara,NSW,2404,1168
Leschenault,WA,6233,1166
Caravonica,QLD,4878,1165
Hannans,WA,6430,1165
Horningsea Park,NSW,2171,1164
Marks Point,NSW,2280,1163
Hawthorn,SA,5062,1163
Beverley,WA,6304,1163
Thomson,VIC,3219,1162
Hyde Park,QLD,4812,1162
Bundeena,NSW,2230,1161
North Warrandyte,VIC,3113,1161
Kilcoy,QLD,4515,1161
Allenby Gardens,SA,5009,1161
Risdon Park South,SA,5540,1161
Berridale,NSW,2628,1160
Athol Park,SA,5012,1160
Seaview Downs,SA,5049,1160
Vineyard,NSW,2765,1158
Coleambally,NSW,2707,1156
Burra,SA,5417,1156
Point Piper,NSW,2027,1155
Fyansford,VIC,3218,1155
Trentham,VIC,3458,1155
Spalding,WA,6530,1155
Wallerawang,NSW,2845,1154
Jacana,VIC,3047,1153
Black Forest,SA,5035,1153
Salisbury Plain,SA,5109,1153
South Boulder,WA,6432,1153
Alice River,QLD,4817,1152
Panorama,SA,5041,1152
Smythes Creek,VIC,3351,1151
Babinda,QLD,4861,1151
Spreyton,TAS,7310,1151
Craiglie,QLD,4877,1150
Lyndoch,SA,5351,1150
Maitland,SA,5573,1150
New Lambton Heights,NSW,2305,1149
Stepney,SA,5069,1149
Shorncliffe,QLD,4017,1148
Ardrossan,SA,5571,1148
Arrawarra,NSW,2456,1147
Smiths Lake,NSW,2428,1145
Gilston,QLD,4211,1145
Callala Beach,NSW,2540,1144
Larapinta,NT,0875,1143
Gembrook,VIC,3783,1143
Weetangera,ACT,2614,1141
Wandana Heights,VIC,3216,1141
Breakwater,VIC,3219,1141
Macedon,VIC,3440,1140
Fadden,ACT,2904,1138
Cunnamulla,QLD,4490,1137
Diddillibah,QLD,4559,1137
Traralgon East,VIC,3844,1136
Tarrawanna,NSW,2518,1135
Richmond Hill,QLD,4820,1135
Pioneer,QLD,4825,1133
Mulgoa,NSW,2745,1132
Bowenfels,NSW,2790,1132
Currumbin Valley,QLD,4223,1132
Grays Point,NSW,2232,1131
Bardwell Valley,NSW,2207,1129
Guildford,WA,6055,1129
Lawson,ACT,2617,1127
Tranmere,TAS,7018,1127
Meningie,SA,5264,1126
Officer South,VIC,3809,1125
Rangeway,WA,6530,1125
Wheeler Heights,NSW,2097,1121
Champion Lakes,WA,6111,1121
Brookdale,WA,6112,1121
Paradise Beach,VIC,3851,1120
Pinkenba,QLD,4008,1120
Carnes Hill,NSW,2171,1119
Shellharbour City Centre,NSW,2529,1119
Osborne,SA,5017,1119
Blacksmiths,NSW,2281,1118
Rathmines,NSW,2283,1118
Mortlake,VIC,3272,1117
Booker Bay,NSW,2257,1116
Warabrook,NSW,2304,1116
West Rockhampton,QLD,4700,1116
Regency Downs,QLD,4341,1115
Heckenberg,NSW,2168,1113
Glenning Valley,NSW,2261,1113
Jewells,NSW,2280,1113
Rocky Point,QLD,4874,1113
Smeaton Grange,NSW,2567,1112
Christmas Island,OT,6798,1112
Dennington,VIC,3280,1111
Hurstville Grove,NSW,2220,1110
Townview,QLD,4825,1110
Millbridge,WA,6232,1109
Marulan,NSW,2579,1108
Glenunga,SA,5064,1108
Swansea,TAS,7190,1108
Beaconsfield Upper,VIC,3808,1107
Elizabeth,SA,5112,1107
Chigwell,TAS,7011,1105
Mount Victoria,NSW,2786,1103
Warren,NSW,2824,1103
Kendenup,WA,6323,1103
Kenmore Hills,QLD,4069,1101
Clarence Gardens,SA,5039,1101
Karawara,WA,6152,1101
Waterford,WA,6152,1101
Castle Cove,NSW,2069,1099
Moonee Beach,NSW,2450,1099
Olinda,VIC,3788,1099
Monto,QLD,4630,1099
Linden Park,SA,5065,1099
Oakford,WA,6121,1099
Kurraba Point,NSW,2089,1098
Tighes Hill,NSW,2297,1098
East Wagga Wagga,NSW,2650,1098
Archerfield,QLD,4108,1098
Riverview,NSW,2066,1097
St Ives Chase,NSW,2075,1097
Ascot,VIC,3551,1097
Kirkwood,QLD,4680,1097
O'sullivan Beach,SA,5166,1097
Corinella,VIC,3984,1095
Coldstream,VIC,3770,1094
Teesdale,VIC,3328,1093
Calista,WA,6167,1093
Withcott,QLD,4352,1092
Westbourne Park,SA,5041,1092
Yenda,NSW,2681,1090
Gowrie Junction,QLD,4352,1090
Mckellar,ACT,2617,1089
Onkaparinga Hills,SA,5163,1089
Kambalda West,WA,6442,1089
Mount Kuring-gai,NSW,2080,1087
Aranda,ACT,2614,1086
Woodford,NSW,2778,1086
Rosemount,QLD,4560,1086
Diamond Beach,NSW,2430,1085
Stoneville,WA,6081,1084
Launching Place,VIC,3139,1083
East Killara,NSW,2071,1080
Corryong,VIC,3707,1080
Leonora,WA,6438,1080
Bellamack,NT,0832,1078
Dora Creek,NSW,2264,1074
Somersby,NSW,2250,1073
Dudley,NSW,2290,1073
Spence,ACT,2615,1073
Coleraine,VIC,3315,1073
Hewett,SA,5118,1071
Beaconsfield,TAS,7270,1071
Isaacs,ACT,2607,1069
Wyreema,QLD,4352,1069
Taroom,QLD,4420,1068
Tamarama,NSW,2026,1067
Bensville,NSW,2251,1067
Maryville,NSW,2293,1067
Gilmore,ACT,2905,1067
Petrie Terrace,QLD,4000,1067
Gin Gin,QLD,4671,1067
Gunn,NT,0832,1066
Rankin Park,NSW,2287,1066
Ripponlea,VIC,3185,1066
Tongala,VIC,3621,1066
Lockhart,NSW,2656,1065
Kandos,NSW,2848,1065
Salisbury Park,SA,5109,1065
Flamingo Beach,VIC,3851,1064
Yarrabah,QLD,4871,1064
Parkerville,WA,6081,1064
Alfords Point,NSW,2234,1063
Georgetown,NSW,2298,1060
Albert Park,SA,5014,1060
Torrens,ACT,2607,1059
Richmond,TAS,7025,1058
Sheffield,TAS,7306,1058
Tecoma,VIC,3160,1056
Vincent,QLD,4814,1054
Goolwa North,SA,5214,1054
Strathnairn,ACT,2615,1053
Hampstead Gardens,SA,5086,1051
Karnup,WA,6176,1051
Oakdowns,TAS,7019,1051
Donald,VIC,3480,1048
Mcgraths Hill,NSW,2756,1047
Netley,SA,5037,1047
Cotswold Hills,QLD,4350,1046
Mungindi,NSW,2406,1045
Yackandandah,VIC,3749,1045
Port Vincent,SA,5581,1045
Katherine South,NT,0850,1044
Leneva,VIC,3691,1044
Dulwich,SA,5065,1044
Mount Richon,WA,6112,1044
Coffin Bay,SA,5607,1040
Marmion,WA,6020,1038
Valla Beach,NSW,2448,1036
Buccan,QLD,4207,1036
Millars Well,WA,6714,1036
Beachlands,WA,6530,1035
Sheldon,QLD,4157,1033
Gilberton,SA,5081,1033
Marino,SA,5049,1032
Yarrawarrah,NSW,2233,1030
Trangie,NSW,2823,1030
Turners Beach,TAS,7315,1030
Jensen,QLD,4818,1029
Mapleton,QLD,4560,1028
Garfield,VIC,3814,1027
Palm Island,QLD,4816,1027
Tonsley,SA,5042,1026
Sunset,QLD,4825,1025
Lower Mitcham,SA,5062,1024
East Innisfail,QLD,4860,1023
St Andrews Beach,VIC,3941,1022
Yorketown,SA,5576,1022
Kojonup,WA,6395,1020
Bardwell Park,NSW,2207,1019
Kew,NSW,2439,1019
Birkenhead,SA,5015,1019
Woronora,NSW,2232,1018
Hazelwood Park,SA,5066,1017
Greenwell Point,NSW,2540,1016
Telina,QLD,4680,1016
Mitcham,SA,5062,1016
Jackass Flat,VIC,3556,1013
Willow Vale,QLD,4209,1011
Sumner,QLD,4074,1010
Macmasters Beach,NSW,2251,1008
Marong,VIC,3515,1008
Yarraman,QLD,4614,1008
Curl Curl,NSW,2096,1007
Freemans Reach,NSW,2756,1007
Dharruk,NSW,2770,1006
Leonay,NSW,2750,1005
Coraki,NSW,2471,1004
Cooroibah,QLD,4565,1004
Warrimoo,NSW,2774,1001
One Mile,QLD,4305,1001
Kunda Park,QLD,4556,1001
Rockyview,QLD,4701,1000
Maroochy River,QLD,4561,999
Beaconsfield,NSW,2015,998
Peakhurst Heights,NSW,2210,998
Seaholme,VIC,3018,997
Neerim South,VIC,3831,997
Whyalla Jenkins,SA,5609,997
Cringila,NSW,2502,996
Newington,VIC,3350,996
Kinglake,VIC,3763,995
Cundletown,NSW,2430,993
Avoca,VIC,3467,993
Churchill,QLD,4305,990
Kleinton,QLD,4352,989
Renown Park,SA,5008,989
Riverton,SA,5412,989
Usher,WA,6230,989
Shepparton North,VIC,3631,988
Inglewood,QLD,4387,988
Queenton,QLD,4820,988
Reynella East,SA,5161,988
West Beach,WA,6450,988
Wundowie,WA,6560,988
Payneham South,SA,5070,987
Batlow,NSW,2730,986
Toogoolawah,QLD,4313,985
Yulara,NT,0872,983
Jamberoo,NSW,2533,983
Wallacia,NSW,2745,983
New Port,SA,5015,983
North Arm Cove,NSW,2324,982
Dorrigo,NSW,2453,982
Eschol Park,NSW,2558,982
Caulfield East,VIC,3145,982
Tiwi,NT,0810,980
Woodbine,NSW,2560,980
Grantville,VIC,3984,980
Kogarah Bay,NSW,2217,979
Surfside,NSW,2536,979
Luddenham,NSW,2745,979
Kingsthorpe,QLD,4400,979
Henty,NSW,2658,978
Angle Park,SA,5010,977
Firle,SA,5070,976
Bolton Point,NSW,2283,975
Chiltern,VIC,3683,975
Lameroo,SA,5302,973
Timboon,VIC,3268,972
Woodville Park,SA,5011,972
Allansford,VIC,3277,971
Williams,WA,6391,971
Gulmarrad,NSW,2463,970
Port Hughes,SA,5558,970
Toowoon Bay,NSW,2261,968
Coal Point,NSW,2283,968
Kalinga,QLD,4030,968
Ramsgate,NSW,2217,967
Crafers,SA,5152,967
Davidson,NSW,2085,966
Tooradin,VIC,3980,965
Skennars Head,NSW,2478,964
Meadows,SA,5201,964
Lake Gardens,VIC,3355,963
Torrington,QLD,4350,963
Seaford Heights,SA,5169,963
Kearns,NSW,2558,962
Balranald,NSW,2715,961
Tennyson,QLD,4105,961
Bonshaw,VIC,3352,960
The Junction,NSW,2291,959
Lower Chittering,WA,6084,959
Lower King,WA,6330,958
East Ryde,NSW,2113,957
East Kurrajong,NSW,2758,957
Springsure,QLD,4722,955
Emerton,NSW,2770,954
Port Macdonnell,SA,5291,954
Silver Sands,WA,6210,954
Buxton,NSW,2571,953
Drummond Cove,WA,6532,950
Minlaton,SA,5575,949
Willmot,NSW,2770,948
Shelly Beach,NSW,2261,946
Wallington,VIC,3222,945
Texas,QLD,4385,945
South Bathurst,NSW,2795,944
Maylands,SA,5069,944
D'aguilar,QLD,4514,943
Lamington,WA,6430,943
Kensington Grove,QLD,4341,942
Carrickalinga,SA,5204,942
Coles Bay,TAS,7215,942
Oakdale,NSW,2570,941
Leabrook,SA,5068,940
Sandford,TAS,7020,939
Glenden,QLD,4743,938
Eagle Farm,QLD,4009,937
Culcairn,NSW,2660,936
Allora,QLD,4362,936
Raworth,NSW,2321,935
Primbee,NSW,2502,935
Elizabeth Hills,NSW,2171,934
Warnervale,NSW,2259,934
Mayfield East,NSW,2304,932
Sutton,ACT,2620,931
Nicholson,VIC,3882,931
Corindi Beach,NSW,2456,930
North Beach,SA,5556,930
Cooran,QLD,4569,929
Soldiers Hill,QLD,4825,929
Stream Hill,NSW,2526,928
Sandy Point,VIC,3959,928
Roseworthy,SA,5371,928
Old Guildford,NSW,2161,927
Newcastle East,NSW,2300,926
Inverleigh,VIC,3321,926
Gawler,SA,5118,926
Bawley Point,NSW,2539,925
Tarro,NSW,2322,924
Solomontown,SA,5540,924
Binningup,WA,6233,924
Miandetta,TAS,7310,924
Nebo,QLD,4742,923
Gelorup,WA,6230,923
Fennell Bay,NSW,2283,922
Peak Hill,NSW,2869,922
Ouyen,VIC,3490,922
Romaine,TAS,7320,922
Collinswood,SA,5081,920
Chidlow,WA,6556,920
Ashford,SA,5035,919
Denistone East,NSW,2112,918
Woronora Heights,NSW,2233,918
Charlton,VIC,3525,918
Blue Bay,NSW,2261,917
Montville,QLD,4560,917
Balhannah,SA,5242,917
Bungarribee,NSW,2767,916
Rushworth,VIC,3612,916
Ethelton,SA,5015,916
Bluff Point,WA,6530,916
Delaneys Creek,QLD,4514,914
Liberty Grove,NSW,2138,913
Millswood,SA,5034,913
Dunbogan,NSW,2443,912
Wulagi,NT,0812,910
Glen Osmond,SA,5064,910
Rossmore,NSW,2557,909
North Maclean,QLD,4280,909
Bauple,QLD,4650,909
Llanarth,NSW,2795,908
Baradine,NSW,2396,907
Mundubbera,QLD,4626,907
St Morris,SA,5068,907
Kempsey,NSW,2440,906
Denham,WA,6537,905
Brandon,QLD,4808,904
West Hindmarsh,SA,5007,903
Sunset Beach,WA,6530,903
Oakhurst,QLD,4650,902
Pemberton,WA,6260,902
Winton,QLD,4735,901
Hay Point,QLD,4740,901
Boddington,WA,6390,901
Davenport,WA,6230,900
Bonnie Doon,VIC,3720,899
Cedar Grove,QLD,4285,899
Ravenswood,QLD,4816,899
Anula,NT,0812,898
Goomeri,QLD,4601,898
East Branxton,NSW,2335,897
South Mission Beach,QLD,4852,896
Beulah Park,SA,5067,896
Cleve,SA,5640,896
Hanwood,NSW,2680,893
Kalimna,VIC,3909,893
Kincumber South,NSW,2251,891
Halls Gap,VIC,3381,889
Wyndham,WA,6740,889
Dunedoo,NSW,2844,887
Quilpie,QLD,4480,886
Granton,TAS,7030,886
Gilead,NSW,2560,885
Shoreham,VIC,3916,885
Utakarra,WA,6530,885
Lawrence,NSW,2460,884
Gumdale,QLD,4154,883
Pine Mountain,QLD,4306,883
Elliott Heads,QLD,4670,883
Frederickton,NSW,2440,882
Samson,WA,6163,882
Southern Cross,WA,6426,882
Northampton,WA,6535,882
Beachport,SA,5280,881
Killarney,QLD,4373,880
Hindmarsh,SA,5007,880
Boyanup,WA,6237,880
Colo Vale,NSW,2575,879
Millgrove,VIC,3799,879
Campbell Town,TAS,7210,879
Largs,NSW,2320,878
Rose Park,SA,5067,877
Wareemba,NSW,2046,876
Healy,QLD,4825,876
Dimbulah,QLD,4872,876
Pingelly,WA,6308,876
Bullaburra,NSW,2784,875
Mackenzie,QLD,4156,875
Moruya Heads,NSW,2537,874
Coochiemudlo Island,QLD,4184,874
Bilingurr,WA,6725,874
Grasmere,NSW,2570,873
Canungra,QLD,4275,873
Woomera,SA,5720,872
Acton Park,TAS,7170,872
Lloyd,NSW,2650,870
Mount Crosby,QLD,4306,870
Marburg,QLD,4346,870
Daglish,WA,6008,869
Chittaway Bay,NSW,2261,867
Forestville,SA,5035,867
Wongan Hills,WA,6603,867
Beauty Point,TAS,7270,867
Bonnet Bay,NSW,2226,866
Llandilo,NSW,2747,866
Barney Point,QLD,4680,866
Mackay Harbour,QLD,4740,866
Zeehan,TAS,7469,865
Morgan,SA,5320,864
Wyongah,NSW,2259,863
Buronga,NSW,2739,863
Milang,SA,5256,862
Peppermint Grove,WA,6011,862
Halls Creek,WA,6770,862
Mount Buller,VIC,3723,861
Jandowae,QLD,4410,861
Bruce Rock,WA,6418,861
Rosebery,TAS,7470,861
Alawa,NT,0810,859
Onslow,WA,6710,859
Cheltenham,NSW,2119,858
Brisbane Airport,QLD,4008,858
Dundowran,QLD,4655,858
Pambula,NSW,2549,857
Bayview,NT,0820,856
Glenalta,SA,5052,855
Pinnaroo,SA,5304,855
Mount Melville,WA,6330,855
Heatherbrae,NSW,2324,854
Jerilderie,NSW,2716,854
Gundaroo,ACT,2620,853
Dunolly,VIC,3472,853
Bakers Creek,QLD,4740,851
Old Noarlunga,SA,5168,851
Stirling,ACT,2611,850
Murrurundi,NSW,2338,848
Coomba Park,NSW,2428,848
Carbrook,QLD,4130,846
Tiaro,QLD,4650,845
Blair Athol,NSW,2560,844
Balgal Beach,QLD,4816,844
Highgate,SA,5063,844
East Bairnsdale,VIC,3875,843
Martin,WA,6110,842
Chandler,QLD,4155,841
Tingira Heights,NSW,2290,840
South Bowenfels,NSW,2790,840
Avenel,VIC,3664,840
Manyana,NSW,2539,839
Kangaroo Valley,NSW,2577,839
Rylstone,NSW,2849,839
Geeveston,TAS,7116,839
Barnsley,NSW,2278,838
Boyup Brook,WA,6244,836
Koumala,QLD,4738,834
Bedford Park,SA,5042,834
Dover,TAS,7117,834
Tawonga South,VIC,3698,833
Eidsvold,QLD,4627,833
Avondale,NSW,2530,832
Basin View,NSW,2540,832
Gailes,QLD,4300,831
Nichols Point,VIC,3501,830
Millstream,QLD,4888,830
Ridleyton,SA,5008,830
Mount Macedon,VIC,3441,829
Waverley,TAS,7250,829
Berrima,NSW,2577,828
East Jindabyne,NSW,2627,828
Fraser,ACT,2615,827
Wedderburn,VIC,3518,827
Mirani,QLD,4754,827
Kiara,WA,6054,827
Alligator Creek,QLD,4816,826
Brookton,WA,6306,826
Pindimar,NSW,2324,825
Yallourn North,VIC,3825,825
Tallebudgera Valley,QLD,4228,825
Wattle Park,SA,5066,825
Longueville,NSW,2066,823
Woolner,NT,0820,821
Essendon West,VIC,3040,821
Renmark West,SA,5341,821
Nannup,WA,6275,821
Ganmain,NSW,2702,819
Woodbridge,WA,6056,819
Lyons,NT,0810,817
Mount Compass,SA,5210,817
Darlington Point,NSW,2706,816
Red Hill,VIC,3937,816
Moonta,SA,5558,816
Eagle Point,VIC,3878,815
Dirranbandi,QLD,4486,815
Innisfail Estate,QLD,4860,815
Lake Conjola,NSW,2539,814
Cowandilla,SA,5033,814
Eildon,VIC,3713,813
Mundoolun,QLD,4285,813
Gerroa,NSW,2534,812
Invermay Park,VIC,3350,812
Coominya,QLD,4311,812
Stapylton,QLD,4207,811
Scotts Head,NSW,2447,810
Boyne Valley,QLD,4680,810
Tallwoods Village,NSW,2430,808
West Nowra,NSW,2541,808
Thredbo,NSW,2625,808
Watermans Bay,WA,6020,808
Cunderdin,WA,6407,807
Millfield,NSW,2325,806
Castlereagh,NSW,2749,806
South Nanango,QLD,4615,806
Virginia,NT,0834,805
Booragul,NSW,2284,805
Dynnyrne,TAS,7005,805
Adelong,NSW,2729,804
Kilkivan,QLD,4600,803
Little Grove,WA,6330,803
Girards Hill,NSW,2480,802
Riverlea Park,SA,5120,802
Lockyer,WA,6330,801
Meekatharra,WA,6642,801
Currarong,NSW,2540,800
Evandale,SA,5069,800
Brewarrina,NSW,2839,798
Blackbutt,QLD,4314,798
Waterways,VIC,3195,797
Edenhope,VIC,3318,797
Lavender Bay,NSW,2060,796
Coral Cove,QLD,4670,796
Edithburgh,SA,5583,795
Hillman,WA,6168,795
Yoogali,NSW,2680,794
Everard Park,SA,5035,794
Coolbinia,WA,6050,794
Carlton,TAS,7173,793
Nyora,VIC,3987,792
Roebourne,WA,6718,792
Keswick,SA,5035,790
Yarrambat,VIC,3091,789
Winston,QLD,4825,789
Ludmilla,NT,0820,788
Bar Beach,NSW,2300,788
Nabiac,NSW,2312,788
Lake Macdonald,QLD,4563,788
Glengarry,VIC,3854,787
Surf Beach,VIC,3922,787
Floraville,NSW,2280,786
Glomar Beach,VIC,3851,786
Longford,VIC,3851,786
Gaven,QLD,4211,786
Ironbark,VIC,3550,784
Cardigan,VIC,3352,782
Rhyll,VIC,3923,782
Alpha,QLD,4724,782
Clarendon Vale,TAS,7019,782
Katherine,NT,0850,781
Carisbrook,VIC,3464,781
Hendon,SA,5014,781
Moil,NT,0810,780
Macclesfield,SA,5153,780
Eudunda,SA,5374,780
Cooee Bay,QLD,4703,779
White Beach,TAS,7184,779
Tallangatta,VIC,3700,778
Viveash,WA,6056,778
Bindoon,WA,6502,778
Wagaman,NT,0810,777
Tascott,NSW,2250,777
Darling Downs,WA,6122,777
Bywong,NSW,2621,776
Cambridge Gardens,NSW,2747,776
Gooburrum,QLD,4670,776
Maslin Beach,SA,5170,776
Murray Bridge East,SA,5253,776
Desert Springs,NT,0870,775
Eyre,SA,5121,775
Briagolong,VIC,3860,774
Barellan Point,QLD,4306,774
Richmond,QLD,4822,774
Triabunna,TAS,7190,774
Kendall,NSW,2439,773
Wongawilli,NSW,2530,773
Auburn,SA,5451,773
Boambee,NSW,2450,772
Evandale,TAS,7212,772
Koondrook,VIC,3580,771
Kalbar,QLD,4309,771
North Wahroonga,NSW,2076,770
Andamooka,SA,5722,770
King Creek,NSW,2446,769
Imbil,QLD,4570,769
Biggenden,QLD,4621,769
Boomerang Beach,NSW,2428,768
Table Top,NSW,2640,768
Nome,QLD,4816,768
Jabiru,NT,0886,767
Potts Hill,NSW,2143,767
Lorn,NSW,2320,767
Menangle,NSW,2568,767
Scamander,TAS,7215,767
Woodend,QLD,4305,766
Stansbury,SA,5582,766
Kellerberrin,WA,6410,766
Aurukun,QLD,4892,765
Selby,VIC,3159,764
Burketown,QLD,4830,763
Witchcliffe,WA,6286,763
Millthorpe,NSW,2798,762
Horseshoe Bay,QLD,4819,762
Connewarre,VIC,3227,761
Goldsborough,QLD,4865,761
Daceyville,NSW,2032,760
Black Head,NSW,2430,760
Wamboin,ACT,2620,760
Derwent Park,TAS,7009,760
Wandoan,QLD,4419,758
Rocherlea,TAS,7248,758
Boorooma,NSW,2650,757
Seaforth,QLD,4741,757
Gladstone,SA,5473,757
Revesby Heights,NSW,2212,756
Eastwood,SA,5063,756
Ellalong,NSW,2325,753
Red Head,NSW,2430,753
Herne Hill,WA,6056,752
Welland,SA,5007,751
Strahan,TAS,7468,751
Sydenham,NSW,2044,750
Exeter,NSW,2579,750
Tieri,QLD,4709,750
Brockman,WA,6701,750
Ranelagh,TAS,7109,750
Camden Park,NSW,2570,749
Little River,VIC,3211,749
Capella,QLD,4723,749
Cervantes,WA,6511,749
Sandringham,NSW,2219,748
Daleys Point,NSW,2257,747
Woodstock,NSW,2793,747
Stratford,QLD,4870,747
Argenton,NSW,2284,746
Parklea,NSW,2768,746
Monkland,QLD,4570,746
Furnissdale,WA,6209,746
Black River,QLD,4818,745
Elmore,VIC,3558,744
Mclaren Flat,SA,5171,744
Birregurra,VIC,3242,743
Unley Park,SA,5061,743
Lakewood,NSW,2443,742
Omeo,VIC,3898,742
Kimba,SA,5641,742
Salt Ash,NSW,2318,741
Birdwood,SA,5234,741
Chatsworth,QLD,4570,740
Monash,SA,5342,740
Mount Nathan,QLD,4211,739
Menzies,WA,6436,739
East Kempsey,NSW,2440,738
Junction Hill,NSW,2460,738
Gordon,VIC,3345,738
Highvale,QLD,4520,738
Garden Suburb,NSW,2289,737
Tomago,NSW,2322,737
Tivoli,QLD,4305,737
Peterhead,SA,5016,737
St Georges,SA,5064,737
Abbey,WA,6280,737
Somerton,VIC,3062,736
Kallista,VIC,3791,736
Proston,QLD,4613,736
Dunkeld,VIC,3294,735
Kaniva,VIC,3419,735
Mount Beauty,VIC,3699,735
Blanchetown,SA,5357,735
Corrigin,WA,6375,735
Devon Park,SA,5008,733
South Durras,NSW,2536,731
Devon Meadows,VIC,3977,731
Tusmore,SA,5065,731
Cummins,SA,5631,731
Montello,TAS,7320,730
Peachester,QLD,4519,729
Coolgardie,WA,6429,729
Springbrook,QLD,4213,728
Bremer Bay,WA,6338,727
Pearl Beach,NSW,2256,726
Currie,TAS,7256,726
Binnaway,NSW,2395,725
Worrowing Heights,NSW,2540,725
Yankalilla,SA,5203,725
Wattle Glen,VIC,3096,724
Stuart,QLD,4811,724
Exeter,SA,5019,724
Jingili,NT,0810,723
Huntleys Cove,NSW,2111,723
Wongawallan,QLD,4210,723
Clapham,SA,5062,723
Gagebrook,TAS,7030,723
Stanwell Park,NSW,2508,722
Wonga Beach,QLD,4873,722
Bakers Hill,WA,6562,722
Black Mountain,QLD,4563,721
Bunya,QLD,4055,720
Woodhill,QLD,4285,720
Waterloo Corner,SA,5110,720
Farley,NSW,2320,719
Park Ridge South,QLD,4125,719
Mount Pleasant,SA,5235,719
Mathoura,NSW,2710,718
Bundalong,VIC,3730,718
Glenfield,WA,6532,717
Catherine Hill Bay,NSW,2281,716
Russell Vale,NSW,2517,716
Renwick,NSW,2575,716
Haven,VIC,3401,715
Hazelmere,WA,6055,714
Bobs Farm,NSW,2316,713
Stroud,NSW,2425,713
Mount Dandenong,VIC,3767,713
Brunswick,WA,6224,713
Wiluna,WA,6646,713
Acton,TAS,7320,713
Tuggerawong,NSW,2259,712
Arcadia Vale,NSW,2283,712
Badger Creek,VIC,3777,712
West Lamington,WA,6430,712
Wye River,VIC,3234,711
Kalorama,VIC,3766,711
Tennyson,SA,5022,711
Laura,SA,5480,711
Anstead,QLD,4070,710
Nakara,NT,0810,708
Peak Crossing,QLD,4306,708
Hatton Vale,QLD,4341,707
Helidon,QLD,4344,705
Rosslyn Park,SA,5072,705
Seaspray,VIC,3851,704
Cannon Valley,QLD,4800,704
Sinclair,WA,6450,704
Hazelwood North,VIC,3840,703
Poona,QLD,4650,703
Warragamba,NSW,2752,702
Marlo,VIC,3888,702
Newtown,QLD,4305,702
Wulkuraka,QLD,4305,702
Goombungee,QLD,4354,702
Port Wakefield,SA,5550,702
Ashfield,WA,6054,702
New Town,SA,5554,701
Webberton,WA,6530,701
Kilaben Bay,NSW,2283,700
Townsend,NSW,2463,700
Clayton Bay,SA,5256,700
Harcourt,VIC,3453,699
Mandogalup,WA,6167,699
Franklin,TAS,7113,699
Clemton Park,NSW,2206,698
Lake Boga,VIC,3584,698
Menzies,QLD,4825,698
Upper Swan,WA,6069,697
Violet Town,VIC,3669,696
Belmont South,NSW,2280,695
Bowen Mountain,NSW,2753,695
Hotham Heights,VIC,3741,695
Gardenvale,VIC,3185,694
Ocean Beach,WA,6333,694
Alice Springs,NT,0870,693
Springvale,NSW,2650,693
Maraylya,NSW,2765,693
Wandong,VIC,3758,693
Mount Garnet,QLD,4872,693
Croydon,SA,5008,693
Bowraville,NSW,2449,692
Bringelly,NSW,2556,692
Bellbrae,VIC,3228,692
Wattleup,WA,6166,691
Worrolong,SA,5291,690
Kurrimine Beach,QLD,4871,689
Sefton Park,SA,5083,689
Paringa,SA,5340,689
Lake Tyers Beach,VIC,3909,688
Nar Nar Goon North,VIC,3812,687
Springfield Central,QLD,4300,687
Samford Village,QLD,4520,687
Tarcoola Beach,WA,6530,687
Wanguri,NT,0810,686
Fish Creek,VIC,3959,686
St Marys,TAS,7215,686
Ferny Creek,VIC,3786,685
Bagdad,TAS,7030,684
Manningham,SA,5086,683
Chittering,WA,6084,683
Berkshire Park,NSW,2765,682
Woombah,NSW,2469,681
Porepunkah,VIC,3740,681
Hilton,SA,5033,681
Port Victoria,SA,5573,681
Clontarf,NSW,2093,680
Geurie,NSW,2818,680
Middleton Beach,WA,6330,680
Nemingha,NSW,2340,679
Wahgunyah,VIC,3687,679
Canada Bay,NSW,2046,678
Kurrajong Heights,NSW,2758,678
Glenlee,QLD,4711,677
Seven Mile Beach,TAS,7170,676
Raymond Island,VIC,3880,675
Dalyston,VIC,3992,675
Glossop,SA,5344,675
Belgrave South,VIC,3160,674
Nar Nar Goon,VIC,3812,674
Booie,QLD,4610,674
Hope Vale,QLD,4895,674
Miena,TAS,7030,674
Mayfield,TAS,7248,674
Hawley Beach,TAS,7307,674
Marysville,VIC,3779,673
Trinity Gardens,SA,5068,672
Stieglitz,TAS,7216,672
Marrara,NT,0812,671
Rippleside,VIC,3215,671
Avondale,QLD,4670,671
Julia Creek,QLD,4823,670
Darlington,SA,5047,670
Lake Tabourie,NSW,2539,669
Chewton,VIC,3451,668
Tanawha,QLD,4556,668
Bushmead,WA,6055,667
Mount Saint Thomas,NSW,2500,666
Port Campbell,VIC,3269,666
Mitchell Park,VIC,3355,666
Thagoona,QLD,4306,666
Royston Park,SA,5070,666
Point Turton,SA,5575,666
North Lismore,NSW,2480,665
North Batemans Bay,NSW,2536,665
Coomealla,NSW,2717,665
Alton Downs,QLD,4702,665
Oxley,ACT,2903,664
Boolarra,VIC,3870,664
Kamerunga,QLD,4870,664
Tomerong,NSW,2540,663
Boort,VIC,3537,663
Witta,QLD,4552,663
Herberton,QLD,4887,663
Gledhow,WA,6330,663
Holroyd,NSW,2142,662
Jilliby,NSW,2259,662
West Haven,NSW,2443,662
Woodstock,VIC,3751,661
Nulsen,WA,6450,661
Eastern Creek,NSW,2766,660
Bangholme,VIC,3175,660
Mullewa,WA,6630,660
Rose Bay,TAS,7015,660
Lower Beechmont,QLD,4211,659
Ravensthorpe,WA,6346,659
Farrar,NT,0830,658
Wilcannia,NSW,2836,658
Keilor Lodge,VIC,3038,658
Williamtown,NSW,2318,657
Lethbridge,VIC,3332,657
Willowbank,QLD,4306,657
Nobby,QLD,4360,657
Pacific Heights,QLD,4703,657
Bouvard,WA,6211,657
Eden Park,VIC,3757,656
Coes Creek,QLD,4560,656
Jones Hill,QLD,4570,656
American River,SA,5221,656
Murchison,VIC,3610,655
Killara,VIC,3691,655
Coledale,NSW,2515,654
Smiths Beach,VIC,3922,654
South Kolan,QLD,4670,654
Greenock,SA,5360,654
South Carnarvon,WA,6701,654
Willoughby East,NSW,2068,653
Hume,ACT,2620,653
Wurruk,VIC,3850,653
Burbank,QLD,4156,653
Mount Isa City,QLD,4825,653
Bolwarra,NSW,2320,652
Mallala,SA,5502,652
Bucca,QLD,4670,651
Wilmington,SA,5485,651
Laidley Heights,QLD,4341,650
Dalwallinu,WA,6609,650
Cressy,TAS,7302,650
Mount Keira,NSW,2500,649
Bemboka,NSW,2550,649
Boat Harbour,NSW,2316,648
Moonbi,NSW,2353,648
Murtoa,VIC,3390,648
Dinmore,QLD,4303,648
Seacombe Heights,SA,5047,648
Jarrahdale,WA,6124,648
Girraween,NT,0836,647
Chatswood West,NSW,2067,647
Shoal Point,QLD,4750,646
Lucindale,SA,5272,646
Pink Lake,WA,6450,646
Nubeena,TAS,7184,646
Cudmirrah,NSW,2540,645
Ariah Park,NSW,2665,645
Hamley Bridge,SA,5401,645
Dundee Beach,NT,0840,644
Flowerdale,VIC,3717,644
Sadliers Crossing,QLD,4305,644
Sharon,QLD,4670,644
Buttaba,NSW,2283,643
Yinnar,VIC,3869,642
Railton,TAS,7305,642
Wyee Point,NSW,2259,641
Herbert,NT,0836,640
Ciccone,NT,0870,640
Cardiff Heights,NSW,2285,640
Fernhill,NSW,2519,640
Malmsbury,VIC,3446,640
Beechmont,QLD,4211,640
Boston,SA,5607,640
Wooli,NSW,2462,639
Gingin,WA,6503,639
Hillier,SA,5116,638
The Gap,QLD,4825,637
Morisset Park,NSW,2264,636
Kinglake West,VIC,3757,636
South Arm,TAS,7022,635
Roseville Chase,NSW,2069,634
Ulmarra,NSW,2462,634
Low Head,TAS,7253,634
Tinonee,NSW,2430,633
Crafers West,SA,5152,633
Burnley,VIC,3121,632
Toongabbie,VIC,3856,632
Toorbul,QLD,4510,631
Gepps Cross,SA,5094,631
Tralee,ACT,2620,630
Newlands Arm,VIC,3875,630
Benambra,VIC,3900,630
Trunding,QLD,4874,630
Netherby,SA,5062,629
Milpara,WA,6330,629
Eaglehawk Neck,TAS,7179,629
Gunning,NSW,2581,628
Kersbrook,SA,5231,628
Grose Vale,NSW,2753,627
Flaxton,QLD,4560,626
Goomalling,WA,6460,626
Silverleaves,VIC,3922,625
Blackstone,QLD,4304,625
Quairading,WA,6383,625
Robin Hill,NSW,2795,624
Kowanyama,QLD,4892,624
South Gundagai,NSW,2722,623
Kurwongbah,QLD,4503,623
Hillcrest,TAS,7320,623
Cobargo,NSW,2550,621
Euston,NSW,2737,621
Batesford,VIC,3213,621
Hopetoun,VIC,3396,621
Strathmerton,VIC,3641,621
Lismore,VIC,3324,620
Toora,VIC,3962,620
Booleroo Centre,SA,5482,620
Carwoola,ACT,2620,619
Verrierdale,QLD,4562,618
Newstead,VIC,3462,617
Tinbeerwah,QLD,4563,616
Snowtown,SA,5520,616
Inglewood,VIC,3517,615
Bruthen,VIC,3885,615
Marion Bay,SA,5575,615
North Dandalup,WA,6207,615
Barragup,WA,6209,615
Campania,TAS,7026,615
Fairhaven,VIC,3231,614
Ingleside,NSW,2101,613
Carss Park,NSW,2221,613
Mount Ousley,NSW,2519,613
Semaphore South,SA,5019,613
Tallong,NSW,2579,612
Buxton,QLD,4660,612
Gawler West,SA,5118,612
Herdsmans Cove,TAS,7030,612
Penshurst,VIC,3289,611
Cape Schanck,VIC,3939,611
Regency Park,SA,5010,611
Waterview Heights,NSW,2460,610
Stockleigh,QLD,4280,610
Wattle Camp,QLD,4615,610
Depot Hill,QLD,4700,610
Woodforde,SA,5072,610
Saddleworth,SA,5413,609
Hidden Valley,QLD,4703,608
Orroroo,SA,5431,608
Goodwood,TAS,7010,607
Valley Heights,NSW,2777,606
Sun Valley,QLD,4680,606
St Lawrence,QLD,4707,606
Midge Point,QLD,4799,606
Dampier,WA,6713,606
Snug,TAS,7054,606
Ninderry,QLD,4561,605
Binalong,NSW,2584,604
Mundijong,WA,6123,604
Cranbrook,WA,6321,604
Gnowangerup,WA,6335,604
Walpole,WA,6398,604
Chiton,SA,5211,603
Dunwich,QLD,4183,602
Shaw,QLD,4818,602
Callington,SA,5254,601
Paterson,NSW,2421,600
Valla,NSW,2448,600
Wyalong,NSW,2671,600
Collarenebri,NSW,2833,600
Oatlands,TAS,7120,600
Wardell,NSW,2477,599
Swan Reach,VIC,3903,599
Maryborough West,QLD,4650,599
Machans Beach,QLD,4878,599
Woorree,WA,6530,599
Woodpark,NSW,2164,598
Killcare Heights,NSW,2257,598
Tottenham,NSW,2873,598
Pie Creek,QLD,4570,598
Meeniyan,VIC,3956,597
Walliston,WA,6076,597
Leyburn,QLD,4365,596
Bamaga,QLD,4876,595
Holmesville,NSW,2286,594
West Richmond,SA,5033,594
Woodburn,NSW,2472,593
Falls Creek,VIC,3699,593
Port Pirie,SA,5540,593
Ledge Point,WA,6043,593
Tambo,QLD,4478,592
Mount Vernon,NSW,2178,590
Killcare,NSW,2257,590
Thangool,QLD,4716,590
Shadforth,WA,6333,590
Arcadia,NSW,2159,589
Mons,QLD,4556,589
Silvan,VIC,3795,588
Moorooduc,VIC,3933,588
Fingal,VIC,3939,588
Grasstree Beach,QLD,4740,588
Bluewater,QLD,4818,588
Mylor,SA,5153,588
Fisherman Bay,SA,5522,588
Broadwater,NSW,2472,586
Cape Jervis,SA,5204,586
Wellington East,SA,5259,586
Seaham,NSW,2324,585
South Stradbroke,QLD,4216,585
Glenview,QLD,4553,584
Berrara,NSW,2540,583
Cabarlah,QLD,4352,583
Uranquinty,NSW,2652,581
Belgrave Heights,VIC,3160,581
Tangambalanga,VIC,3691,580
Bouldercombe,QLD,4702,580
Preston Beach,WA,6215,580
Aramac,QLD,4726,579
Curlewis,NSW,2381,578
Raglan,NSW,2795,578
Strathdickie,QLD,4800,578
Joslin,SA,5070,578
North Shore,VIC,3214,577
Smythesdale,VIC,3351,577
Toolooa,QLD,4680,577
Tantanoola,SA,5280,577
Ewingsdale,NSW,2481,576
Denhams Beach,NSW,2536,576
Wallaga Lake,NSW,2546,576
Port Germein,SA,5495,576
Old Erowal Bay,NSW,2540,575
Symonston,ACT,2609,575
Apple Tree Creek,QLD,4660,575
Mount Magnet,WA,6638,575
Douglas Park,NSW,2569,574
Yerrinbool,NSW,2575,574
East Warburton,VIC,3799,574
Red Hill South,VIC,3937,574
Kilcunda,VIC,3995,574
Bundarra,NSW,2359,573
Camp Mountain,QLD,4520,573
Pambula Beach,NSW,2549,572
Dinner Plain,VIC,3898,572
Forest Hill,QLD,4342,572
Taroomball,QLD,4703,572
Mount Peter,QLD,4869,572
Rainbow,VIC,3424,570
Noarlunga Centre,SA,5168,570
Loxton North,SA,5333,570
St Huberts Island,NSW,2257,569
Glenrowan,VIC,3675,569
Wirrabara,SA,5481,569
San Remo,WA,6210,569
Mahomets Flats,WA,6530,569
Voyager Point,NSW,2172,567
Arndell Park,NSW,2148,566
Nords Wharf,NSW,2281,566
Richmond,QLD,4740,566
Dry Creek,SA,5094,566
Lilli Pilli,NSW,2536,565
Leigh Creek,SA,5731,565
Paxton,NSW,2325,564
Karoonda,SA,5307,564
Blackstone Heights,TAS,7250,564
Glenmaggie,VIC,3858,563
Julatten,QLD,4871,563
Binalong Bay,TAS,7216,563
Stuarts Point,NSW,2441,562
Bloomsbury,QLD,4799,562
Echunga,SA,5153,562
Braemar,NSW,2575,561
St Andrews,VIC,3761,560
Wudinna,SA,5652,560
Mallabula,NSW,2319,559
Boggabilla,NSW,2409,559
Minden,QLD,4311,559
Ocean View,QLD,4521,559
Widgee,QLD,4570,559
Habana,QLD,4740,559
Walla Walla,NSW,2659,558
Hodgson Vale,QLD,4352,558
Agnes Banks,NSW,2753,557
Lakelands,NSW,2282,556
Nana Glen,NSW,2450,556
Mossy Point,NSW,2537,556
Candelo,NSW,2550,556
Mulgrave,NSW,2756,556
Castle Hill,QLD,4810,556
Kalangadoo,SA,5278,556
Morawa,WA,6623,556
Murrays Beach,NSW,2281,555
Mount Pleasant,NSW,2519,555
Perth Airport,WA,6105,554
Rodd Point,NSW,2046,553
Rowes Bay,QLD,4810,553
College Grove,WA,6230,553
Carey Bay,NSW,2283,552
Eugowra,NSW,2806,552
Sea Lake,VIC,3533,552
Katunga,VIC,3640,552
Chillagoe,QLD,4871,552
Georgetown,QLD,4871,552
Hamilton North,NSW,2292,551
Mendooran,NSW,2842,551
Pyramid Hill,VIC,3575,551
Sassafras,VIC,3787,551
Compton,SA,5291,551
West Woombye,QLD,4559,550
Barmaryee,QLD,4703,550
Pelaw Main,NSW,2327,549
Kianga,NSW,2546,549
Koongamia,WA,6056,549
East Carnarvon,WA,6701,549
Myocum,NSW,2481,548
North Narooma,NSW,2546,548
Kurmond,NSW,2757,548
Manildra,NSW,2865,548
Menindee,NSW,2879,548
Glenore Grove,QLD,4342,548
Cootharaba,QLD,4565,548
Hawker,SA,5434,548
Muchea,WA,6501,548
Taralga,NSW,2580,547
Peterborough,VIC,3270,547
Condamine,QLD,4416,547
Tabulam,NSW,2469,546
Suttontown,SA,5291,546
Lilli Pilli,NSW,2229,545
Merrijig,VIC,3723,545
Qunaba,QLD,4670,545
Karumba,QLD,4891,545
Yarloop,WA,6218,545
Fishing Point,NSW,2283,544
Bow Bowing,NSW,2566,544
Harkaway,VIC,3806,544
Newhaven,VIC,3925,544
Glen Aplin,QLD,4381,543
Kensington,QLD,4670,543
Gulargambone,NSW,2828,542
Kureelpa,QLD,4560,542
Oakbank,SA,5243,542
Balingup,WA,6253,542
Mount Clarence,WA,6330,542
Green Head,WA,6514,542
Lucinda,QLD,4850,541
Fitzroy Crossing,WA,6765,541
Merewether Heights,NSW,2291,540
Langwarrin South,VIC,3911,540
Kin Kin,QLD,4571,540
Annangrove,NSW,2156,539
Shepparton East,VIC,3631,539
Erindale,SA,5066,539
Tennyson Point,NSW,2111,538
Dawes Point,NSW,2000,537
Ungarie,NSW,2669,537
Stonyfell,SA,5066,537
Hindmarsh Valley,SA,5211,537
North Moonta,SA,5558,537
Eudlo,QLD,4554,536
Sunshine Acres,QLD,4655,536
Armstrong Beach,QLD,4737,536
Pelican Point,WA,6230,535
Morgantown,WA,6701,535
Pyalong,VIC,3521,534
Willawong,QLD,4110,534
Benaraby,QLD,4680,534
Conondale,QLD,4552,533
Sapphire Central,QLD,4702,533
Penneshaw,SA,5222,533
Haywards Bay,NSW,2530,532
Picnic Bay,QLD,4819,532
Dudley Park,SA,5008,531
Karratha Industrial Estate,WA,6714,531
Grantham,QLD,4347,530
Ovingham,SA,5082,530
North Lake,WA,6163,530
Parklands,TAS,7320,530
Yarravel,NSW,2440,529
Kalaru,NSW,2550,529
Broughton,QLD,4820,529
Watsons Bay,NSW,2030,528
Wolumla,NSW,2550,528
O'malley,ACT,2606,528
Wycheproof,VIC,3527,528
Amity,QLD,4183,528
Wallangarra,QLD,4383,528
Kettering,TAS,7155,528
Tingha,NSW,2369,527
Mount Cottrell,VIC,3024,526
Mandurama,NSW,2792,525
Birchip,VIC,3483,525
Rubyvale,QLD,4702,525
Mckenzie Hill,VIC,3451,524
Shelly Beach,QLD,4551,524
Pacific Haven,QLD,4659,524
Kambalda East,WA,6442,524
North Isis,QLD,4660,523
Erowal Bay,NSW,2540,522
Medlow Bath,NSW,2780,522
Haddon,VIC,3351,522
Middle Cove,NSW,2068,521
Yellow Rock,NSW,2777,521
Blind Bight,VIC,3980,520
Kuttabul,QLD,4741,520
North Yunderup,WA,6208,520
Leeman,WA,6514,520
Sisters Beach,TAS,7321,520
Kotara South,NSW,2289,518
Mysterton,QLD,4812,518
Frewville,SA,5063,518
Gormans Hill,NSW,2795,517
Macarthur,ACT,2904,517
Thargomindah,QLD,4492,517
Arcadia,QLD,4819,517
Greens Beach,TAS,7270,517
Alyangula,NT,0885,516
Clunes,NSW,2480,516
Belli Park,QLD,4562,516
Guilderton,WA,6041,516
Whitby,WA,6123,516
Dowerin,WA,6461,516
Barmedman,NSW,2668,515
Trundle,NSW,2875,515
Skenes Creek,VIC,3233,515
Taradale,VIC,3447,515
Yandina Creek,QLD,4561,515
Veteran,QLD,4570,515
Yarrawonga,NT,0830,514
Kooyong,VIC,3144,514
Burrum Town,QLD,4659,514
Millaa Millaa,QLD,4886,514
Stanley,TAS,7331,514
Abercrombie,NSW,2795,513
Ashfield,QLD,4670,513
Forcett,TAS,7173,513
Balcolyn,NSW,2264,512
Hamilton East,NSW,2303,512
Tyers,VIC,3844,512
Tarwin Lower,VIC,3956,512
Church Point,NSW,2105,511
Coutts Crossing,NSW,2460,511
Purga,QLD,4306,511
Burwood Heights,NSW,2136,510
Hamilton Valley,NSW,2641,509
Cattai,NSW,2756,508
Exeter,TAS,7275,508
Nanum,QLD,4874,507
Peppermint Grove Beach,WA,6271,506
Chum Creek,VIC,3777,505
Injune,QLD,4454,505
Baralaba,QLD,4702,505
Ross Creek,VIC,3351,503
Younghusband,SA,5238,503
Cardup,WA,6122,503
Dunoon,NSW,2480,502
Barrack Point,NSW,2528,502
Bannockburn,QLD,4207,502
Peeramon,QLD,4885,502
Barellan,NSW,2665,501
Snake Valley,VIC,3351,501
Stanhope,VIC,3623,501
Barnawartha,VIC,3688,501
Jamieson,VIC,3723,501
Kangarilla,SA,5157,501
Bodalla,NSW,2545,500
Kangaroo Ground,VIC,3097,500
Don Valley,VIC,3139,500
Puckapunyal,VIC,3662,500
Yuleba,QLD,4427,500
Laverton,WA,6440,500
Bilbul,NSW,2680,499
Marcus Beach,QLD,4573,499
Pentland,QLD,4816,499
Broomehill Village,WA,6318,499
Wesburn,VIC,3799,498
Donnybrook,QLD,4510,498
The Palms,QLD,4570,498
The Caves,QLD,4702,498
Boulia,QLD,4829,498
Halifax,QLD,4850,498
Tintinara,SA,5266,498
Cossack,NT,0850,497
Scotland Island,NSW,2105,497
South Golden Beach,NSW,2483,497
Axedale,VIC,3551,497
Medindie,SA,5081,497
Direk,SA,5110,497
Ebenezer,NSW,2756,496
Kuridala,QLD,4824,496
Wedgefield,WA,6721,496
Kingswood,NSW,2340,495
Ardlethan,NSW,2665,495
Bunya Mountains,QLD,4405,495
One Mile,NSW,2316,494
Falls Creek,NSW,2540,494
Kenilworth,QLD,4574,494
Victory Heights,WA,6432,494
Macquarie Links,NSW,2565,493
Cedar Creek,QLD,4207,493
Clare,QLD,4807,493
Aldinga,SA,5173,492
Brinkin,NT,0810,491
Safety Beach,NSW,2456,490
Yelarbon,QLD,4388,490
Alligator Creek,QLD,4740,490
Aloomba,QLD,4871,490
Kulin,WA,6365,490
Brightwaters,NSW,2264,489
Theodore,QLD,4719,489
Warooka,SA,5577,489
Harrisville,QLD,4307,488
Julago,QLD,4816,488
West End,WA,6530,488
Bluff,QLD,4702,487
Wallabi Point,NSW,2430,486
Kalgan,WA,6330,486
Glenreagh,NSW,2450,485
Nerrina,VIC,3350,485
Augathella,QLD,4477,485
Yanco,NSW,2703,484
Poowong,VIC,3988,483
Elliston,SA,5670,483
Brigadoon,WA,6069,482
Mount Johns,NT,0874,481
Kyeemagh,NSW,2216,481
Bowning,NSW,2582,481
Mount Torrens,SA,5244,481
Sawyers Valley,WA,6074,481
Meckering,WA,6405,481
Koolewong,NSW,2256,480
Ashford,NSW,2361,480
Panton Hill,VIC,3759,480
Aeroglen,QLD,4870,480
Truro,SA,5356,480
Cuballing,WA,6311,480
Darkan,WA,6392,480
Matcham,NSW,2250,479
Hepburn,VIC,3461,479
Wallumbilla,QLD,4428,479
Abergowrie,QLD,4850,479
New Berrima,NSW,2577,478
Maryvale,QLD,4370,478
Deepdale,WA,6532,478
Louth Park,NSW,2320,477
Wattle Ponds,NSW,2330,477
Emmaville,NSW,2371,477
Minnamurra,NSW,2533,477
Meredith,VIC,3333,477
Hackney,SA,5069,477
Badu Island,QLD,4875,476
Gumeracha,SA,5233,476
Roelands,WA,6226,476
The Gardens,NT,0820,475
Wombarra,NSW,2515,475
Nulkaba,NSW,2325,474
Bungonia,NSW,2580,474
Lockington,VIC,3563,474
Eton,QLD,4741,474
Brooklyn,NSW,2083,473
Nowra Hill,NSW,2540,473
Sunlands,SA,5322,473
Gnarabup,WA,6285,473
Nundle,NSW,2340,472
West Ipswich,QLD,4305,472
Glanville,SA,5015,472
Strathalbyn,WA,6530,472
Grindelwald,TAS,7277,472
Cudgen,NSW,2487,471
Goovigen,QLD,4702,471
Nelson,VIC,3292,469
Portland North,VIC,3305,469
Tallarook,VIC,3659,469
Wowan,QLD,4702,469
Woodrising,NSW,2284,468
Balnarring Beach,VIC,3926,468
Carnamah,WA,6517,468
North Wagga Wagga,NSW,2650,467
Beerburrum,QLD,4517,467
Riverglades,SA,5253,467
Napperby,SA,5540,467
Neerabup,WA,6031,467
Lewisham,TAS,7173,467
Adare,QLD,4343,466
Orangeville,NSW,2570,465
Welby,NSW,2575,465
Lake Wyangan,NSW,2680,465
Nathan,QLD,4111,465
Farleigh,QLD,4741,465
Bilpin,NSW,2758,464
Hepburn Springs,VIC,3461,464
Rosedale,NSW,2536,463
Lower Portland,NSW,2756,463
K'gari,QLD,4581,463
Urrbrae,SA,5064,463
Kwinana Town Centre,WA,6167,463
Lake Clifton,WA,6215,463
Koorawatha,NSW,2807,462
Buxton,VIC,3711,462
Basin Pocket,QLD,4305,462
Banjup,WA,6164,462
Windellama,NSW,2580,461
Pakenham Upper,VIC,3810,461
Millaroo,QLD,4807,461
Vista,SA,5091,461
Evanston South,SA,5116,461
Broadwood,WA,6430,461
Chadwick,WA,6450,461
Redridge,QLD,4660,460
Mirriwinni,QLD,4871,460
Clinton,SA,5570,460
Cooee,TAS,7320,459
Waratah,TAS,7321,459
Ross,NT,0873,458
Cambewarra Village,NSW,2540,458
Springton,SA,5235,458
Wingello,NSW,2579,457
Marengo,VIC,3233,457
Moresby,WA,6530,457
Port Albert,VIC,3971,456
Bluewater Park,QLD,4818,456
Wondecla,QLD,4887,456
Frankland River,WA,6396,456
Port Arthur,TAS,7182,456
Cecil Park,NSW,2178,455
Pilliga,NSW,2388,455
Razorback,NSW,2571,455
Strathmore Heights,VIC,3041,455
Upper Sturt,SA,5156,455
Dwellingup,WA,6213,455
Warrenheip,VIC,3352,454
Port Neill,SA,5604,454
Lake Grace,WA,6353,454
Lockwood South,VIC,3551,453
Carmila,QLD,4739,453
Owen,SA,5460,453
Barangaroo,NSW,2000,452
Woolwich,NSW,2110,452
Wasleys,SA,5400,452
Blyth,SA,5462,452
Narrawong,VIC,3285,451
Ilfracombe,QLD,4727,451
One Tree Hill,SA,5114,451
Lachlan,TAS,7140,451
Berry Springs,NT,0838,450
Kiama Heights,NSW,2533,450
Brooklands,QLD,4615,450
Gawler Belt,SA,5118,450
Cadell,SA,5321,450
East Rockingham,WA,6168,450
Lovedale,NSW,2325,449
Menangle Park,NSW,2563,449
Loch,VIC,3945,449
Upper Brookfield,QLD,4069,449
Coalfalls,QLD,4305,449
Dugandan,QLD,4310,449
Jericho,QLD,4728,449
Clareville,NSW,2107,448
Toolern Vale,VIC,3337,448
Moa Island,QLD,4875,448
Myponga,SA,5202,448
Wooroloo,WA,6558,448
Taylors Beach,NSW,2316,447
The Patch,VIC,3792,447
Southern Cross,QLD,4820,447
Coondle,WA,6566,447
Murdunna,TAS,7178,447
Lilydale,TAS,7268,447
Mount Kembla,NSW,2526,446
Jeparit,VIC,3423,446
Amberley,QLD,4306,446
Grandchester,QLD,4340,446
Stony Rise,TAS,7310,446
Anakie,VIC,3213,445
The Honeysuckles,VIC,3851,445
Torbanlea,QLD,4662,445
Mingenew,WA,6522,445
Tolmie,VIC,3723,444
Muttaburra,QLD,4732,444
Mission River,QLD,4874,444
Doomadgee,QLD,4830,443
Swan Reach,SA,5354,443
Morangup,WA,6083,443
Port Hacking,NSW,2229,442
Tarcutta,NSW,2652,442
Carcoar,NSW,2791,442
Teringie,SA,5072,442
Wyalkatchem,WA,6485,442
North Macksville,NSW,2447,441
Goughs Bay,VIC,3723,441
Chittaway Point,NSW,2261,440
Raleigh,NSW,2454,440
Guanaba,QLD,4210,440
Sandstone,WA,6639,440
Beechwood,NSW,2446,439
Captains Flat,NSW,2623,439
Bulla,VIC,3428,439
Gruyere,VIC,3770,439
Kandanga,QLD,4570,439
Wellesley Islands,QLD,4892,439
Loveday,SA,5345,439
Black Point,SA,5571,439
Vacy,NSW,2421,438
Woollamia,NSW,2540,438
Bradfield,NSW,2556,438
Nyah West,VIC,3595,438
Speewah,QLD,4881,438
Gabbadah,WA,6041,438
Orange Grove,WA,6109,438
Failford,NSW,2430,437
Gillman,SA,5013,437
Fingal Head,NSW,2487,436
Kyle Bay,NSW,2221,435
Wongarbon,NSW,2831,435
Woorabinda,QLD,4713,435
Laguna Quays,QLD,4800,435
Sandgate,NSW,2304,434
Tamaree,QLD,4570,434
Rosny,TAS,7018,434
Greenhills Beach,NSW,2230,433
Aldershot,QLD,4650,433
Greenvale,QLD,4816,433
Rangewood,QLD,4817,433
Westonia,WA,6423,433
Minyip,VIC,3392,432
Arno Bay,SA,5603,432
Casuarina,NT,0810,431
Sailors Gully,VIC,3556,431
Merrigum,VIC,3618,431
Darwin River,NT,0841,430
Coongulla,VIC,3860,430
Finch Hatton,QLD,4756,430
Fullerton Cove,NSW,2318,429
Essendon Fields,VIC,3041,429
Ilbilbie,QLD,4738,429
Henderson,WA,6166,429
Glenlogan,QLD,4280,428
Blue Mountain Heights,QLD,4350,428
Laguna,NSW,2325,427
Wallabadah,NSW,2343,427
Talbot,VIC,3371,427
Dulong,QLD,4560,427
Mutchilba,QLD,4872,427
Montagu Bay,TAS,7018,427
Eveleigh,NSW,2015,426
Skipton,VIC,3361,426
Main Ridge,VIC,3928,426
Greenmount,QLD,4359,426
Rosedale,QLD,4674,426
Deepwater,NSW,2371,425
Glenlyon,VIC,3461,425
Haigslea,QLD,4306,425
College Park,SA,5069,425
Glencoe,SA,5291,425
Bendemeer,NSW,2355,424
Burringbar,NSW,2483,424
Urana,NSW,2645,424
Montefiores,NSW,2820,424
Belvedere,QLD,4860,424
Terowie,SA,5421,424
Melrose,SA,5483,424
Dumbleyung,WA,6350,424
Beeac,VIC,3251,423
Deepwater,QLD,4674,423
Barlows Hill,QLD,4703,423
Guthalungra,QLD,4805,423
Elphinstone,VIC,3448,422
North Maleny,QLD,4552,422
Marlborough,QLD,4705,422
Irvinebank,QLD,4887,422
Collingullie,NSW,2650,421
Sunset Strip,VIC,3922,420
Moores Pocket,QLD,4305,420
Miriam Vale,QLD,4677,420
Heathfield,SA,5153,420
Blackwood,VIC,3458,419
Goornong,VIC,3557,419
Banana,QLD,4702,419
Bray Park,NSW,2484,418
Rosslyn,QLD,4703,418
Myalup,WA,6220,418
Linton,VIC,3360,417
Cosgrove,QLD,4818,417
Forth,TAS,7310,417
Pallarenda,QLD,4810,416
Renmark North,SA,5341,416
Mount Lewis,NSW,2190,415
Bees Creek,NT,0822,414
Middle Dural,NSW,2158,414
Waldara,VIC,3678,414
Mourilyan,QLD,4858,414
Coobowie,SA,5583,414
Clyde,NSW,2142,413
Clifton Grove,NSW,2800,413
Woolooga,QLD,4570,413
Burua,QLD,4680,413
Hideaway Bay,QLD,4800,413
Cavan,SA,5094,413
Kondinin,WA,6367,413
Dunmore,NSW,2529,412
Dareton,NSW,2717,412
Toolamba,VIC,3614,412
Pelican,NSW,2281,411
Wollombi,NSW,2325,411
Dallarnil,QLD,4621,411
Boreen Point,QLD,4565,410
Wurrumiyanga,NT,0822,409
Kearsley,NSW,2325,409
Lansdowne,NSW,2430,409
Toll,QLD,4820,409
Yahl,SA,5291,409
Eneabba,WA,6518,409
Werombi,NSW,2570,408
Ivanhoe,NSW,2878,408
Menzies Creek,VIC,3159,408
Amamoor,QLD,4570,408
Kingsholme,QLD,4208,407
Cherbourg,QLD,4605,407
Cawarral,QLD,4702,407
Coonalpyn,SA,5265,407
Wagait Beach,NT,0822,406
Invergowrie,NSW,2350,406
North Arm,QLD,4561,406
Highfields,NSW,2289,405
South Maitland,NSW,2320,405
Uki,NSW,2484,405
Eureka,VIC,3350,405
Bonalbo,NSW,2469,404
Regentville,NSW,2745,404
Opossum Bay,TAS,7023,404
Manning Point,NSW,2430,403
Upper Orara,NSW,2450,403
Adaminaby,NSW,2629,403
Scarsdale,VIC,3351,403
Millchester,QLD,4820,403
Broke,NSW,2330,402
Caerleon,NSW,2850,402
Steiglitz,QLD,4207,402
Sarina Beach,QLD,4737,402
Boonooroo,QLD,4650,401
The Narrows,NT,0820,400
Clarenza,NSW,2460,400
Burra,ACT,2620,400
Grong Grong,NSW,2652,400
Langhorne Creek,SA,5255,400
Three Springs,WA,6519,400
Dondingalong,NSW,2440,399
Coramba,NSW,2450,399
Silkwood,QLD,4856,399
Marryatville,SA,5068,399
Carrick,TAS,7291,399
Magenta,NSW,2261,398
Wallalong,NSW,2320,398
Dereel,VIC,3352,398
Tungamah,VIC,3728,398
Bell,QLD,4408,398
Mulambin,QLD,4703,398
Horseshoe Lagoon,QLD,4809,398
Thevenard,SA,5690,398
Mirrabooka,NSW,2264,397
Hat Head,NSW,2440,397
Little Hartley,NSW,2790,396
Robinson,WA,6330,396
Hay,WA,6333,396
Havenview,TAS,7320,396
Boydtown,NSW,2551,395
Brightview,QLD,4311,395
Nildottie,SA,5238,395
Melbourne Airport,VIC,3045,394
Goondi Bend,QLD,4860,394
Mypolonga,SA,5254,394
Beecher,QLD,4680,393
Bute,SA,5560,393
Narembeen,WA,6369,393
Royalla,ACT,2620,392
Tarago,NSW,2580,391
Nimmitabel,NSW,2631,391
Euthulla,QLD,4455,391
Mariginiup,WA,6078,391
Laggan,NSW,2583,390
Bolwarra,VIC,3305,390
Invergordon,VIC,3636,390
Willow Tree,NSW,2339,389
Khancoban,NSW,2642,389
Windsor Downs,NSW,2756,389
Cudal,NSW,2864,389
Tinamba,VIC,3859,389
Tully Heads,QLD,4854,389
Penfield,SA,5121,389
Kanmantoo,SA,5252,389
Northwood,NSW,2066,388
Krambach,NSW,2429,388
Mogo,NSW,2536,388
Orient Point,NSW,2540,388
Whitton,NSW,2705,388
Moulamein,NSW,2733,388
Southbrook,QLD,4363,388
Moolboolaman,QLD,4671,388
Comboyne,NSW,2429,387
Moore,QLD,4314,387
Kinka Beach,QLD,4703,387
Wangan,QLD,4871,387
Geneva,NSW,2474,386
Boree Creek,NSW,2652,386
Lapstone,NSW,2773,386
Littleton,NSW,2790,386
Takura,QLD,4655,386
Salisbury South,SA,5106,386
Arakoon,NSW,2431,385
Leitchville,VIC,3567,385
Tawonga,VIC,3697,385
Valdora,QLD,4561,385
Burekup,WA,6227,385
Wickepin,WA,6370,385
Canberra Airport,ACT,2609,384
Natimuk,VIC,3409,384
Heathcote Junction,VIC,3758,384
Horse Camp,QLD,4671,384
Mount Egerton,VIC,3352,383
Willaura,VIC,3379,383
Cardross,VIC,3496,383
Port Welshpool,VIC,3965,383
Mahogany Creek,WA,6072,383
Naval Base,WA,6165,383
West Toodyay,WA,6566,383
Sulphur Creek,TAS,7316,383
Borroloola,NT,0854,382
Coolongolook,NSW,2423,382
Hallidays Point,NSW,2430,382
Macarthur,VIC,3286,382
Baringhup,VIC,3463,382
Applethorpe,QLD,4378,382
Woolmar,QLD,4515,382
Adventure Bay,TAS,7150,382
Tharbogang,NSW,2680,381
Moorabbin Airport,VIC,3194,381
Rupanyup,VIC,3388,381
Gunbower,VIC,3566,381
Mount Mee,QLD,4521,381
Cordalba,QLD,4660,381
Mount St John,QLD,4818,381
Summertown,SA,5141,381
Bexhill,NSW,2480,380
Moriac,VIC,3240,380
Leongatha South,VIC,3953,380
Pinjarra Hills,QLD,4069,380
Riverbend,QLD,4280,380
Clear Mountain,QLD,4500,380
Giru,QLD,4809,380
Willow Vale,NSW,2575,379
White Rock,QLD,4306,379
Kiels Mountain,QLD,4559,379
Warrenup,WA,6330,379
Surat,QLD,4417,378
Tingoora,QLD,4608,378
Captain Creek,QLD,4677,378
Hardwicke Bay,SA,5575,378
Macclesfield,VIC,3782,377
Cedar Creek,QLD,4520,377
Moorak,SA,5291,377
Ambleside,TAS,7310,377
Sancrox,NSW,2446,376
East Deep Creek,QLD,4570,376
Cambrai,SA,5353,376
Karratha,WA,6714,376
Hillwood,TAS,7252,376
Collombatti,NSW,2440,375
Talbingo,NSW,2720,375
Koah,QLD,4881,375
Kings Park,SA,5034,375
Tambellup,WA,6320,375
Blueys Beach,NSW,2428,374
Dolphin Point,NSW,2539,374
Sarsfield,VIC,3875,374
Harlin,QLD,4314,374
South Johnstone,QLD,4859,374
Onkaparinga Heights,SA,5163,374
Fern Tree,TAS,7054,374
Millingandi,NSW,2549,373
Thallon,QLD,4497,373
Cow Bay,QLD,4873,373
Pannawonica,WA,6716,373
Holgate,NSW,2250,372
Wimbledon Heights,VIC,3922,372
The Leap,QLD,4740,372
Repton,NSW,2454,371
Fountaindale,NSW,2258,370
Oaklands,NSW,2646,370
Hargraves,NSW,2850,370
Tullamore,NSW,2874,370
Wights Mountain,QLD,4520,370
Wooroolin,QLD,4608,370
Araluen,QLD,4570,369
Bloomfield,QLD,4895,369
Ross,TAS,7209,369
Bellbird Heights,NSW,2325,368
Delungra,NSW,2403,368
Woodenbong,NSW,2476,368
Glendale,QLD,4711,368
Second Valley,SA,5204,368
Bothwell,TAS,7030,368
Huntingfield,TAS,7055,368
Killingworth,NSW,2278,367
Cargo,NSW,2800,367
Glebe,TAS,7000,367
Kulnura,NSW,2250,366
Gilgai,NSW,2360,366
Yandaran,QLD,4673,366
Calen,QLD,4798,366
Nangwarry,SA,5277,366
Greenbushes,WA,6254,366
Gumly Gumly,NSW,2652,365
Blackbutt North,QLD,4314,365
Anketell,WA,6167,365
Koorda,WA,6475,365
Port Huon,TAS,7116,365
Bombira,NSW,2850,364
Forrest,VIC,3236,364
Tarpeena,SA,5277,364
Yippin Creek,NSW,2446,363
Dalveen,QLD,4374,363
Kogan,QLD,4406,363
Erakala,QLD,4740,363
Mundulla,SA,5270,363
Woodanilling,WA,6316,363
Lysterfield South,VIC,3156,362
Arthurs Seat,VIC,3936,362
Cecil Plains,QLD,4407,362
Eerwah Vale,QLD,4562,362
Jarvisfield,QLD,4807,362
Tambar Springs,NSW,2381,361
Bellata,NSW,2397,361
Nelligen,NSW,2536,361
Lockwood,VIC,3551,361
Avonsleigh,VIC,3782,361
Duaringa,QLD,4712,361
Marmong Point,NSW,2284,360
North Casino,NSW,2470,360
Oxley,VIC,3678,360
Jondaryan,QLD,4403,360
Breddan,QLD,4820,360
Marrakai,NT,0822,359
Southport,NT,0822,359
Patonga,NSW,2256,359
Currabubula,NSW,2342,359
Wirlinga,NSW,2640,359
Swifts Creek,VIC,3896,359
Yengarie,QLD,4650,359
Kioloa,NSW,2539,358
Alberton,QLD,4207,358
Belivah,QLD,4207,358
Tinaroo,QLD,4872,358
Clarendon,SA,5157,358
Marble Bar,WA,6760,358
South Burnie,TAS,7320,358
Nymagee,NSW,2831,357
Ebbw Vale,QLD,4304,357
Bollon,QLD,4488,357
Collingwood Heights,WA,6330,357
Mcdougalls Hill,NSW,2330,356
Werri Beach,NSW,2534,356
Sunderland Bay,VIC,3922,356
Isisford,QLD,4731,356
Heybridge,TAS,7316,356
Batchelor,NT,0845,355
Hinton,NSW,2321,355
Federal,NSW,2480,355
Michelago,ACT,2620,355
Dublin,SA,5501,355
Thompson Beach,SA,5501,355
Brogo,NSW,2550,354
Bigga,NSW,2583,354
Murrayville,VIC,3512,354
Alloway,QLD,4670,354
Lake Eacham,QLD,4884,354
Stratham,WA,6237,354
Richmond Hill,NSW,2480,353
Laidley North,QLD,4341,353
Watsonville,QLD,4887,353
Bowhill,SA,5238,353
Tenterden,WA,6322,353
Stokers Siding,NSW,2484,352
Gisborne South,VIC,3437,352
Darnum,VIC,3822,352
Wallumbilla North,QLD,4428,352
Tinana South,QLD,4650,352
Walker Flat,SA,5238,352
Curramulka,SA,5580,352
Glen Huon,TAS,7109,352
Don,TAS,7310,352
Darawank,NSW,2428,351
Caniaba,NSW,2480,351
Denistone West,NSW,2114,350
Mangrove Mountain,NSW,2250,350
Vale Of Clwydd,NSW,2790,350
Gooloogong,NSW,2805,350
Buchan,VIC,3885,350
Lakes Creek,QLD,4701,350
Karridale,WA,6288,350
Leinster,WA,6437,350
Kurrajong Hills,NSW,2758,349
Derrinallum,VIC,3325,349
Lake Bunga,VIC,3909,349
Castaways Beach,QLD,4567,349
Trebonne,QLD,4850,349
Seabird,WA,6042,349
Dromedary,TAS,7030,349
Dolphin Sands,TAS,7190,349
Rainbow Flat,NSW,2430,348
Kings Point,NSW,2539,348
Noosa North Shore,QLD,4565,348
Bullfinch,WA,6484,348
Fingal,TAS,7214,348
Wallagoot,NSW,2550,347
Spencer,NSW,2775,347
Hollands Landing,VIC,3862,347
Walkerville,VIC,3956,347
Woodwark,QLD,4802,347
Myrup,WA,6450,347
Wadeye,NT,0822,346
Mumbil,NSW,2820,346
Witheren,QLD,4275,346
Memerambi,QLD,4610,346
Kingston Park,SA,5049,346
Wallaroo Mines,SA,5554,346
Molesworth,TAS,7140,346
Cassilis,NSW,2329,345
Boyland,QLD,4275,345
Bohle,QLD,4818,345
Padthaway,SA,5271,345
Sedan,SA,5353,345
Collinsvale,TAS,7012,345
Whale Beach,NSW,2107,344
Invermay,VIC,3352,344
Hampden,QLD,4741,344
Goondi Hill,QLD,4860,344
Tarzali,QLD,4885,344
Dardanup,WA,6236,344
Green Point,NSW,2428,343
Brownsville,NSW,2530,343
Fishermans Paradise,NSW,2539,343
Thorpdale,VIC,3835,343
Howden,TAS,7054,343
Maloneys Beach,NSW,2536,342
Moonbah,NSW,2627,342
Yarramundi,NSW,2753,342
Maroota,NSW,2756,342
Weranga,QLD,4405,342
Ilkley,QLD,4554,342
Tanby,QLD,4703,342
Mukinbudin,WA,6479,342
Berrambool,NSW,2548,341
Carole Park,QLD,4300,341
Scotsdale,WA,6333,341
Coopernook,NSW,2426,340
Greenhill,NSW,2440,340
Tottenham,VIC,3012,340
Bakery Hill,VIC,3350,340
Murphys Creek,QLD,4352,340
Chevallum,QLD,4555,340
Cracow,QLD,4719,340
Croydon,QLD,4871,340
Norton Summit,SA,5136,340
Stockinbingal,NSW,2725,339
Kitchener,NSW,2325,338
Nyah,VIC,3594,338
Lindenow,VIC,3865,338
Lindenow South,VIC,3875,338
Top Camp,QLD,4350,338
Cape Burney,WA,6532,338
Whitemark,TAS,7255,338
Fassifern,NSW,2283,337
Swan Bay,NSW,2324,337
Chandlers Hill,SA,5159,337
Karawatha,QLD,4117,336
Prince Henry Heights,QLD,4350,336
Adavale,QLD,4474,336
Acacia Hills,NT,0822,335
Eppalock,VIC,3551,335
Summerholm,QLD,4341,335
Narrikup,WA,6326,335
Magra,TAS,7140,335
Smithtown,NSW,2440,334
Balaclava,NSW,2575,334
Delegate,NSW,2633,334
Newmerella,VIC,3886,334
Bajool,QLD,4699,334
Gravelly Beach,TAS,7276,334
Seville East,VIC,3139,333
Woodside,VIC,3874,333
Southend,SA,5280,333
Smoky Bay,SA,5680,333
Eagle Bay,WA,6281,333
Booral,NSW,2425,332
Beulah,VIC,3395,332
Tylden,VIC,3444,332
Kaimkillenbun,QLD,4406,332
Warra,QLD,4411,332
Taabinga,QLD,4610,332
Happy Valley,QLD,4825,332
Bingil Bay,QLD,4852,332
Nunderi,NSW,2484,331
Mirador,NSW,2548,331
Tallygaroopna,VIC,3634,331
Aratula,QLD,4309,331
Ballandean,QLD,4382,331
Meikleville Hill,QLD,4703,331
Lonesome Creek,QLD,4719,331
Kairi,QLD,4872,331
Farrell Flat,SA,5416,331
Neath,NSW,2326,330
Bendalong,NSW,2539,330
Ellis Lane,NSW,2570,330
Dolphin Heads,QLD,4740,330
Cooya Beach,QLD,4873,330
Iron Knob,SA,5611,330
Jerramungup,WA,6337,330
Aldavilla,NSW,2440,329
Campwin Beach,QLD,4737,329
Uraidla,SA,5142,329
Balgowan,SA,5573,329
Quoiba,TAS,7310,329
Gawler,TAS,7315,329
Wandiligong,VIC,3744,328
Yinnar South,VIC,3869,328
Woodside Beach,VIC,3874,328
Birdsville,QLD,4482,328
Acacia Hills,TAS,7306,328
Palmerston City,NT,0830,327
Pretty Beach,NSW,2257,327
Daruka,NSW,2340,327
Learmonth,VIC,3352,327
Welshpool,VIC,3966,327
Cannons Creek,VIC,3977,327
Hunchy,QLD,4555,327
Westwood,QLD,4702,327
Pormpuraaw,QLD,4892,327
Woodridge,WA,6041,327
Mole Creek,TAS,7304,327
Coolalinga,NT,0839,326
Greenleigh,ACT,2620,326
Gerogery,NSW,2642,326
Taromeo,QLD,4314,326
Hazeldean,QLD,4515,326
Wallaville,QLD,4671,326
Willow Grove,VIC,3825,325
Clagiraba,QLD,4211,325
Minnipa,SA,5654,325
Casuarina,WA,6167,325
Dardanup West,WA,6236,325
Kangaroo Gully,WA,6255,325
Kennett River,VIC,3234,324
Port Curtis,QLD,4700,324
Mcleans Ridges,NSW,2480,323
Mount Hunter,NSW,2570,323
Meandarra,QLD,4422,323
Keppel Sands,QLD,4702,323
Currency Creek,SA,5214,323
Allendale East,SA,5291,323
Berowra Waters,NSW,2082,322
Grose Wold,NSW,2753,322
Morts Estate,NSW,2790,322
Mighell,QLD,4860,322
Relbia,TAS,7258,322
Brooklyn,TAS,7320,322
Balmoral,NSW,2283,321
Ravenswood,NSW,2824,321
Hoddles Creek,VIC,3139,321
Biarra,QLD,4313,321
Sugarloaf,QLD,4380,321
Sandy Creek,QLD,4515,321
Draper,QLD,4520,321
Bororen,QLD,4678,321
Scottville,QLD,4804,321
Cungulla,QLD,4816,321
Fitzroy,SA,5082,321
Watervale,SA,5452,321
Cookernup,WA,6219,321
Bangalee,NSW,2541,320
Boya,WA,6056,320
Minyirr,WA,6725,320
Acton,ACT,2601,319
Karragarra Island,QLD,4184,319
Mount Hallen,QLD,4312,319
Wool Bay,SA,5575,319
Charlotte Bay,NSW,2428,318
Tyalgum,NSW,2484,318
Birdwoodton,VIC,3505,318
Grahamvale,VIC,3631,318
Merricks North,VIC,3926,318
Reesville,QLD,4552,318
Woongarra,QLD,4670,318
Bonnie Doon,QLD,4873,318
Biboohra,QLD,4880,318
Mile End South,SA,5031,318
Lipson,SA,5607,318
Lock,SA,5633,318
Lange,WA,6330,318
Southport,TAS,7109,318
Lyndhurst,NSW,2797,317
Lal Lal,VIC,3352,317
Great Western,VIC,3374,317
Taggerty,VIC,3714,317
Fredericksfield,QLD,4806,317
Forsayth,QLD,4871,317
Horn,QLD,4875,317
Bickley,WA,6076,317
Hyden,WA,6359,317
Doyalson North,NSW,2262,316
Tapitallee,NSW,2540,316
Stuart Town,NSW,2820,316
Deeral,QLD,4871,316
Maianbar,NSW,2230,315
Wyndham,NSW,2550,315
Linden,NSW,2778,315
Yabulu,QLD,4818,315
South Innisfail,QLD,4860,315
Lockhart River,QLD,4892,315
Peaceful Bay,WA,6333,315
Duri,NSW,2344,314
Upper Lansdowne,NSW,2430,314
South Bingera,QLD,4670,314
Corny Point,SA,5575,314
Ridgley,TAS,7321,314
Phillip Bay,NSW,2036,312
Windermere Park,NSW,2264,312
Run-o-waters,NSW,2580,312
Hay South,NSW,2711,312
Cumnock,NSW,2867,312
Simpson,VIC,3266,312
Milawa,VIC,3678,312
Maidenwell,QLD,4615,312
West Kalgoorlie,WA,6430,312
Portland West,VIC,3305,311
Lake Bolac,VIC,3351,311
Cooyar,QLD,4402,311
Walkamin,QLD,4872,311
Bredbo,NSW,2626,310
Gunalda,QLD,4570,310
Rottnest Island,WA,6161,310
South Guyra,NSW,2365,309
South Wharf,VIC,3006,309
Tarong,QLD,4615,309
Ob Flat,SA,5291,309
Beaumaris,TAS,7215,309
Minmi,NSW,2287,308
Pallamallawa,NSW,2399,308
Mitchells Island,NSW,2430,308
Victory Heights,QLD,4570,308
Moffatdale,QLD,4605,308
Island Beach,SA,5222,308
Tarlee,SA,5411,308
Telegraph Point,NSW,2441,307
Stanley Flat,SA,5453,307
Spalding,SA,5454,307
Woodbridge,TAS,7162,307
Blaxlands Ridge,NSW,2758,306
Sedgwick,VIC,3551,306
Girgarre,VIC,3624,306
Corbould Park,QLD,4551,306
Port Moorowie,SA,5576,306
Penong,SA,5690,306
Hovea,WA,6071,306
Bencubbin,WA,6477,306
Canyonleigh,NSW,2577,305
Murringo,NSW,2586,305
Strathbogie,VIC,3666,305
Airville,QLD,4807,305
Bennetts Green,NSW,2290,304
Morven,QLD,4468,304
Willows,QLD,4702,304
Barrine,QLD,4872,304
Carmel,WA,6076,304
Herron,WA,6211,304
Ansons Bay,TAS,7264,304
Dolans Bay,NSW,2229,303
Mulbring,NSW,2323,303
O'connell,NSW,2795,303
Windeyer,NSW,2850,303
Greendale,VIC,3341,303
Harrietville,VIC,3741,303
Kumbia,QLD,4610,303
Edinburgh,SA,5111,303
Brinkworth,SA,5464,303
Pickering Brook,WA,6076,303
Pontville,TAS,7030,303
Windella,NSW,2320,302
Badagarang,NSW,2540,302
Kentlyn,NSW,2560,302
Mandurang,VIC,3551,302
Closeburn,QLD,4520,302
Ball Bay,QLD,4741,302
Kingston On Murray,SA,5331,302
The Pines,SA,5577,302
Moorland,NSW,2443,301
Perthville,NSW,2795,301
Hampton,QLD,4352,301
Mothar Mountain,QLD,4570,301
Woodstock,QLD,4816,301
Carnarvon,WA,6701,301
Goolgowi,NSW,2652,300
Yarrabin,NSW,2850,300
Warneet,VIC,3980,300
Advancetown,QLD,4211,300
Preston,QLD,4352,300
East Nanango,QLD,4615,300
Wirrina Cove,SA,5204,300
Cremorne,TAS,7024,300
Red Rock,NSW,2456,299
Seelands,NSW,2460,299
Penrice,SA,5353,299
Mylestom,NSW,2454,298
Tintenbar,NSW,2478,298
Katamatite,VIC,3649,298
Dumbalk,VIC,3956,298
Placid Hills,QLD,4343,298
Booyal,QLD,4671,298
Evelyn,QLD,4888,298
Lenswood,SA,5240,298
Colebrook,TAS,7027,298
Awaba,NSW,2283,297
Horseshoe Bend,NSW,2320,297
Moogerah,QLD,4309,297
Carters Ridge,QLD,4563,297
Tansey,QLD,4601,297
Wolseley,SA,5269,297
Alonnah,TAS,7150,297
Dunalley,TAS,7177,297
Mcminns Lagoon,NT,0822,296
Cowan,NSW,2081,296
Duns Creek,NSW,2321,296
Jerrys Plains,NSW,2330,296
Cooks Gap,NSW,2850,296
Welshmans Reef,VIC,3462,296
Pratten,QLD,4370,296
Cullinane,QLD,4860,296
Mapoon,QLD,4874,296
White Sands,SA,5253,296
Dilston,TAS,7252,296
Conjola Park,NSW,2539,295
South Pambula,NSW,2549,295
Glenburn,VIC,3717,295
Jindivick,VIC,3818,295
Delan,QLD,4671,295
Bungundarra,QLD,4703,295
Oakenden,QLD,4741,295
Bemerside,QLD,4850,295
Allanson,WA,6225,295
Salmon Gums,WA,6445,295
Grove,TAS,7109,295
New Brighton,NSW,2483,294
Matong,NSW,2652,294
Wisemans Ferry,NSW,2775,294
Tooborac,VIC,3522,294
Whiteside,QLD,4503,294
Comet,QLD,4702,294
Kempton,TAS,7030,294
Loomberah,NSW,2340,293
Wherrol Flat,NSW,2429,293
Parkes,ACT,2600,293
Oaks Estate,ACT,2620,293
Quambatook,VIC,3540,293
Yarroweyah,VIC,3644,293
Kobble Creek,QLD,4520,293
Durong,QLD,4610,293
Cobdogla,SA,5346,293
Molloy Island,WA,6290,293
Willyung,WA,6330,293
Taylors Beach,QLD,4850,292
Cockatoo Valley,SA,5351,292
Naturaliste,WA,6281,292
Quedjinup,WA,6281,292
Nyabing,WA,6341,292
Perenjori,WA,6620,292
Swansea Heads,NSW,2281,291
Attunga,NSW,2345,291
Tomingley,NSW,2869,291
Hopetoun Park,VIC,3340,291
Bealiba,VIC,3475,291
Bethanga,VIC,3691,291
Yanakie,VIC,3960,291
Mount Nebo,QLD,4520,291
Marrar,NSW,2652,290
Colac East,VIC,3250,290
Tallegalla,QLD,4340,290
Miles End,QLD,4825,290
Waitpinga,SA,5211,290
Gibson,WA,6448,290
Tullah,TAS,7321,290
Kundabung,NSW,2441,289
White Cliffs,NSW,2836,289
Drumcondra,VIC,3215,289
South Dudley,VIC,3995,289
Robertstown,SA,5381,289
Lulworth,TAS,7252,289
Mullaway,NSW,2456,288
Minnie Water,NSW,2462,288
Mount Samson,QLD,4520,288
Majors Creek,QLD,4816,288
El Arish,QLD,4855,288
Nepean Bay,SA,5223,288
Tungkillo,SA,5236,288
East Gresford,NSW,2311,287
Quorrobolong,NSW,2325,287
Yanderra,NSW,2574,287
Yangan,QLD,4371,287
Ogmore,QLD,4706,287
Edinburgh North,SA,5113,287
Kudla,SA,5115,287
Carabooda,WA,6033,287
Punchbowl,TAS,7249,287
Beard,ACT,2620,286
South Maroota,NSW,2756,286
Bullengarook,VIC,3437,286
Tynong,VIC,3813,286
Mondure,QLD,4611,286
Wandering,WA,6308,286
Clifton Beach,TAS,7020,286
Arrawarra Headland,NSW,2456,285
Urbenville,NSW,2475,285
Main Arm,NSW,2482,285
Balberra,QLD,4740,285
Flying Fish Point,QLD,4860,285
Upper Barron,QLD,4883,285
Cabarita Beach,NSW,2488,284
Nelson,NSW,2765,284
Auldana,SA,5072,284
Inman Valley,SA,5211,284
Hallett,SA,5419,284
Georgetown,SA,5472,284
Hallsville,NSW,2340,283
Tanjil South,VIC,3825,283
Johnsonville,VIC,3902,283
Merricks Beach,VIC,3926,283
Ravensbourne,QLD,4352,283
Stanmore,QLD,4514,283
Karrabin,QLD,4306,282
Mount Tarampa,QLD,4311,282
South Isis,QLD,4660,282
Greenmount,QLD,4751,282
Lower Inman Valley,SA,5211,282
Redhill,SA,5521,282
West Swan,WA,6055,282
Gunbalanya,NT,0822,281
Binda,NSW,2583,281
Pomonal,VIC,3381,281
Katandra West,VIC,3634,281
Jeeralang Junction,VIC,3840,281
Kholo,QLD,4306,281
Heathpool,SA,5068,281
Charleston,SA,5244,281
Carroll,NSW,2340,280
Sutton Forest,NSW,2577,280
Cavendish,VIC,3314,280
Moyhu,VIC,3732,280
Veresdale Scrub,QLD,4285,280
Turkey Beach,QLD,4678,280
Rowland Flat,SA,5352,280
Karloo,WA,6530,280
Cue,WA,6640,280
Burrawang,NSW,2577,279
Forest Reefs,NSW,2798,279
Cluden,QLD,4811,279
Newell,QLD,4873,279
Eden Valley,SA,5235,279
Lyrup,SA,5343,279
Wangary,SA,5607,279
Pheasants Nest,NSW,2574,278
Crackenback,NSW,2627,278
Angus,NSW,2765,278
Branxholme,VIC,3302,278
Cann River,VIC,3890,278
Mount Ossa,QLD,4741,278
Alva,QLD,4807,278
Wilyabrup,WA,6280,278
Julimar,WA,6567,278
Brooms Head,NSW,2463,277
Yerong Creek,NSW,2642,277
Marcus Hill,VIC,3222,277
Goroke,VIC,3412,277
Guildford,VIC,3451,277
Hendon,QLD,4362,277
Bidwill,QLD,4650,277
Kabra,QLD,4702,277
Ryan,QLD,4825,277
Houghton,SA,5131,277
Narrung,SA,5259,277
Tickera,SA,5555,277
Parklands,WA,6180,277
Wesley Vale,TAS,7307,277
Sunshine,NSW,2264,276
Broken Head,NSW,2481,276
Neville,NSW,2799,276
Euabalong,NSW,2877,276
Gellibrand,VIC,3239,276
Bass,VIC,3991,276
Brooloo,QLD,4570,276
Mourilyan Harbour,QLD,4858,276
Finniss,SA,5255,276
Tolmans Hill,TAS,7007,276
Wedderburn,NSW,2560,275
White Rock,NSW,2795,275
West Bendigo,VIC,3550,275
Calvert,QLD,4340,275
Godwin Beach,QLD,4511,275
Rockleigh,SA,5254,275
Stockwell,SA,5355,275
Wivenhoe,TAS,7320,275
Burren Junction,NSW,2386,274
Koonwarra,VIC,3954,274
Hyams Beach,NSW,2540,273
Redesdale,VIC,3444,273
The Dawn,QLD,4570,273
Miallo,QLD,4873,273
Ashton,SA,5137,273
White Peak,WA,6532,273
Tindal,NT,0853,272
Kilgariff,NT,0873,272
Eumungerie,NSW,2822,272
Jacka,ACT,2914,272
Cottles Bridge,VIC,3099,272
Ebenezer,QLD,4340,272
Nymboida,NSW,2460,271
Tucabia,NSW,2462,271
Macnamara,ACT,2615,271
Breamlea,VIC,3227,271
Undera,VIC,3629,271
Wangaratta South,VIC,3678,271
Paluma,QLD,4816,271
Monjingup,WA,6450,271
Spring Beach,TAS,7190,271
Marlow Lagoon,NT,0830,270
Wyangala,NSW,2808,270
Newham,VIC,3442,270
Barkers Creek,VIC,3451,270
Manangatang,VIC,3546,270
Luscombe,QLD,4207,270
Meadowvale,QLD,4670,270
Otago,TAS,7017,270
Derby,TAS,7264,270
Crosslands,NSW,2446,269
Majors Creek,NSW,2622,269
Dalgety,NSW,2628,269
Spring Hill,NSW,2800,269
Congupna,VIC,3633,269
Goomboorian,QLD,4570,269
Golden Heights,SA,5322,269
Pine Creek,NT,0847,268
Wallendbeen,NSW,2588,268
Bridgewater On Loddon,VIC,3516,268
Dookie,VIC,3646,268
Toolangi,VIC,3777,268
Etty Bay,QLD,4858,268
Northcliffe,WA,6262,268
Tullibigeal,NSW,2669,267
Lower Macdonald,NSW,2775,267
Bushfield,VIC,3281,267
Balmoral,VIC,3407,267
Bamawm,VIC,3561,267
Bendoc,VIC,3888,267
Macknade,QLD,4850,267
Macdonald Park,SA,5121,267
Wellington,SA,5259,267
Stanford Merthyr,NSW,2327,266
Balmoral Village,NSW,2571,266
Collector,NSW,2581,266
Boneo,VIC,3939,266
Goranba,QLD,4421,266
Jerusalem,SA,5554,266
Mardella,WA,6125,266
Marvel Loch,WA,6426,266
Glengarry,TAS,7275,266
Bucca,NSW,2450,265
Modanville,NSW,2480,265
Lytton,QLD,4178,265
Basalt,QLD,4820,265
Paskeville,SA,5552,265
Tiddy Widdy Beach,SA,5571,265
Western Junction,TAS,7212,265
Grassy,TAS,7256,265
Hillsborough,NSW,2290,264
Marrangaroo,NSW,2790,264
Rockley,NSW,2795,264
Toorloo Arm,VIC,3909,264
Rathdowney,QLD,4287,264
The Summit,QLD,4377,264
Outer Harbor,SA,5018,264
Sellicks Hill,SA,5174,264
Oxford Falls,NSW,2100,263
Yattalunga,NSW,2251,263
Croudace Bay,NSW,2280,263
Elizabeth Beach,NSW,2428,263
Lidsdale,NSW,2790,263
Canbelego,NSW,2835,263
Glenthompson,VIC,3293,263
Wharparilla,VIC,3564,263
Pioneer Bay,VIC,3984,263
Deanmill,WA,6258,263
Gwabegar,NSW,2356,262
Palmers Island,NSW,2463,262
Yeoval,NSW,2868,262
Swan Bay,VIC,3225,262
Dartmoor,VIC,3304,262
Kinglake Central,VIC,3757,262
Benarkin North,QLD,4314,262
Upper Lockyer,QLD,4352,262
Mountain River,TAS,7109,262
Forest,TAS,7330,262
Hyland Park,NSW,2448,261
Newrybar,NSW,2479,261
Koorlong,VIC,3501,261
Traralgon South,VIC,3844,261
Traveston,QLD,4570,261
Mount Larcom,QLD,4695,261
Gregory River,QLD,4800,261
Koolunga,SA,5464,261
Tea Tree,TAS,7017,261
Mount George,NSW,2424,260
Bellbrook,NSW,2440,260
Lowanna,NSW,2450,260
Warrandyte South,VIC,3134,260
Muckleford,VIC,3451,260
Wolvi,QLD,4570,260
Mintaro,SA,5415,260
Ringarooma,TAS,7263,260
Phegans Bay,NSW,2256,259
Upper Horton,NSW,2347,259
Karangi,NSW,2450,259
Ladysmith,NSW,2652,259
Lockrose,QLD,4342,259
Aubigny,QLD,4401,259
Brigalow,QLD,4412,259
Samsonvale,QLD,4520,259
Raglan,QLD,4697,259
Jervois,SA,5259,259
Lunawanna,TAS,7150,259
Darlington,NSW,2330,258
Cabarita,VIC,3505,258
Ultima,VIC,3544,258
Meringandan,QLD,4352,258
Welcome Creek,QLD,4670,258
Roseneath,QLD,4811,258
Braemeadows,QLD,4850,258
Gracetown,WA,6284,258
Spring Ridge,NSW,2343,257
Weethalle,NSW,2669,257
Ironbark,QLD,4306,257
Degilbo,QLD,4621,257
Saunders Beach,QLD,4818,257
Cradoc,TAS,7109,257
Swan Bay,TAS,7252,257
Moore Park,NSW,2021,256
Curlwaa,NSW,2648,256
Tennyson,NSW,2754,256
Barmah,VIC,3639,256
Ellesmere,QLD,4610,256
Pinks Beach,SA,5275,256
Winkie,SA,5343,256
Rosny Park,TAS,7018,256
Larnook,NSW,2480,255
Mullumbimby Creek,NSW,2482,255
Yellingbo,VIC,3139,255
Newry,VIC,3859,255
Woongoolba,QLD,4207,255
Dulacca,QLD,4425,255
Point Arkwright,QLD,4573,255
Preston,QLD,4800,255
Goode Beach,WA,6330,255
Lower Boro,NSW,2580,254
Mandalay,QLD,4802,254
Taylorville,SA,5330,254
North Shields,SA,5607,254
Windy Harbour,WA,6262,254
Yallingup Siding,WA,6282,254
Home Island,OT,6799,254
Bracknell,TAS,7302,254
Wyong Creek,NSW,2259,253
Woolomin,NSW,2340,253
Central Tilba,NSW,2546,253
Mangoplah,NSW,2652,253
Hartley,NSW,2790,253
Collie,NSW,2827,253
Horrocks,WA,6535,253
Bar Point,NSW,2083,252
Dangar Island,NSW,2083,252
Black Mountain,NSW,2365,252
Gumma,NSW,2447,252
Enfield,VIC,3352,252
Moe South,VIC,3825,252
Owanyilla,QLD,4650,252
Inverness,QLD,4703,252
Webb,QLD,4860,252
Tacoma,NSW,2259,251
Hillgrove,NSW,2350,251
Quaama,NSW,2550,251
Noojee,VIC,3833,251
Walligan,QLD,4655,251
Green Fields,SA,5107,251
Stockport,SA,5410,251
Halbury,SA,5461,251
Stuart,NT,0870,250
Dalton,NSW,2581,250
Mitchell,NSW,2795,250
Rawson,VIC,3825,250
Lockyer Waters,QLD,4311,250
Federal,QLD,4568,250
Maaroom,QLD,4650,250
Coen,QLD,4892,250
Harrogate,SA,5244,250
Pingrup,WA,6343,250
Branxholm,TAS,7261,250
Adelaide River,NT,0846,249
Putty,NSW,2330,249
Newee Creek,NSW,2447,249
Ebor,NSW,2453,249
Numeralla,NSW,2630,249
Yarrawonga,NSW,2850,249
Deans Marsh,VIC,3235,249
Underbool,VIC,3509,249
Longlea,VIC,3551,249
Buffalo,VIC,3958,249
Mount Glorious,QLD,4520,249
Flaxman Valley,SA,5235,249
Mount Burr,SA,5279,249
Keyneton,SA,5353,249
Argyle,WA,6239,249
Sandy Point,NSW,2172,248
Wellcamp,QLD,4350,248
Mungar,QLD,4650,248
Farnborough,QLD,4703,248
Mount Julian,QLD,4800,248
Three Rivers,QLD,4824,248
Cherry Gardens,SA,5157,248
Coolup,WA,6214,248
Gladstone,NSW,2440,247
Rye Park,NSW,2586,247
Canobolas,NSW,2800,247
Cinnabar,QLD,4600,247
Gladstone Harbour,QLD,4680,247
Marree,SA,5733,247
Berry Park,NSW,2321,246
Drake,NSW,2469,246
South Gundurimba,NSW,2480,246
Yass River,NSW,2582,246
Irrewarra,VIC,3249,246
Linthorpe,QLD,4356,246
Pleystowe,QLD,4741,246
Coonawarra,SA,5263,246
Glenburnie,SA,5291,246
Renmark South,SA,5341,246
Yacka,SA,5470,246
Bankstown Aerodrome,NSW,2200,245
Barrington,NSW,2422,245
The Channon,NSW,2480,245
Wilsons Creek,NSW,2482,245
Towamba,NSW,2550,245
Oallen,NSW,2622,245
Barongarook,VIC,3249,245
Napoleons,VIC,3352,245
Bandiana,VIC,3691,245
Christmas Hills,VIC,3775,245
Osborne,QLD,4806,245
Barratta,QLD,4809,245
Paddys Green,QLD,4880,245
Condingup,WA,6450,245
Woy Woy Bay,NSW,2256,244
Doyalson,NSW,2262,244
Pillar Valley,NSW,2462,244
Tregeagle,NSW,2480,244
Wunghnu,VIC,3635,244
Jundah,QLD,4736,244
Coorong,SA,5264,244
Brandy Hill,NSW,2324,243
Copmanhurst,NSW,2460,243
Loftville,NSW,2480,243
Woodvale,VIC,3556,243
Thulimbah,QLD,4376,243
Macalister,QLD,4406,243
Torrens Creek,QLD,4816,243
Rosetown,SA,5275,243
Cooltong,SA,5341,243
East Arm,NT,0822,242
Waterfall,NSW,2233,242
Hexham,NSW,2322,242
Warral,NSW,2340,242
Harwood,NSW,2465,242
Smeaton,VIC,3364,242
Moyston,VIC,3377,242
Alberton,VIC,3971,242
Mckinlay,QLD,4823,242
Lady Barron,TAS,7255,242
La Perouse,NSW,2036,241
Kangaroo Point,NSW,2224,241
Lower Belford,NSW,2335,241
Severnlea,QLD,4380,241
Hodgson,QLD,4455,241
Ballogie,QLD,4610,241
North Motton,TAS,7315,241
Meroo Meadow,NSW,2540,240
Wallaroo,NSW,2618,240
Beelbangera,NSW,2680,240
Grattai,NSW,2850,240
Winya,QLD,4515,240
Bondoola,QLD,4703,240
Mount Molloy,QLD,4871,240
Badgingarra,WA,6521,240
Erina Heights,NSW,2260,239
Martinsville,NSW,2265,239
Quandialla,NSW,2721,239
Mirboo,VIC,3871,239
Helidon Spa,QLD,4344,239
Sladevale,QLD,4370,239
Black Hill,NSW,2322,238
Coorabell,NSW,2479,238
Araluen,NSW,2622,238
Panmure,VIC,3265,238
Ravenswood,VIC,3453,238
Daisy Hill,VIC,3465,238
Golden Gully,VIC,3555,238
Upper Plenty,VIC,3756,238
Wivenhoe Pocket,QLD,4306,238
South East Nanango,QLD,4615,238
Thornborough,QLD,4871,238
Murbko,SA,5320,238
Commissariat Point,SA,5700,238
Horsfield Bay,NSW,2256,237
Gravesend,NSW,2401,237
Johns River,NSW,2443,237
Ashby,NSW,2463,237
Pinbarren,QLD,4568,237
Dingo Beach,QLD,4800,237
Whitsundays,QLD,4802,237
Bedourie,QLD,4829,237
Popanyinning,WA,6309,237
Judbury,TAS,7109,237
Hardys Bay,NSW,2257,236
Cams Wharf,NSW,2281,236
Brocklehurst,NSW,2830,236
Cressy,VIC,3322,236
Walmer,VIC,3463,236
Thornton,VIC,3712,236
Merton,VIC,3715,236
Upper Tenthill,QLD,4343,236
Glastonbury,QLD,4570,236
Rendelsham,SA,5280,236
Dandaragan,WA,6507,236
Orielton,TAS,7172,236
Clarence Point,TAS,7270,236
Wagstaffe,NSW,2257,235
Tumbulgum,NSW,2490,235
Echuca Village,VIC,3564,235
Langsborough,VIC,3971,235
Rosevale,QLD,4340,235
Terara,NSW,2540,234
Carinda,NSW,2831,234
Goodooga,NSW,2838,234
Gladysdale,VIC,3797,234
Amiens,QLD,4380,234
Dululu,QLD,4702,234
Valentine Plains,QLD,4715,234
Blackrock,QLD,4850,234
Millendon,WA,6056,234
Porongurup,WA,6324,234
Greenough,WA,6532,234
South Spreyton,TAS,7310,234
Myola,NSW,2540,233
North Bourke,NSW,2840,233
Ilford,NSW,2850,233
Sawmill Settlement,VIC,3723,233
Mount Alford,QLD,4310,233
Millmerran Woods,QLD,4357,233
St Ruth,QLD,4405,233
The Gums,QLD,4406,233
Hivesville,QLD,4612,233
Yalboroo,QLD,4741,233
Penna,TAS,7171,233
Mooney Mooney,NSW,2083,232
Ardmona,VIC,3629,232
Waaia,VIC,3637,232
Mil-lel,SA,5291,232
Lagrange,WA,6725,232
Yirrkala,NT,0880,231
North Shore,NSW,2444,231
Murrami,NSW,2705,231
Mullion Creek,NSW,2800,231
Myers Flat,VIC,3556,231
Nanneella,VIC,3561,231
Piangil,VIC,3597,231
Callignee,VIC,3844,231
Maroondan,QLD,4671,231
Tiatukia,SA,5607,231
Adelaide Airport,SA,5950,231
Kangy Angy,NSW,2258,230
Elands,NSW,2429,230
Billinudgel,NSW,2483,230
Mount Rankin,NSW,2795,230
Carey Gully,SA,5144,230
Parham,SA,5501,230
Hamilton,TAS,7140,230
Carlton River,TAS,7173,230
Sidmouth,TAS,7270,230
Garah,NSW,2405,229
Wandandian,NSW,2540,229
Erica,VIC,3825,229
Mutdapilly,QLD,4307,229
Spring Creek,QLD,4361,229
Kybong,QLD,4570,229
Riordanvale,QLD,4800,229
Springfield,SA,5062,229
Mullingar,WA,6430,229
Coorow,WA,6515,229
Deviot,TAS,7275,229
Meander,TAS,7304,229
Duffys Forest,NSW,2084,228
Kirkham,NSW,2570,228
Theresa Park,NSW,2570,228
Middle Arm,NSW,2580,228
Currawarna,NSW,2650,228
Cardigan Village,VIC,3352,228
Taylor Bay,VIC,3713,228
Stanage,QLD,4702,228
Oak Valley,QLD,4811,228
Mosman Park,QLD,4820,228
Willunga South,SA,5172,228
Brownlow Ki,SA,5223,228
Price,SA,5570,228
Baskerville,WA,6056,228
Marbelup,WA,6330,228
Cossack,WA,6720,228
Stanley,VIC,3747,227
Buln Buln,VIC,3821,227
Gindie,QLD,4702,227
Pinnacle,QLD,4741,227
Donovans,SA,5291,227
Karlkurla,WA,6430,227
Roebuck,WA,6725,227
Underwood,TAS,7268,227
Elliott,NT,0862,226
Lanitza,NSW,2460,226
Rosebank,NSW,2480,226
Burrumbuttock,NSW,2642,226
Raywood,VIC,3570,226
Prenzlau,QLD,4311,226
Coolmunda,QLD,4387,226
Image Flat,QLD,4560,226
Cushnie,QLD,4608,226
Coonarr,QLD,4670,226
Colosseum,QLD,4677,226
Balnagowan,QLD,4740,226
Brukunga,SA,5252,226
Furner,SA,5280,226
Manoora,SA,5414,226
Tammin,WA,6409,226
Trayning,WA,6488,226
Ouse,TAS,7140,226
Mandalong,NSW,2264,225
Woodville,NSW,2321,225
Chilcotts Grass,NSW,2480,225
Morundah,NSW,2700,225
Wattamondara,NSW,2794,225
Woolsthorpe,VIC,3276,225
Merino,VIC,3310,225
Longwood,VIC,3665,225
Mount Taylor,VIC,3875,225
Stanwell,QLD,4702,225
Mowbray,QLD,4877,225
Booborowie,SA,5417,225
Pekina,SA,5431,225
Emu Point,WA,6330,225
Lymington,TAS,7109,225
Leith,TAS,7315,225
Galiwinku,NT,0822,224
Whittingham,NSW,2330,224
Old Junee,NSW,2652,224
Wakool,NSW,2710,224
Apsley,VIC,3319,224
Rokewood,VIC,3330,224
Nungurner,VIC,3909,224
Ducklo,QLD,4405,224
Tingun,QLD,4455,224
Wurdong Heights,QLD,4680,224
Hawkins Creek,QLD,4850,224
Innot Hot Springs,QLD,4872,224
Cape Jaffa,SA,5275,224
Point Boston,SA,5607,224
Nungarin,WA,6490,224
Sawyers Gully,NSW,2326,223
Newbridge,NSW,2795,223
Wattle Flat,NSW,2795,223
Orrvale,VIC,3631,223
Darraweit Guim,VIC,3756,223
Maryknoll,VIC,3812,223
Mount Kelly,QLD,4807,223
Eubenangee,QLD,4860,223
Masig Island,QLD,4875,223
Hatherleigh,SA,5280,223
Ambergate,WA,6280,223
Calingiri,WA,6569,223
Lower Snug,TAS,7054,223
Tugrah,TAS,7310,223
Lochiel,NSW,2549,222
Borenore,NSW,2800,222
Wandin East,VIC,3139,222
Felton,QLD,4358,222
Mount Jukes,QLD,4740,222
Victoria Plains,QLD,4751,222
Upper Haughton,QLD,4809,222
Forreston,SA,5233,222
East Seaham,NSW,2324,221
Ashley,NSW,2400,221
Wee Jasper,NSW,2582,221
Springrange,NSW,2618,221
Landsborough,VIC,3384,221
Good Night,QLD,4671,221
Prairie,QLD,4821,221
Globe Derby Park,SA,5110,221
Lochaber,SA,5271,221
Yalgoo,WA,6635,221
Bonnet Hill,TAS,7053,221
Weymouth,TAS,7252,221
Baan Baa,NSW,2390,220
Jaspers Brush,NSW,2535,220
Woodford,VIC,3281,220
Mia Mia,VIC,3444,220
Silver Spur,QLD,4385,220
Coverty,QLD,4613,220
Jambin,QLD,4702,220
Jubilee Heights,QLD,4860,220
Vivonne Bay,SA,5223,220
Armagh,SA,5453,220
Jigalong,WA,6753,220
Chullora,NSW,2190,219
Tintinhull,NSW,2352,219
Brookdale,NSW,2656,219
Oakey Park,NSW,2790,219
Kilmore East,VIC,3764,219
Nowa Nowa,VIC,3887,219
Stony Creek,VIC,3957,219
Umbiram,QLD,4352,219
Diamond Valley,QLD,4553,219
Camooweal,QLD,4828,219
Port Julia,SA,5580,219
Caragabal,NSW,2810,218
Beech Forest,VIC,3237,218
Wheatsheaf,VIC,3461,218
Mount Rascal,QLD,4350,218
Geham,QLD,4352,218
Ridgewood,QLD,4563,218
Homebush,QLD,4740,218
Inkerman,QLD,4806,218
Alford,SA,5555,218
Lucaston,TAS,7109,218
Glen Oak,NSW,2320,217
Bundabah,NSW,2324,217
Lakeside,QLD,4621,217
Mount Benson,SA,5275,217
Weeroona Island,SA,5495,217
Honeywood,TAS,7017,217
Dennes Point,TAS,7150,217
Martins Creek,NSW,2420,216
Taree South,NSW,2430,216
Grabben Gullen,NSW,2583,216
Megalong Valley,NSW,2785,216
Dixons Creek,VIC,3775,216
Glamorgan Vale,QLD,4306,216
Calavos,QLD,4670,216
Airdmillan,QLD,4807,216
Dalbeg,QLD,4807,216
Seventy Mile,QLD,4820,216
Parilla,SA,5303,216
Karragullen,WA,6111,216
Nunamara,TAS,7259,216
Livingstone,NT,0822,215
Knuckey Lagoon,NT,0828,215
Pinelands,NT,0829,215
Goonengerry,NSW,2482,215
Cowwarr,VIC,3857,215
Bayles,VIC,3981,215
Kumbarilla,QLD,4405,215
Hervey Range,QLD,4817,215
Kalkite,NSW,2627,214
Arthurs Creek,VIC,3099,214
Whorouly,VIC,3735,214
Nilma,VIC,3821,214
Forge Creek,VIC,3875,214
Bald Knob,QLD,4552,214
Baree,QLD,4714,214
Bolgart,WA,6568,214
Deep Bay,TAS,7112,214
Bungwahl,NSW,2423,213
Tyndale,NSW,2460,213
Wooloweyah,NSW,2464,213
Bogan Gate,NSW,2876,213
Burrumbeet,VIC,3352,213
Woomelang,VIC,3485,213
Merbein South,VIC,3505,213
Eldorado,VIC,3746,213
French Island,VIC,3921,213
Broadwater,QLD,4380,213
Byfield,QLD,4703,213
Toobanna,QLD,4850,213
Montacute,SA,5134,213
Venus Bay,SA,5607,213
Mangalore,TAS,7030,213
Nicholls Rivulet,TAS,7112,213
Eungai Creek,NSW,2441,212
Bilambil,NSW,2486,212
Coolagolite,NSW,2550,212
Myrniong,VIC,3341,212
Bellbridge,VIC,3691,212
Bena,VIC,3946,212
Walterhall,QLD,4714,212
Greenhill,SA,5140,212
West Pinjarra,WA,6208,212
Yarrawonga Park,NSW,2264,211
Manton,NSW,2582,211
Gunderman,NSW,2775,211
Woorinen South,VIC,3588,211
Picola,VIC,3639,211
Baddaginnie,VIC,3670,211
Tarrawingee,VIC,3678,211
Tuerong,VIC,3915,211
Linville,QLD,4314,211
Vale View,QLD,4352,211
St Helens Beach,QLD,4798,211
Mcdesme,QLD,4807,211
Arriga,QLD,4880,211
Paracombe,SA,5132,211
Nilgen,WA,6044,211
Falmouth,TAS,7215,211
Mooreville,TAS,7321,211
Crangan Bay,NSW,2259,210
Wootton,NSW,2423,210
Stanwell Tops,NSW,2508,210
Freshwater Creek,VIC,3217,210
Kerry,QLD,4285,210
Mount Pleasant,QLD,4521,210
Kulangoor,QLD,4560,210
Mount Maria,QLD,4674,210
Mundoora,SA,5555,210
Farina,SA,5731,210
Pipers River,TAS,7252,210
Sackville North,NSW,2756,209
Moggs Creek,VIC,3231,209
Kirkstall,VIC,3283,209
Veresdale,QLD,4285,209
Postmans Ridge,QLD,4352,209
Emu Bay,SA,5223,209
Hynam,SA,5262,209
Coulta,SA,5607,209
Burnside,WA,6285,209
Munglinup,WA,6450,209
Ellendale,TAS,7140,209
Gresford,NSW,2311,208
Spring Grove,NSW,2470,208
Duranbah,NSW,2487,208
Mystery Bay,NSW,2546,208
Lakesland,NSW,2572,208
Cooriemungle,VIC,3268,208
Mailors Flat,VIC,3275,208
Tresco,VIC,3583,208
East Greenmount,QLD,4359,208
Emu Vale,QLD,4371,208
Weyba Downs,QLD,4562,208
Gargett,QLD,4741,208
Carruchan,QLD,4816,208
Mount Isa,QLD,4825,208
East Trinity,QLD,4871,208
Penfield Gardens,SA,5121,208
Baudin Beach,SA,5222,208
Port Mannum,SA,5238,208
Bovell,WA,6280,208
Moonyoonooka,WA,6532,208
Electrona,TAS,7054,208
Saumarez Ponds,NSW,2350,207
Galong,NSW,2585,207
Clandulla,NSW,2848,207
Thornton,QLD,4341,207
Glencoe,QLD,4352,207
Windorah,QLD,4481,207
Rodds Bay,QLD,4678,207
Munno Para Downs,SA,5115,207
Fisher,SA,5354,207
Collingwood Park,WA,6330,207
Beacon,WA,6472,207
Nunile,WA,6566,207
Warialda Rail,NSW,2402,206
Dyers Crossing,NSW,2429,206
Bimbi,NSW,2810,206
Winslow,VIC,3281,206
Shelbourne,VIC,3515,206
Clonbinane,VIC,3658,206
Denison,VIC,3858,206
Bungadoo,QLD,4671,206
Callemondah,QLD,4680,206
Kianga,QLD,4718,206
Clairview,QLD,4741,206
Bramston Beach,QLD,4871,206
East Wardell,NSW,2477,205
Wombat,NSW,2587,205
Boompa,QLD,4621,205
O'connell,QLD,4680,205
Haliday Bay,QLD,4740,205
Selwyn,QLD,4824,205
Bellenden Ker,QLD,4871,205
Ashbourne,SA,5157,205
Tinderbox,TAS,7054,205
Taranna,TAS,7180,205
Congarinni North,NSW,2447,204
Pimlico,NSW,2478,204
Wyrallah,NSW,2480,204
Sofala,NSW,2795,204
Carlisle River,VIC,3239,204
Moonambel,VIC,3478,204
Neilborough,VIC,3570,204
Punyelroo,SA,5353,204
Appila,SA,5480,204
Karakin,WA,6044,204
Squeaking Point,TAS,7307,204
Pleasure Point,NSW,2172,203
Glenridding,NSW,2330,203
Fairy Hill,NSW,2470,203
Wombeyan Caves,NSW,2580,203
Murray Downs,NSW,2734,203
Rocksberg,QLD,4510,203
Dingo,QLD,4702,203
Devereux Creek,QLD,4753,203
Rita Island,QLD,4807,203
Humbug Scrub,SA,5114,203
Parkville,NSW,2337,202
Hawkesdale,VIC,3287,202
Tambo Upper,VIC,3885,202
Mount Beppo,QLD,4313,202
Eungella,QLD,4757,202
Caltowie,SA,5490,202
Pine Point,SA,5571,202
Bandy Creek,WA,6450,202
Narngulu,WA,6532,202
Clackline,WA,6564,202
Dundee Downs,NT,0840,201
Mataranka,NT,0852,201
Henley,NSW,2111,201
Camberwell,NSW,2330,201
Dungowan,NSW,2340,201
Somerton,NSW,2340,201
Pampoolah,NSW,2430,201
Rand,NSW,2642,201
Yambuk,VIC,3285,201
Gormandale,VIC,3873,201
Devon North,VIC,3971,201
Rifle Range,QLD,4311,201
Somerset Dam,QLD,4312,201
Brookstead,QLD,4364,201
Mount Schank,SA,5291,201
Saltwater River,TAS,7186,201
Ensay,VIC,3895,200
Lower Wonga,QLD,4570,200
Curtis Island,QLD,4680,200
Bracewell,QLD,4695,200
Adelaide Park,QLD,4703,200
Lannercost,QLD,4850,200
Bulgun,QLD,4854,200
Erub Island,QLD,4875,200
James Well,SA,5571,200
Jandabup,WA,6077,200
Uduc,WA,6220,200
Winnaleah,TAS,7265,200
Thalgarrah,NSW,2350,199
Swanhaven,NSW,2540,199
Spring Flat,NSW,2850,199
Lexton,VIC,3352,199
Fryerstown,VIC,3451,199
Whiteheads Creek,VIC,3660,199
Narbethong,VIC,3778,199
Nudgee Beach,QLD,4014,199
Mount Osmond,SA,5064,199
Ilparpa,NT,0873,198
Tallimba,NSW,2669,198
Stanbridge,NSW,2705,198
Meadow Flat,NSW,2795,198
Greenethorpe,NSW,2809,198
Cororooke,VIC,3254,198
Mount Mellum,QLD,4550,198
Gheerulla,QLD,4574,198
Lowmead,QLD,4676,198
Cudlee Creek,SA,5232,198
Wyomi,SA,5275,198
Lochiel,SA,5510,198
Elleker,WA,6330,198
Gardners Bay,TAS,7112,198
Allens Rivulet,TAS,7150,198
Rosevears,TAS,7277,198
Noonamah,NT,0837,197
Wingen,NSW,2337,197
Yarrowitch,NSW,2354,197
Fernmount,NSW,2454,197
St Albans,NSW,2775,197
Hermitage Flat,NSW,2790,197
Tooraweenah,NSW,2817,197
Yowah,QLD,4490,197
Mount Coolon,QLD,4804,197
Kalbeeba,SA,5118,197
Carrieton,SA,5432,197
Moonta Mines,SA,5558,197
Wilmot,TAS,7310,197
Belimbla Park,NSW,2570,196
Merungle Hill,NSW,2705,196
Wollar,NSW,2850,196
Gherang,VIC,3240,196
Dixalea,QLD,4702,196
Prospect,QLD,4715,196
Ironbank,SA,5153,196
Lower Light,SA,5501,196
Youngs Siding,WA,6330,196
Dumbarton,WA,6566,196
Gordon,TAS,7150,196
Bulga,NSW,2330,195
Angourie,NSW,2464,195
Wonboyn,NSW,2551,195
Oura,NSW,2650,195
Coolac,NSW,2727,195
Quambone,NSW,2831,195
Waubra,VIC,3352,195
Kiewa,VIC,3691,195
Moorina,QLD,4506,195
Mount Wilson,NSW,2786,194
Mount Panorama,NSW,2795,194
Lord Howe Island,NSW,2898,194
Drouin South,VIC,3818,194
Mcloughlins Beach,VIC,3874,194
Yugar,QLD,4520,194
Goodger,QLD,4610,194
Glan Devon,QLD,4615,194
Dotswood,QLD,4820,194
Yolla,TAS,7325,194
Carlsruhe,VIC,3442,193
Drillham,QLD,4424,193
Winfield,QLD,4670,193
Mingela,QLD,4816,193
Upper Hermitage,SA,5131,193
Warnertown,SA,5540,193
Newdegate,WA,6355,193
Stowport,TAS,7321,193
Yarramalong,NSW,2259,192
Jugiong,NSW,2726,192
Lue,NSW,2850,192
Durham Lead,VIC,3352,192
Tarnagulla,VIC,3551,192
Waranga Shores,VIC,3612,192
Yarck,VIC,3719,192
Labertouche,VIC,3816,192
Kooringal,QLD,4025,192
Mount Mort,QLD,4340,192
Laidley South,QLD,4341,192
Maxwelton,QLD,4822,192
Basket Range,SA,5138,192
Stake Hill,WA,6181,192
Kronkup,WA,6330,192
Lanena,TAS,7275,192
Elizabeth Town,TAS,7304,192
Boat Harbour,TAS,7321,192
Verges Creek,NSW,2440,191
Riverside,NSW,2444,191
Rock Valley,NSW,2480,191
Penrose,NSW,2579,191
North Wangaratta,VIC,3678,191
Barwite,VIC,3722,191
Hillside,VIC,3875,191
Lower Mount Walker,QLD,4340,191
Nerimbera,QLD,4701,191
Corfield,QLD,4733,191
Rockingham,QLD,4854,191
Kongorong,SA,5291,191
Marrabel,SA,5413,191
Torbay,WA,6330,191
Garden Island Creek,TAS,7112,191
Yorklea,NSW,2470,190
Koraleigh,NSW,2735,190
Girilambone,NSW,2831,190
Euchareena,NSW,2866,190
Tynong North,VIC,3813,190
Elbow Valley,QLD,4370,190
Greens Creek,QLD,4570,190
Rossville,QLD,4895,190
Gleniffer,NSW,2454,189
Bentley,NSW,2480,189
Jiggi,NSW,2480,189
High Range,NSW,2575,189
Tooleybuc,NSW,2736,189
Coomoora,VIC,3461,189
Huon Creek,VIC,3691,189
Jimbour East,QLD,4406,189
Crawford,QLD,4610,189
Mount Chalmers,QLD,4702,189
Eaton,NT,0820,188
Termeil,NSW,2539,188
Gregadoo,NSW,2650,188
Nangus,NSW,2722,188
Hawkesbury Heights,NSW,2777,188
Colac West,VIC,3250,188
Grassmere,VIC,3281,188
Dales Creek,VIC,3341,188
Clarkefield,VIC,3430,188
Amphitheatre,VIC,3468,188
Bearii,VIC,3641,188
Trafalgar East,VIC,3824,188
Little Mulgrave,QLD,4865,188
Blewitt Springs,SA,5171,188
Northern Heights,SA,5253,188
Foul Bay,SA,5577,188
Forest Grove,WA,6286,188
Ramingining,NT,0822,187
Yuendumu,NT,0872,187
Nerong,NSW,2423,187
Oxley Island,NSW,2430,187
Way Way,NSW,2447,187
Elland,NSW,2460,187
Boxers Creek,NSW,2580,187
Coimadai,VIC,3340,187
Kialla West,VIC,3631,187
Springhurst,VIC,3682,187
Bowenville,QLD,4404,187
Moola,QLD,4406,187
Dunmora,QLD,4650,187
Rolleston,QLD,4702,187
Joanna,SA,5271,187
Chaffey,SA,5341,187
North Bruny,TAS,7150,187
Naracoopa,TAS,7256,187
Caroona,NSW,2343,186
Redbank,NSW,2446,186
Potato Point,NSW,2545,186
Buckajo,NSW,2550,186
Hill End,NSW,2850,186
Wilby,VIC,3728,186
Haden,QLD,4353,186
Mount Tyson,QLD,4356,186
Towers Hill,QLD,4820,186
Kwinana Beach,WA,6167,186
Karoola,TAS,7267,186
Mallanganee,NSW,2469,185
Yelta,VIC,3505,185
Axe Creek,VIC,3551,185
Hilldene,VIC,3660,185
Dargo,VIC,3862,185
Teelah,QLD,4314,185
Pirrinuan,QLD,4405,185
North Deep Creek,QLD,4570,185
Runnymede,QLD,4615,185
Waterloo,QLD,4673,185
Woodbury,QLD,4703,185
Piccadilly,SA,5151,185
Oldbury,WA,6121,185
Kalannie,WA,6468,185
Bridgenorth,TAS,7277,185
Belmore River,NSW,2440,184
Otford,NSW,2508,184
Benandarah,NSW,2536,184
Congo,NSW,2537,184
Quialigo,NSW,2580,184
Noorat,VIC,3265,184
Argyle,VIC,3523,184
Drouin West,VIC,3818,184
Running Creek,QLD,4287,184
North Talwood,QLD,4496,184
Moodlu,QLD,4510,184
Gundiah,QLD,4650,184
Rubyanna,QLD,4670,184
Daradgee,QLD,4860,184
Diwan,QLD,4873,184
Palmer,SA,5237,184
Carpenter Rocks,SA,5291,184
Pukatja,NT,0872,183
Mount Vincent,NSW,2323,183
Glendon Brook,NSW,2330,183
Brayton,NSW,2579,183
Gundary,NSW,2580,183
Echuca West,VIC,3564,183
Jennings,QLD,4383,183
Stony Creek,QLD,4514,183
Gordonbrook,QLD,4610,183
Mcilwraith,QLD,4671,183
Kirup,WA,6251,183
Maydena,TAS,7140,183
Oyster Cove,TAS,7150,183
Eraring,NSW,2264,182
Lake Innes,NSW,2446,182
Cudgera Creek,NSW,2484,182
Dunbible,NSW,2484,182
Jervis Bay,NSW,2540,182
Ryanston,VIC,3992,182
Mount Kynoch,QLD,4350,182
Goomburra,QLD,4362,182
Mount Abundance,QLD,4455,182
Coolabunia,QLD,4610,182
Targinnie,QLD,4694,182
Japoonvale,QLD,4856,182
Elliott,TAS,7325,182
Rushforth,NSW,2460,181
Ashby Heights,NSW,2463,181
Bribbaree,NSW,2594,181
Hall,NSW,2618,181
Binjura,NSW,2630,181
Ettamogah,NSW,2640,181
Point Leo,VIC,3916,181
Cardinia,VIC,3978,181
Blenheim,QLD,4341,181
Cooranga,QLD,4408,181
Cedar Pocket,QLD,4570,181
Didcot,QLD,4621,181
Mona Park,QLD,4807,181
Tangorin,QLD,4821,181
Wildes Meadow,NSW,2577,180
Jeir,NSW,2582,180
Bombowlee,NSW,2720,180
Black Springs,NSW,2787,180
Drummond,VIC,3461,180
Macs Cove,VIC,3723,180
Charlton,QLD,4350,180
Mulgildie,QLD,4630,180
Yarwun,QLD,4694,180
Reid,SA,5118,180
Moculta,SA,5353,180
Grass Patch,WA,6446,180
Lambs Valley,NSW,2335,179
Premer,NSW,2381,179
Lake Bathurst,NSW,2580,179
Greendale,NSW,2745,179
Oaklands Junction,VIC,3063,179
The Gurdies,VIC,3984,179
Lake Clarendon,QLD,4343,179
Deuchar,QLD,4362,179
Kokotungo,QLD,4702,179
Forest Creek,QLD,4873,179
Avoca,TAS,7213,179
Hagley,TAS,7292,179
Kembla Grange,NSW,2526,178
Verona,NSW,2550,178
Lucknow,NSW,2800,178
Elong Elong,NSW,2831,178
Dooen,VIC,3401,178
Majorca,VIC,3465,178
Lancaster,VIC,3620,178
Strath Creek,VIC,3658,178
Isis Central,QLD,4660,178
Toomulla,QLD,4816,178
Feluga,QLD,4854,178
Warraber Islet,QLD,4875,178
Cowirra,SA,5238,178
Light Pass,SA,5355,178
Mount Bryan,SA,5418,178
Napier,WA,6330,178
North Plantations,WA,6701,178
Cedar Party,NSW,2429,177
South Arm,NSW,2449,177
East Coraki,NSW,2471,177
Durras North,NSW,2536,177
Shanes Park,NSW,2747,177
Terramungamine,NSW,2830,177
Stubbo,NSW,2852,177
Barwon Downs,VIC,3243,177
Balliang,VIC,3340,177
Boisdale,VIC,3860,177
Mount Forbes,QLD,4340,177
Mount Archer,QLD,4514,177
Balmoral Ridge,QLD,4552,177
Marmor,QLD,4702,177
East Feluga,QLD,4854,177
Silky Oak,QLD,4854,177
Coconuts,QLD,4860,177
Sandy Creek,SA,5350,177
Williamstown,WA,6430,177
Ocean Vista,TAS,7320,177
Mount Hicks,TAS,7325,177
Byabarra,NSW,2446,176
Corndale,NSW,2480,176
Monaltrie,NSW,2480,176
Cunjurong Point,NSW,2539,176
Foster North,VIC,3960,176
Clumber,QLD,4309,176
Lower Tenthill,QLD,4343,176
Moonie,QLD,4406,176
Highworth,QLD,4560,176
Canina,QLD,4570,176
Seventeen Seventy,QLD,4677,176
Upper Stone,QLD,4850,176
Lakeland,QLD,4871,176
Hopeland,WA,6125,176
Firefly,NSW,2429,175
Congarinni,NSW,2447,175
Wrights Beach,NSW,2540,175
Kingsvale,NSW,2587,175
Nashdale,NSW,2800,175
Bonegilla,VIC,3691,175
Fernbank,VIC,3864,175
Merricks,VIC,3916,175
Wattle Bank,VIC,3995,175
Wolffdene,QLD,4207,175
Horton,QLD,4660,175
Moorland,QLD,4670,175
Eight Mile Creek,SA,5291,175
Moorook,SA,5332,175
Coningham,TAS,7054,175
Leslie Vale,TAS,7054,175
Lake Bennett,NT,0822,174
Breeza,NSW,2381,174
Alstonvale,NSW,2477,174
Koonorigan,NSW,2480,174
Tarraganda,NSW,2550,174
Humula,NSW,2652,174
Avalon,VIC,3212,174
Tarrington,VIC,3301,174
Lyonville,VIC,3461,174
Glenmorgan,QLD,4423,174
Sheep Station Creek,QLD,4515,174
Morganville,QLD,4671,174
Sarina Range,QLD,4737,174
Mount Charlton,QLD,4741,174
Cordelia,QLD,4850,174
Forest Range,SA,5139,174
Ceduna Waters,SA,5690,174
Hope Valley,WA,6165,174
Picton,WA,6229,174
Dinninup,WA,6244,174
Sassafras,TAS,7307,174
Holtze,NT,0829,173
Kooragang,NSW,2304,173
Torrington,NSW,2371,173
Coopers Shoot,NSW,2479,173
Lake Hume Village,VIC,3691,173
Mitta Mitta,VIC,3701,173
Ransome,QLD,4154,173
King Scrub,QLD,4521,173
Booroobin,QLD,4552,173
Boondooma,QLD,4613,173
Euleilah,QLD,4674,173
Uleybury,SA,5114,173
Rhynie,SA,5412,173
Mullaquana,SA,5608,173
Metricup,WA,6280,173
Lansdowne,NT,0850,172
Gundy,NSW,2337,172
Eureka,NSW,2480,172
Hermidale,NSW,2831,172
Capertee,NSW,2846,172
Maindample,VIC,3723,172
Nerrena,VIC,3953,172
Biddeston,QLD,4401,172
Coppabella,QLD,4741,172
Mount Martin,QLD,4754,172
Akaroa,TAS,7216,172
Gapuwiyak,NT,0880,171
Millers Forest,NSW,2324,171
Kinchela,NSW,2440,171
Ellangowan,NSW,2470,171
Nethercote,NSW,2549,171
The Slopes,NSW,2754,171
Colo Heights,NSW,2756,171
Tatong,VIC,3673,171
Cudgewa,VIC,3705,171
Goorambat,VIC,3725,171
Smiths Gully,VIC,3760,171
Warrill View,QLD,4307,171
Anduramba,QLD,4355,171
Freestone,QLD,4370,171
Tuan,QLD,4650,171
West Stowe,QLD,4680,171
East Palmerston,QLD,4860,171
Einasleigh,QLD,4871,171
Inglewood,SA,5133,171
Caloote,SA,5254,171
Monarto South,SA,5254,171
Quinninup,WA,6258,171
Prevelly,WA,6285,171
Rossarden,TAS,7213,171
Condong,NSW,2484,170
Englorie Park,NSW,2560,170
Cullen Bullen,NSW,2790,170
Yapeen,VIC,3451,170
Killawarra,VIC,3678,170
Eskdale,VIC,3701,170
Wonglepong,QLD,4275,170
Bullyard,QLD,4671,170
Pink Lily,QLD,4702,170
Te Kowai,QLD,4740,170
Sugarloaf,QLD,4800,170
Kynuna,QLD,4823,170
Jarra Creek,QLD,4854,170
Barron,QLD,4878,170
East Barron,QLD,4883,170
Whites Valley,SA,5172,170
Blinman,SA,5730,170
Crooked Brook,WA,6236,170
Dale,WA,6304,170
Burrell Creek,NSW,2429,169
Crabbes Creek,NSW,2483,169
Minto Heights,NSW,2566,169
Mount Fairy,NSW,2580,169
Darbys Falls,NSW,2793,169
Warrion,VIC,3249,169
Yandoit,VIC,3461,169
Colbinabbin,VIC,3559,169
Wangandary,VIC,3678,169
Wooragee,VIC,3747,169
Pheasant Creek,VIC,3757,169
Tenby Point,VIC,3984,169
Woolamai,VIC,3995,169
Blackbutt South,QLD,4314,169
Bungil,QLD,4455,169
Orallo,QLD,4455,169
Teddington,QLD,4650,169
Utchee Creek,QLD,4871,169
Mingbool,SA,5291,169
Arthurton,SA,5572,169
Verona Sands,TAS,7112,169
Middleton,TAS,7163,169
Lajamanu,NT,0852,168
Hermannsburg,NT,0872,168
Rocky River,NSW,2358,168
Monteagle,NSW,2594,168
Anglers Reach,NSW,2629,168
Eurunderee,NSW,2850,168
Shelford,VIC,3329,168
Pine Lodge,VIC,3631,168
Walwa,VIC,3709,168
Hmas Cerberus,VIC,3920,168
Catani,VIC,3981,168
Buaraba,QLD,4311,168
Pozieres,QLD,4352,168
Villeneuve,QLD,4514,168
Wilkesdale,QLD,4608,168
Gaeta,QLD,4671,168
Carmoo,QLD,4852,168
Kelso,TAS,7270,168
Bookham,NSW,2582,167
Tallawang,NSW,2852,167
Killarney,VIC,3283,167
Harrow,VIC,3317,167
Torrumbarry,VIC,3562,167
Croftby,QLD,4310,167
Greenlands,QLD,4380,167
Pelican Point,SA,5291,167
Rocky Gully,WA,6397,167
Boat Harbour Beach,TAS,7321,167
Ilarwill,NSW,2463,166
Doonbah,NSW,2473,166
Bomen,NSW,2650,166
Tarana,NSW,2787,166
South Littleton,NSW,2790,166
Louth,NSW,2840,166
Harcourt North,VIC,3453,166
Outtrim,VIC,3951,166
Bungeworgorai,QLD,4455,166
Mount Kilcoy,QLD,4515,166
Perwillowen,QLD,4560,166
Isla,QLD,4719,166
Hoyleton,SA,5453,166
Korunye,SA,5502,166
Limeburners Creek,NSW,2324,165
Sandy Hollow,NSW,2333,165
Red Range,NSW,2370,165
New Italy,NSW,2472,165
Splitters Creek,NSW,2640,165
Humevale,VIC,3757,165
Mount Colliery,QLD,4370,165
Royston,QLD,4515,165
Obi Obi,QLD,4574,165
Woowoonga,QLD,4621,165
Round Hill,QLD,4677,165
Ambrose,QLD,4695,165
Highland Valley,SA,5255,165
Lake Leake,TAS,7210,165
Blackwall,TAS,7275,165
Santa Teresa,NT,0872,164
Liston,NSW,2372,164
Woodford Island,NSW,2463,164
Swan Bay,NSW,2471,164
Carrathool,NSW,2711,164
Rydal,NSW,2790,164
Blampied,VIC,3364,164
Mandurang South,VIC,3551,164
Talgarno,VIC,3691,164
Moonford,QLD,4630,164
Wooderson,QLD,4680,164
Racecourse,QLD,4740,164
Bambaroo,QLD,4850,164
Injinoo,QLD,4876,164
Coromandel East,SA,5157,164
Totness,SA,5250,164
Kanyaka,SA,5434,164
Keysbrook,WA,6126,164
Hamel,WA,6215,164
Marybrook,WA,6280,164
Brownlow Hill,NSW,2570,163
Woomargama,NSW,2644,163
Moorong,NSW,2650,163
Princetown,VIC,3269,163
Caramut,VIC,3274,163
Cape Bridgewater,VIC,3305,163
Korong Vale,VIC,3520,163
Cawdor,QLD,4352,163
Peranga,QLD,4352,163
Wieambilla,QLD,4413,163
Toobeah,QLD,4498,163
Gumlu,QLD,4805,163
Ellerbeck,QLD,4816,163
Mayanup,WA,6244,163
Tarleton,TAS,7310,163
Linley Point,NSW,2066,162
Little Wobby,NSW,2256,162
Tarbuck Bay,NSW,2428,162
Legume,NSW,2476,162
Balldale,NSW,2646,162
The Lagoon,NSW,2795,162
Trunkey Creek,NSW,2795,162
Barongarook West,VIC,3249,162
Brim,VIC,3391,162
Quantong,VIC,3401,162
Whitfield,VIC,3733,162
Noorindoo,QLD,4417,162
Laceys Creek,QLD,4521,162
Oakwood,QLD,4670,162
Tungamull,QLD,4702,162
Monbulla,SA,5277,162
Hamilton,SA,5373,162
Point Samson,WA,6720,162
Swan Point,TAS,7275,162
Devon Hills,TAS,7300,162
Bynoe,NT,0822,161
Lambells Lagoon,NT,0822,161
Stroud Road,NSW,2415,161
Wards River,NSW,2422,161
Upper Burringbar,NSW,2483,161
Irrewillipe,VIC,3249,161
Merrimu,VIC,3340,161
Raglan,VIC,3373,161
Newbridge,VIC,3551,161
Maroon,QLD,4310,161
Coringa,QLD,4621,161
Mundoo,QLD,4860,161
Pin Gin Hill,QLD,4860,161
Rosa Brook,WA,6285,161
Claude Road,TAS,7306,161
Riana,TAS,7316,161
Rocky Cape,TAS,7321,161
Quipolly,NSW,2343,160
Eungai Rail,NSW,2441,160
Halfway Creek,NSW,2460,160
Eltham,NSW,2480,160
Nobbys Creek,NSW,2484,160
Bannaby,NSW,2580,160
Nericon,NSW,2680,160
Drummond North,VIC,3446,160
Narre Warren East,VIC,3804,160
Roadvale,QLD,4310,160
Armstrong Creek,QLD,4520,160
Bridges,QLD,4561,160
Keriri Island,QLD,4875,160
Wirrulla,SA,5661,160
Irishtown,TAS,7330,160
Limpinwood,NSW,2484,159
Smiths Creek,NSW,2484,159
Wantabadgery,NSW,2650,159
Bowenvale,VIC,3465,159
Bunbartha,VIC,3634,159
Pine Creek,QLD,4670,159
Gregory,QLD,4830,159
Mena Creek,QLD,4871,159
Murtho,SA,5340,159
Kukerin,WA,6352,159
Glencoe,NSW,2365,158
Ulong,NSW,2450,158
Piggabeen,NSW,2486,158
Bend Of Islands,VIC,3097,158
Lavers Hill,VIC,3238,158
Yan Yean,VIC,3755,158
Sherbrooke,VIC,3789,158
Junabee,QLD,4370,158
Acland,QLD,4401,158
Irvingdale,QLD,4404,158
Kalpowar,QLD,4630,158
Cape Cleveland,QLD,4810,158
Whyanbeel,QLD,4873,158
Sceale Bay,SA,5680,158
Karlgarin,WA,6358,158
Boodarie,WA,6722,158
Camballin,WA,6728,158
Bucketty,NSW,2250,157
Ulamambri,NSW,2357,157
Yetman,NSW,2410,157
Missabotti,NSW,2449,157
Parkesbourne,NSW,2580,157
Rankins Springs,NSW,2669,157
Burraga,NSW,2795,157
Bellarine,VIC,3223,157
Walpeup,VIC,3507,157
Murrabit,VIC,3579,157
Indigo Valley,VIC,3688,157
Clematis,VIC,3782,157
Trafalgar South,VIC,3824,157
Cooloolabin,QLD,4560,157
Iama Island,QLD,4875,157
Skye,SA,5072,157
Moorook South,SA,5332,157
Darke Peak,SA,5642,157
Rudall,SA,5642,157
Bejoording,WA,6566,157
Pithara,WA,6608,157
South Bruny,TAS,7150,157
Ali Curung,NT,0872,156
Abernethy,NSW,2325,156
Clothiers Creek,NSW,2484,156
Bald Hills,NSW,2549,156
Springside,NSW,2800,156
Nevertire,NSW,2826,156
Glen Davis,NSW,2846,156
Turill,NSW,2850,156
Patchewollock,VIC,3491,156
Buffalo River,VIC,3737,156
Kongwak,VIC,3951,156
Norwell,QLD,4208,156
Hebel,QLD,4486,156
Burrum River,QLD,4659,156
Lake Barrine,QLD,4884,156
Middlesex,WA,6258,156
Minimbah,NSW,2312,155
Woolbrook,NSW,2354,155
Bunyah,NSW,2429,155
Meerschaum Vale,NSW,2477,155
Bethungra,NSW,2590,155
Hampton,NSW,2790,155
Running Stream,NSW,2850,155
Toolleen,VIC,3551,155
Koyuga,VIC,3622,155
Koonoomoo,VIC,3644,155
St James,VIC,3727,155
Steels Creek,VIC,3775,155
Hernes Oak,VIC,3825,155
Mardan,VIC,3953,155
Munbilla,QLD,4309,155
Crossdale,QLD,4312,155
Ramsay,QLD,4358,155
Wellesley,QLD,4417,155
Bilyana,QLD,4854,155
Topaz,QLD,4885,155
Wistow,SA,5251,155
Highbury,WA,6313,155
Ballidu,WA,6606,155
Tunnack,TAS,7120,155
Mount White,NSW,2250,154
Silverwater,NSW,2264,154
Buchanan,NSW,2323,154
Bunnan,NSW,2337,154
Winton,NSW,2344,154
Thora,NSW,2454,154
Pumpenbil,NSW,2484,154
Kawarren,VIC,3249,154
Colignan,VIC,3494,154
Kiamba,QLD,4560,154
Crystal Brook,QLD,4800,154
Wujal Wujal,QLD,4895,154
Woods Point,SA,5253,154
Tooperang,SA,5255,154
Oodnadatta,SA,5734,154
Shackleton,WA,6386,154
Hellyer,TAS,7321,154
Barunga,NT,0852,153
Nelsons Plains,NSW,2324,153
Middle Brook,NSW,2337,153
Boomi,NSW,2405,153
Cawdor,NSW,2570,153
Fitzroy Falls,NSW,2577,153
Lidster,NSW,2800,153
Berriwillock,VIC,3531,153
Emu Creek,VIC,3551,153
Narracan,VIC,3824,153
Bemm River,VIC,3889,153
Spring Creek,QLD,4343,153
Paterson,QLD,4570,153
Bartle Frere,QLD,4861,153
Wrights Creek,QLD,4869,153
Willyaroo,SA,5255,153
Lucky Bay,SA,5602,153
Warramboo,SA,5650,153
Oakhampton,NSW,2320,152
North Star,NSW,2408,152
Lorne,NSW,2439,152
Tatham,NSW,2471,152
Polo Flat,NSW,2630,152
Binya,NSW,2665,152
Yetholme,NSW,2795,152
Ulan,NSW,2850,152
Woodend North,VIC,3442,152
Sunday Creek,VIC,3658,152
Yannathan,VIC,3981,152
Austinville,QLD,4213,152
Clarendon,QLD,4311,152
Miara,QLD,4673,152
Tumoulin,QLD,4888,152
Tarcowie,SA,5431,152
Sevenhill,SA,5453,152
Walkaway,WA,6528,152
Pelverata,TAS,7150,152
Great Mackerel Beach,NSW,2108,151
Halls Creek,NSW,2346,151
Stratford,NSW,2422,151
Glenugie,NSW,2460,151
Scarborough,NSW,2515,151
Blairmount,NSW,2559,151
Tirrannaville,NSW,2580,151
Beverford,VIC,3590,151
Medindie Gardens,SA,5081,151
Verdun,SA,5245,151
Cannawigara,SA,5268,151
Sandfly,TAS,7150,151
Moonan Flat,NSW,2337,150
Hillville,NSW,2430,150
Kalang,NSW,2454,150
Dirty Creek,NSW,2456,150
Currawang,NSW,2580,150
Wyuna,VIC,3620,150
Hazelwood South,VIC,3840,150
Waratah Bay,VIC,3959,150
Booubyjan,QLD,4601,150
Inverlaw,QLD,4610,150
Lawgi Dawes,QLD,4716,150
Haines,SA,5223,150
Picton East,WA,6229,150
North Boyanup,WA,6237,150
Eggs And Bacon Bay,TAS,7112,150
Congewai,NSW,2325,149
Killabakh,NSW,2429,149
Dundurrabin,NSW,2453,149
Lindendale,NSW,2480,149
Tumblong,NSW,2729,149
Purnim,VIC,3278,149
Serpentine,VIC,3517,149
Miepoll,VIC,3666,149
Laceby,VIC,3678,149
Staghorn Flat,VIC,3691,149
Devenish,VIC,3726,149
Colinton,QLD,4314,149
Baffle Creek,QLD,4674,149
Palmyra,QLD,4751,149
Hull Heads,QLD,4854,149
Poruma Island,QLD,4875,149
Frances,SA,5262,149
Wilburville,TAS,7030,149
Koonya,TAS,7187,149
Clybucca,NSW,2440,148
Wanaaring,NSW,2840,148
Fifield,NSW,2875,148
Gnarwarre,VIC,3221,148
Larpent,VIC,3249,148
Elmhurst,VIC,3469,148
Highlands,VIC,3660,148
Gooram,VIC,3666,148
Bromelton,QLD,4285,148
Eukey,QLD,4380,148
Struck Oil,QLD,4714,148
Bolivar,SA,5110,148
Bradbury,SA,5153,148
Blakiston,SA,5250,148
Peake,SA,5301,148
Bookpurnong,SA,5333,148
Dutton,SA,5356,148
Ungarra,SA,5607,148
Anmatjere,NT,0872,147
Blandford,NSW,2338,147
Brierfield,NSW,2454,147
Mount Burrell,NSW,2484,147
Coolangatta,NSW,2535,147
Burrangong,NSW,2594,147
Myall Park,NSW,2681,147
Kanimbla,NSW,2790,147
Peel,NSW,2795,147
Goolma,NSW,2852,147
Elaine,VIC,3334,147
Lemnos,VIC,3631,147
Nambrok,VIC,3847,147
Mount Marshall,QLD,4362,147
Swanfels,QLD,4371,147
Whetstone,QLD,4387,147
Hannaford,QLD,4406,147
Eromanga,QLD,4480,147
East End,QLD,4695,147
Kennedy,QLD,4816,147
Long Pocket,QLD,4850,147
Jaggan,QLD,4885,147
Parafield,SA,5106,147
Yongala,SA,5493,147
Bowmans,SA,5550,147
Jalbarragup,WA,6275,147
Crabtree,TAS,7109,147
Bradys Lake,TAS,7140,147
Little Swanport,TAS,7190,147
Niangala,NSW,2354,146
North Dorrigo,NSW,2453,146
Bibbenluke,NSW,2632,146
Clarence,NSW,2790,146
Budgee Budgee,NSW,2850,146
Albert,NSW,2873,146
Sunset Strip,NSW,2879,146
Tibooburra,NSW,2880,146
Illowa,VIC,3282,146
Faraday,VIC,3451,146
Tallangatta Valley,VIC,3701,146
Tirroan,QLD,4671,146
Alpurrurulam,QLD,4825,146
Reedy Creek,SA,5275,146
Ferguson,WA,6236,146
Kayena,TAS,7270,146
Metz,NSW,2350,145
Temagog,NSW,2440,145
Deer Vale,NSW,2453,145
Baw Baw,NSW,2580,145
Merriwagga,NSW,2652,145
Leadville,NSW,2844,145
Modewarre,VIC,3240,145
Mount Rowan,VIC,3352,145
Metcalfe,VIC,3448,145
Powelltown,VIC,3797,145
Palen Creek,QLD,4287,145
Wanora,QLD,4306,145
Redbank Creek,QLD,4312,145
Mulgowie,QLD,4341,145
Ellangowan,QLD,4361,145
Towen Mountain,QLD,4560,145
Sandy Ridges,QLD,4615,145
Helens Hill,QLD,4850,145
Nerada,QLD,4860,145
Yatala Vale,SA,5126,145
Delamere,SA,5204,145
Woodchester,SA,5255,145
Blackfellows Caves,SA,5291,145
Nelshaby,SA,5540,145
Port Kenny,SA,5671,145
Denial Bay,SA,5690,145
Copley,SA,5732,145
Wokalup,WA,6221,145
East Pingelly,WA,6308,145
North West Cape,WA,6707,145
Mount Rumney,TAS,7170,145
Mathinna,TAS,7214,145
Beechford,TAS,7252,145
Muscle Creek,NSW,2333,144
Blackville,NSW,2343,144
Glenthorne,NSW,2430,144
Curban,NSW,2827,144
Enngonia,NSW,2840,144
Tannymorel,QLD,4372,144
Coowonga,QLD,4702,144
Gogango,QLD,4702,144
Murray Upper,QLD,4854,144
Caurnamont,SA,5238,144
Flinders Ranges,SA,5434,144
Redbanks,SA,5502,144
Yaninee,SA,5653,144
Dysart,TAS,7030,144
Aberdeen,TAS,7310,144
Wollomombi,NSW,2350,143
Barry,NSW,2799,143
Bungaree,VIC,3352,143
Dunnstown,VIC,3352,143
Dartmouth,VIC,3701,143
Howqua Inlet,VIC,3723,143
Nilma North,VIC,3821,143
North Stradbroke Island,QLD,4183,143
Ringtail Creek,QLD,4565,143
Kidaman Creek,QLD,4574,143
Wonbah,QLD,4671,143
Kunwarara,QLD,4702,143
Mutarnee,QLD,4816,143
Kuitpo,SA,5201,143
Back Valley,SA,5211,143
Avenue Range,SA,5273,143
Wandilo,SA,5291,143
Eurelia,SA,5431,143
Wungong,WA,6112,143
Edith,NT,0852,142
Peats Ridge,NSW,2250,142
Coolatai,NSW,2402,142
Hernani,NSW,2453,142
Glenquarry,NSW,2576,142
Frogmore,NSW,2586,142
Mckellars Park,NSW,2790,142
Watchem,VIC,3482,142
Kyvalley,VIC,3621,142
Walhalla,VIC,3825,142
Wallumbilla South,QLD,4428,142
Neurum,QLD,4514,142
Three Moon,QLD,4630,142
Farnsfield,QLD,4660,142
Anakie Siding,QLD,4702,142
St Kilda,SA,5110,142
Gould Creek,SA,5114,142
Cradock,SA,5432,142
Nowergup,WA,6032,142
Yealering,WA,6372,142
Ferodale,NSW,2318,141
Maitland Vale,NSW,2320,141
Mccullys Gap,NSW,2333,141
Marlee,NSW,2429,141
Chillingham,NSW,2484,141
Eungella,NSW,2484,141
Tanja,NSW,2550,141
Couridjah,NSW,2571,141
Berringa,VIC,3351,141
Dingee,VIC,3571,141
Markwood,VIC,3678,141
Jarrahmond,VIC,3888,141
Bollier,QLD,4570,141
Miva,QLD,4570,141
Coalstoun Lakes,QLD,4621,141
Orange Creek,QLD,4715,141
Mossman Gorge,QLD,4873,141
Kangaroo Flat,SA,5118,141
Cassini,SA,5223,141
Wisanger,SA,5223,141
Whyte Yarcowie,SA,5420,141
Sunnybrae,SA,5422,141
Dingup,WA,6258,141
Dooralong,NSW,2259,140
Gungal,NSW,2333,140
Maules Creek,NSW,2382,140
Braunstone,NSW,2460,140
Yatte Yattah,NSW,2539,140
Yowrie,NSW,2550,140
Barrengarry,NSW,2577,140
Ceres,VIC,3221,140
Separation Creek,VIC,3234,140
Magpie,VIC,3352,140
Bagshot,VIC,3551,140
Glenaroua,VIC,3764,140
Churchable,QLD,4311,140
Flagstone Creek,QLD,4344,140
Pilton,QLD,4361,140
Cottonvale,QLD,4375,140
Grosmont,QLD,4419,140
Monduran,QLD,4671,140
Kirknie,QLD,4806,140
Fishery Falls,QLD,4871,140
Woopen Creek,QLD,4871,140
Chewko,QLD,4880,140
Bugle Ranges,SA,5251,140
Kulikup,WA,6244,140
Wallarah,NSW,2259,139
Bithramere,NSW,2340,139
Bugaldie,NSW,2357,139
Jacks Creek,NSW,2390,139
Pooncarie,NSW,2648,139
San Isidore,NSW,2650,139
Rosewood,NSW,2652,139
Mcmahons Creek,VIC,3799,139
Morgan Park,QLD,4370,139
Eumamurrin,QLD,4455,139
Kelsey Creek,QLD,4800,139
New Harbourline,QLD,4858,139
Monarto,SA,5254,139
Mount Light,SA,5271,139
Marks Landing,SA,5354,139
Gulnare,SA,5471,139
Beltana,SA,5730,139
Springfield,WA,6525,139
Buckland,TAS,7190,139
Redbournberry,NSW,2330,138
Blackmans Point,NSW,2444,138
Argents Hill,NSW,2449,138
Brushgrove,NSW,2460,138
Cawongla,NSW,2474,138
Teven,NSW,2478,138
Duramana,NSW,2795,138
Georges Plains,NSW,2795,138
Ballimore,NSW,2830,138
Calivil,VIC,3573,138
Woorinen,VIC,3589,138
Dhurringile,VIC,3610,138
Arcadia,VIC,3631,138
Eurobin,VIC,3739,138
Neerim,VIC,3831,138
Fulham,VIC,3851,138
Wiseleigh,VIC,3885,138
Laravale,QLD,4285,138
Sandy Camp,QLD,4361,138
Dalcouth,QLD,4380,138
Boogan,QLD,4871,138
Dawesley,SA,5252,138
Glenroy,SA,5277,138
Bower,SA,5374,138
Sultana Point,SA,5583,138
Mount Direction,TAS,7252,138
Golden Valley,TAS,7304,138
Northdown,TAS,7307,138
Connellan,NT,0873,137
Bilgola Beach,NSW,2107,137
Herons Creek,NSW,2439,137
Bingie,NSW,2537,137
Marchmont,NSW,2582,137
Werrimull,VIC,3496,137
North Gregory,QLD,4660,137
New Moonta,QLD,4671,137
Black Jack,QLD,4820,137
Mount George,SA,5155,137
Keilira,SA,5275,137
Ramco Heights,SA,5322,137
Cross Roads,SA,5558,137
Meelon,WA,6208,137
Kununoppin,WA,6489,137
Mooliabeenee,WA,6504,137
Bronte Park,TAS,7140,137
Gormanston,TAS,7466,137
Wybong,NSW,2333,136
Belbora,NSW,2422,136
Numulgi,NSW,2480,136
Bendick Murrell,NSW,2803,136
Woorndoo,VIC,3272,136
Musk,VIC,3461,136
Iona,VIC,3815,136
Swanbank,QLD,4306,136
Cloyna,QLD,4605,136
Duingal,QLD,4671,136
Dumbleton,QLD,4740,136
Wongabel,QLD,4883,136
Wild Dog Valley,SA,5271,136
Perlubie,SA,5680,136
Redmond,WA,6327,136
Mokine,WA,6401,136
Musselroe Bay,TAS,7264,136
Brandum,TAS,7304,136
Calder,TAS,7325,136
Seahampton,NSW,2286,135
Murrays Run,NSW,2325,135
Segenhoe,NSW,2337,135
Wells Crossing,NSW,2460,135
Tullera,NSW,2480,135
Tyagarah,NSW,2481,135
Badgerys Creek,NSW,2555,135
Moorbel,NSW,2804,135
Port Franklin,VIC,3964,135
Wyandra,QLD,4489,135
Meldale,QLD,4510,135
Branch Creek,QLD,4625,135
Dundathu,QLD,4650,135
North Eton,QLD,4741,135
Toolakea,QLD,4818,135
Euramo,QLD,4854,135
Bibaringa,SA,5118,135
Long Flat,SA,5253,135
Kindred,TAS,7310,135
Gowrie,NSW,2330,134
Euroka,NSW,2440,134
Cooperabung,NSW,2441,134
Hannam Vale,NSW,2443,134
Upper Corindi,NSW,2456,134
Blighty,NSW,2713,134
Byrock,NSW,2831,134
Piambong,NSW,2850,134
Wildwood,VIC,3429,134
Spring Hill,VIC,3444,134
Eganstown,VIC,3461,134
Bailieston,VIC,3608,134
Cheshunt,VIC,3678,134
Murrindindi,VIC,3717,134
Guys Hill,VIC,3807,134
Meerlieu,VIC,3862,134
Coulson,QLD,4310,134
Hoya,QLD,4310,134
Mount Whitestone,QLD,4347,134
Mowbullan,QLD,4405,134
Jackson,QLD,4426,134
Hodgleigh,QLD,4610,134
St Helens,QLD,4650,134
Foreshores,QLD,4678,134
Dajarra,QLD,4825,134
Peacock Siding,QLD,4850,134
Degarra,QLD,4895,134
Kybybolite,SA,5262,134
Wangolina,SA,5275,134
Cockburn,SA,5440,134
Middle Beach,SA,5501,134
Muluckine,WA,6401,134
Travellers Rest,TAS,7250,134
Amata,NT,0872,133
Willawarrin,NSW,2440,133
Talarm,NSW,2447,133
Warrell Creek,NSW,2447,133
Mountain View,NSW,2460,133
Crystal Creek,NSW,2484,133
Guerilla Bay,NSW,2536,133
Greenwich Park,NSW,2580,133
Brocklesby,NSW,2642,133
Gilmore,NSW,2720,133
Cudgee,VIC,3265,133
Nullawarre,VIC,3268,133
Boynewood,QLD,4626,133
Eureka,QLD,4660,133
River Ranch,QLD,4680,133
Kilcummin,QLD,4721,133
Homestead,QLD,4816,133
Reid River,QLD,4816,133
Yattalunga,SA,5114,133
Maaoupe,SA,5277,133
Brookhampton,WA,6239,133
Windermere,TAS,7252,133
Turners Marsh,TAS,7267,133
Downlands,TAS,7320,133
Sedgefield,NSW,2330,132
Broughton Vale,NSW,2535,132
Borambola,NSW,2650,132
Billimari,NSW,2804,132
Coolabah,NSW,2831,132
Swan Marsh,VIC,3249,132
Scotts Creek,VIC,3267,132
Tyrendarra,VIC,3285,132
Ruffy,VIC,3666,132
Willowmavin,VIC,3764,132
Bonang,VIC,3888,132
Beebo,QLD,4385,132
Eulo,QLD,4491,132
Bellthorpe,QLD,4514,132
Nankin,QLD,4701,132
Shoalwater,QLD,4702,132
Camboon,QLD,4719,132
Upper Daintree,QLD,4873,132
Carrington,QLD,4883,132
Penwortham,SA,5453,132
Boorara Brook,WA,6262,132
Dalyup,WA,6450,132
Flintstone,TAS,7030,132
Natone,TAS,7321,132
Flowerdale,TAS,7325,132
Dundee Forest,NT,0840,131
Dundee,NSW,2370,131
Mullaley,NSW,2379,131
Allworth,NSW,2425,131
Koolkhan,NSW,2460,131
Carool,NSW,2486,131
Woodlands,NSW,2575,131
Mongarlowe,NSW,2622,131
Grogan,NSW,2666,131
Cumberland Reach,NSW,2756,131
Sackville,NSW,2756,131
Johanna,VIC,3238,131
Mount Moriac,VIC,3240,131
Lauriston,VIC,3444,131
Glengarry North,VIC,3854,131
Muirlea,QLD,4306,131
Tarome,QLD,4309,131
Kulpi,QLD,4352,131
Columboola,QLD,4415,131
Theebine,QLD,4570,131
Boolboonda,QLD,4671,131
Stonehenge,QLD,4730,131
Geranium,SA,5301,131
East Moonta,SA,5558,131
Mount Dutton Bay,SA,5607,131
Nambeelup,WA,6207,131
Mullalyup,WA,6252,131
Watheroo,WA,6513,131
Westerway,TAS,7140,131
Four Mile Creek,TAS,7215,131
Lower Barrington,TAS,7306,131
Marrawah,TAS,7330,131
Eagleton,NSW,2324,130
Golspie,NSW,2580,130
Beckom,NSW,2665,130
Newlyn North,VIC,3364,130
Ashbourne,VIC,3442,130
Swanpool,VIC,3673,130
Tarampa,QLD,4311,130
Ropeley,QLD,4343,130
Tuckerang,QLD,4411,130
Hungerford,QLD,4493,130
Windera,QLD,4605,130
Fairy Bower,QLD,4700,130
Almaden,QLD,4871,130
Conmurra,SA,5272,130
Mannanarie,SA,5422,130
Wonnerup,WA,6280,130
Koolyanobbing,WA,6427,130
Kingsford,WA,6701,130
Gladstone,TAS,7264,130
Ben Lomond,NSW,2365,129
Blue Knob,NSW,2480,129
Morton,NSW,2538,129
Garvoc,VIC,3265,129
Gorae West,VIC,3305,129
Buchan South,VIC,3885,129
Redwood,QLD,4350,129
Womina,QLD,4370,129
Grand Secret,QLD,4820,129
Duchess,QLD,4825,129
Parrakie,SA,5301,129
Crescent,SA,5341,129
Ebenezer,SA,5355,129
Broomehill West,WA,6318,129
Watagan,NSW,2325,128
Piallamore,NSW,2340,128
Fernvale,NSW,2484,128
Jerrabomberra,ACT,2600,128
Krawarree,NSW,2622,128
Koallah,VIC,3260,128
Scotsburn,VIC,3352,128
Kingston,VIC,3364,128
Mystic Park,VIC,3579,128
Toora North,VIC,3962,128
Ballard,QLD,4352,128
Eurong,QLD,4581,128
Charlestown,QLD,4608,128
Wengenville,QLD,4615,128
Mundowran,QLD,4626,128
Hudson,QLD,4860,128
Ramco,SA,5322,128
Windsor,SA,5501,128
Ramsay,SA,5575,128
Louth Bay,SA,5607,128
Poochera,SA,5655,128
Belhus,WA,6069,128
Fiddletown,NSW,2159,127
Dangarsleigh,NSW,2350,127
Edgeroi,NSW,2390,127
Fishermans Reach,NSW,2441,127
Southgate,NSW,2460,127
Mckees Hill,NSW,2480,127
Conjola,NSW,2539,127
Illabo,NSW,2590,127
Milbrulong,NSW,2656,127
Kapooka,NSW,2661,127
Kains Flat,NSW,2850,127
Pirron Yallock,VIC,3249,127
Serviceton,VIC,3420,127
Porcupine Ridge,VIC,3461,127
Killingworth,VIC,3717,127
Burramine,VIC,3730,127
Walpa,VIC,3875,127
Emu Creek,QLD,4355,127
Swan Creek,QLD,4370,127
Weengallon,QLD,4497,127
Cambroon,QLD,4552,127
Hawkwood,QLD,4626,127
Canoona,QLD,4702,127
Mount Pelion,QLD,4741,127
Camp Creek,QLD,4871,127
Koppamurra,SA,5271,127
Wynarka,SA,5306,127
Pyap,SA,5333,127
Mount Mary,SA,5374,127
Fowlers Bay,SA,5690,127
Nornalup,WA,6333,127
Scotchtown,TAS,7330,127
Central Mangrove,NSW,2250,126
Yarrahapinni,NSW,2441,126
Mortons Creek,NSW,2446,126
Cambewarra,NSW,2540,126
Reids Flat,NSW,2586,126
Merrygoen,NSW,2831,126
Allendale,VIC,3364,126
Denver,VIC,3461,126
Alma,VIC,3465,126
Eddington,VIC,3472,126
Lascelles,VIC,3487,126
Lalbert,VIC,3542,126
Big Hill,VIC,3555,126
Acheron,VIC,3714,126
Clifton Creek,VIC,3875,126
Kurumbul,QLD,4388,126
Gunnewin,QLD,4455,126
Tuchekoi,QLD,4570,126
Bancroft,QLD,4630,126
Mackenzie River,QLD,4705,126
Moongan,QLD,4714,126
Woodlane,SA,5254,126
Stewart Range,SA,5271,126
Nene Valley,SA,5291,126
Holder,SA,5330,126
Point Pass,SA,5374,126
Poonindie,SA,5607,126
Marla,SA,5724,126
Minnivale,WA,6462,126
Surveyors Bay,TAS,7116,126
Poatina,TAS,7302,126
Gunns Plains,TAS,7315,126
Tumbling Waters,NT,0822,125
Nowendoc,NSW,2354,125
Chatsworth,NSW,2469,125
Knockrow,NSW,2479,125
Possum Creek,NSW,2479,125
Terania Creek,NSW,2480,125
Walbundrie,NSW,2642,125
Springdale,NSW,2666,125
St Fillans,NSW,2850,125
Strathdownie,VIC,3312,125
Sugarloaf Creek,VIC,3658,125
Castella,VIC,3777,125
Ripplebrook,VIC,3818,125
Granite Rock,VIC,3875,125
Vernor,QLD,4306,125
Patrick Estate,QLD,4311,125
Freshwater Point,QLD,4737,125
Lower Daintree,QLD,4873,125
New Mapoon,QLD,4876,125
Glen Allyn,QLD,4885,125
Paris Creek,SA,5201,125
Nangkita,SA,5210,125
Kenton Valley,SA,5233,125
Swanport,SA,5253,125
Crowea,WA,6262,125
Scaddan,WA,6447,125
Neergabby,WA,6503,125
Tunbridge,TAS,7120,125
Umbakumba,NT,0822,124
Mole River,NSW,2372,124
Upper Main Arm,NSW,2482,124
Kangaloon,NSW,2576,124
Cartwrights Hill,NSW,2650,124
Burcher,NSW,2671,124
Dargan,NSW,2786,124
Buckley,VIC,3240,124
Korweinguboora,VIC,3461,124
Knowsley,VIC,3523,124
Yalca,VIC,3637,124
Tallangatta South,VIC,3701,124
Pakenham South,VIC,3810,124
Tarra Valley,VIC,3971,124
Atkinsons Dam,QLD,4311,124
Karara,QLD,4352,124
Wootha,QLD,4552,124
Kinbombi,QLD,4601,124
Tinnanbar,QLD,4650,124
Owens Creek,QLD,4741,124
Conway,QLD,4800,124
Jerona,QLD,4809,124
Hammond,SA,5431,124
Grass Valley,WA,6403,124
Miling,WA,6575,124
Georgica,NSW,2480,123
Tuntable Creek,NSW,2480,123
Good Hope,NSW,2582,123
Galore,NSW,2650,123
Brungle,NSW,2722,123
Allestree,VIC,3305,123
Cashmore,VIC,3305,123
Riverside,VIC,3401,123
Mangalore,VIC,3663,123
Binginwarri,VIC,3966,123
Woodmillar,QLD,4625,123
Sunnyside,QLD,4737,123
Mount Surround,QLD,4809,123
Mount Fox,QLD,4850,123
Maria Creeks,QLD,4855,123
Sundown,QLD,4860,123
Scott Creek,SA,5153,123
Parndana,SA,5220,123
Sherlock,SA,5301,123
Paisley,SA,5357,123
Shea-oak Log,SA,5371,123
Templers,SA,5371,123
Bullaring,WA,6373,123
Wanerie,WA,6503,123
Risdon,TAS,7017,123
Lower Longley,TAS,7109,123
Gretna,TAS,7140,123
Berrilee,NSW,2159,122
Bohena Creek,NSW,2390,122
Gurley,NSW,2398,122
The Pocket,NSW,2483,122
Kunghur,NSW,2484,122
Kingsdale,NSW,2580,122
Uriarra Village,ACT,2611,122
Reidsdale,NSW,2622,122
Clarendon,NSW,2756,122
Ganbenang,NSW,2790,122
Menah,NSW,2850,122
Long Forest,VIC,3340,122
Yendon,VIC,3352,122
Goldie,VIC,3435,122
Mudgegonga,VIC,3737,122
Warragul South,VIC,3821,122
Septimus,QLD,4754,122
Sunnyside,SA,5253,122
Burrungule,SA,5291,122
Alawoona,SA,5311,122
Edillilie,SA,5630,122
Jelcobine,WA,6306,122
King River,WA,6330,122
Crossman,WA,6390,122
Premaydena,TAS,7185,122
Kintore,NT,0872,121
Upper Crystal Creek,NSW,2484,121
Far Meadow,NSW,2535,121
Tarlo,NSW,2580,121
Hoskinstown,NSW,2621,121
Combaning,NSW,2666,121
Navigators,VIC,3352,121
Laanecoorie,VIC,3463,121
Mount Camel,VIC,3523,121
Kirwans Bridge,VIC,3608,121
Harston,VIC,3616,121
Peechelba,VIC,3678,121
Ma Ma Creek,QLD,4347,121
Pampas,QLD,4352,121
Glanmire,QLD,4570,121
Etna Creek,QLD,4702,121
Hartley,SA,5255,121
Boatswain Point,SA,5275,121
Wye,SA,5291,121
Waterloo,SA,5413,121
Butler,SA,5605,121
Tarcoola,SA,5701,121
Burracoppin,WA,6421,121
Abels Bay,TAS,7112,121
Yallah,NSW,2530,120
Perisher Valley,NSW,2624,120
Gelston Park,NSW,2650,120
Willbriggie,NSW,2680,120
Maude,NSW,2711,120
Maryvale,NSW,2820,120
Glenorchy,VIC,3385,120
Sutton Grange,VIC,3448,120
Redbank,VIC,3477,120
Yarragon South,VIC,3823,120
Milford,QLD,4310,120
Benarkin,QLD,4314,120
White Patch,QLD,4507,120
Derri Derra,QLD,4626,120
Goodwood,QLD,4660,120
Victoria Plantation,QLD,4850,120
Tatachilla,SA,5171,120
Burdett,SA,5253,120
Condowie,SA,5464,120
Sheringa,SA,5607,120
Ongerup,WA,6336,120
Gap Ridge,WA,6714,120
Dampier Peninsula,WA,6725,120
Wattle Grove,TAS,7109,120
Lawitta,TAS,7140,120
Glen Martin,NSW,2321,119
Girvan,NSW,2425,119
Bootawa,NSW,2430,119
Empire Vale,NSW,2478,119
Taylors Flat,NSW,2586,119
Ladys Pass,VIC,3523,119
Creightons Creek,VIC,3666,119
Tonimbuk,VIC,3815,119
Cobains,VIC,3851,119
Muckadilla,QLD,4461,119
Bells Bridge,QLD,4570,119
Grahams Creek,QLD,4650,119
Rules Beach,QLD,4674,119
Ridgelands,QLD,4702,119
Green Hill,QLD,4865,119
Moresby,QLD,4871,119
Daintree,QLD,4873,119
Eva Valley,NT,0822,118
Fly Creek,NT,0822,118
Camden Head,NSW,2443,118
Tuckombil,NSW,2477,118
Toothdale,NSW,2550,118
Corbie Hill,NSW,2705,118
Coragulac,VIC,3249,118
Cambrian Hill,VIC,3352,118
Broomfield,VIC,3364,118
Trentham East,VIC,3458,118
Sebastian,VIC,3556,118
Kotupna,VIC,3638,118
Port Of Brisbane,QLD,4178,118
Rollingstone,QLD,4816,118
Munro Plains,QLD,4854,118
Cassowary,QLD,4873,118
Myponga Beach,SA,5202,118
Wongulla,SA,5238,118
Rosedale,SA,5350,118
Whyalla Barson,SA,5601,118
Yallunda Flat,SA,5607,118
Sloping Main,TAS,7186,118
Moriarty,TAS,7307,118
Rocky Point,NSW,2259,117
Kayuga,NSW,2333,117
Aberfoyle,NSW,2350,117
Kelvin,NSW,2380,117
Bendolba,NSW,2420,117
Coomba Bay,NSW,2428,117
Megan,NSW,2453,117
Nerriga,NSW,2622,117
Charbon,NSW,2848,117
Strathewen,VIC,3099,117
Barrabool,VIC,3221,117
Mannerim,VIC,3222,117
Warncoort,VIC,3243,117
Heathmere,VIC,3305,117
Evansford,VIC,3371,117
Bet Bet,VIC,3472,117
Tabilk,VIC,3607,117
Reedy Creek,VIC,3658,117
Hallston,VIC,3953,117
Numinbah Valley,QLD,4211,117
Mount Marrow,QLD,4306,117
Scrubby Mountain,QLD,4356,117
Kia Ora,QLD,4570,117
Pimpimbudgee,QLD,4615,117
Nindaroo,QLD,4740,117
Flametree,QLD,4802,117
Umagico,QLD,4876,117
Oak Beach,QLD,4877,117
Yalata,SA,5690,117
Kudardup,WA,6290,117
Coral Bay,WA,6701,117
Bellingham,TAS,7254,117
Tivendale,NT,0822,116
Tacoma South,NSW,2259,116
Bridgman,NSW,2330,116
Tarriaro,NSW,2390,116
Shannon Brook,NSW,2470,116
Brooklet,NSW,2479,116
Fernleigh,NSW,2479,116
Dreeite,VIC,3249,116
Deep Lead,VIC,3385,116
Lake Charm,VIC,3581,116
Ellaswood,VIC,3875,116
Won Wron,VIC,3971,116
Lamington,QLD,4285,116
Cypress Gardens,QLD,4357,116
Kings Creek,QLD,4361,116
Quinalow,QLD,4403,116
Abercorn,QLD,4627,116
Mcewens Beach,QLD,4740,116
Campaspe,QLD,4820,116
Concordia,SA,5118,116
Binnum,SA,5262,116
Mount Mcintyre,SA,5279,116
Shannon Vale,NSW,2370,115
Ellenborough,NSW,2446,115
Kremnos,NSW,2460,115
Leeville,NSW,2470,115
Stratheden,NSW,2470,115
Woodstock,NSW,2538,115
Aylmerton,NSW,2575,115
Yarra,NSW,2580,115
Bango,NSW,2582,115
Bunyan,NSW,2630,115
Sunny Corner,NSW,2795,115
Kergunyah,VIC,3691,115
Myrrhee,VIC,3732,115
Ovens,VIC,3738,115
Neerim East,VIC,3831,115
Fairney View,QLD,4306,115
Coleyville,QLD,4307,115
Wyaralong,QLD,4310,115
Lefthand Branch,QLD,4343,115
Gowrie Mountain,QLD,4350,115
Maclagan,QLD,4352,115
Pickanjinnie,QLD,4428,115
Landers Shoot,QLD,4555,115
Chelmsford,QLD,4606,115
Cairdbeign,QLD,4722,115
Saibai Island,QLD,4875,115
Moomin,QLD,4887,115
Ward Belt,SA,5118,115
Willalooka,SA,5267,115
Rocky Camp,SA,5280,115
Brenda Park,SA,5320,115
Seppeltsfield,SA,5355,115
Alma,SA,5401,115
Wandearah East,SA,5523,115
Kyancutta,SA,5651,115
North Greenbushes,WA,6254,115
Coonabidgee,WA,6503,115
Muckenburra,WA,6503,115
Wannamal,WA,6505,115
St George Ranges,WA,6728,115
Springfield,TAS,7260,115
Reedy Marsh,TAS,7304,115
Camdale,TAS,7320,115
Paynes Crossing,NSW,2325,114
The Branch,NSW,2425,114
Possum Brush,NSW,2430,114
North Tumbulgum,NSW,2490,114
Foxground,NSW,2534,114
Akolele,NSW,2546,114
Narrawa,NSW,2583,114
Charleys Forest,NSW,2622,114
Cathcart,NSW,2632,114
Navarre,VIC,3384,114
Bridgewater,VIC,3516,114
Culgoa,VIC,3530,114
Allans Flat,VIC,3691,114
Ancona,VIC,3715,114
Ellinbank,VIC,3821,114
Blanchview,QLD,4352,114
Parklands,QLD,4560,114
Tandur,QLD,4570,114
Black Snake,QLD,4600,114
Tablelands,QLD,4605,114
Doolbi,QLD,4660,114
Shannonvale,QLD,4873,114
Leighton,SA,5417,114
Jardee,WA,6258,114
Manypeaks,WA,6328,114
Nullagine,WA,6758,114
Legerwood,TAS,7263,114
Mimili,NT,0872,113
Mount View,NSW,2325,113
Rowena,NSW,2387,113
Dungay,NSW,2484,113
Kielvale,NSW,2484,113
Coalcliff,NSW,2508,113
Pomona,NSW,2648,113
Downside,NSW,2650,113
Putta Bucca,NSW,2850,113
Crossley,VIC,3283,113
Gobur,VIC,3719,113
Freeburgh,VIC,3741,113
Seaton,VIC,3858,113
Pound Creek,VIC,3996,113
Allenview,QLD,4285,113
Carneys Creek,QLD,4310,113
Amby,QLD,4462,113
Chahpingah,QLD,4610,113
Eidsvold West,QLD,4627,113
Yerra,QLD,4650,113
Myrtlevale,QLD,4800,113
Mer Island,QLD,4875,113
Palmer,QLD,4892,113
Brinkley,SA,5253,113
Wanbi,SA,5310,113
Bonniefield,WA,6525,113
Kalumburu,WA,6740,113
Ridgeway,TAS,7054,113
Chudleigh,TAS,7304,113
Blackmore,NT,0822,112
Merah North,NSW,2388,112
Hilldale,NSW,2420,112
Uralba,NSW,2477,112
Little Forest,NSW,2538,112
Yathella,NSW,2650,112
Pleasant Hills,NSW,2658,112
Mayrung,NSW,2710,112
Isabella,NSW,2795,112
Marnoo,VIC,3387,112
Hesket,VIC,3442,112
Merbein West,VIC,3505,112
Murchison North,VIC,3610,112
Dederang,VIC,3691,112
Boorolite,VIC,3723,112
Berrys Creek,VIC,3953,112
Rosehill,QLD,4370,112
Ranges Bridge,QLD,4405,112
Jimna,QLD,4515,112
Greenview,QLD,4606,112
Brooweena,QLD,4620,112
East Russell,QLD,4861,112
Black Hill,SA,5353,112
Wild Horse Plains,SA,5501,112
Meerup,WA,6262,112
Doodlakine,WA,6411,112
Nabawa,WA,6532,112
Castle Forbes Bay,TAS,7116,112
Kaoota,TAS,7150,112
Iwantja,NT,0872,111
Canoelands,NSW,2157,111
Craven,NSW,2422,111
Upper Kangaroo River,NSW,2577,111
Avonside,NSW,2628,111
Morven,NSW,2660,111
Laharum,VIC,3401,111
Woods Point,VIC,3723,111
Millmerran Downs,QLD,4357,111
Curramore,QLD,4552,111
Sexton,QLD,4570,111
St Mary,QLD,4650,111
Talegalla Weir,QLD,4650,111
Bray,SA,5276,111
Brownlow,SA,5374,111
Leasingham,SA,5452,111
Pinery,SA,5460,111
Reeves Plains,SA,5502,111
Parsons Beach,SA,5575,111
Reinscourt,WA,6280,111
Rosa Glen,WA,6285,111
Seppings,WA,6330,111
Ranford,WA,6390,111
Wubin,WA,6612,111
Copping,TAS,7174,111
Frankford,TAS,7275,111
Kalkarindji,NT,0852,110
Lansdowne,NSW,2163,110
Ramornie,NSW,2460,110
South Arm,NSW,2460,110
Dalwood,NSW,2477,110
Whian Whian,NSW,2480,110
Huntley,NSW,2530,110
Bocoble,NSW,2850,110
Pyramul,NSW,2850,110
Pimpinio,VIC,3401,110
Monegeetta,VIC,3433,110
Benloch,VIC,3435,110
Caniambo,VIC,3630,110
Cobram East,VIC,3644,110
Everton,VIC,3678,110
Jeebropilly,QLD,4340,110
Smithlea,QLD,4385,110
Coonambula,QLD,4626,110
Windermere,QLD,4670,110
Berajondo,QLD,4674,110
Ironpot,QLD,4701,110
Pheasant Creek,QLD,4702,110
Groper Creek,QLD,4806,110
Coorumba,QLD,4860,110
Garradunga,QLD,4860,110
Silver Valley,QLD,4872,110
Kybunga,SA,5453,110
Barabba,SA,5460,110
Kielpa,SA,5642,110
Benger,WA,6223,110
Upper Capel,WA,6239,110
Catterick,WA,6255,110
Talbot,WA,6302,110
Coomalbidgup,WA,6450,110
Lennard Brook,WA,6503,110
Nanson,WA,6532,110
West Island,OT,6799,110
Dulcot,TAS,7025,110
Lebrina,TAS,7254,110
Coasters Retreat,NSW,2108,109
Howes Valley,NSW,2330,109
Wiangaree,NSW,2474,109
Mount Arthur,NSW,2820,109
Botobolar,NSW,2850,109
Alectown,NSW,2870,109
Nulla Vale,VIC,3435,109
Mitiamo,VIC,3573,109
Lurg,VIC,3673,109
Kalimna West,VIC,3909,109
Leongatha North,VIC,3953,109
Jimbour West,QLD,4406,109
Wetheron,QLD,4625,109
Magnolia,QLD,4650,109
Alexandra,QLD,4740,109
Shute Harbour,QLD,4802,109
Mount Carbine,QLD,4871,109
Cape Tribulation,QLD,4873,109
Seddon,SA,5223,109
Moyhall,SA,5271,109
Wattle Range,SA,5280,109
Glenlusk,TAS,7012,109
White Hills,TAS,7258,109
Moobi,NSW,2337,108
Brookfield,NSW,2420,108
Brimbin,NSW,2430,108
Barraganyatti,NSW,2441,108
Rappville,NSW,2469,108
Nanima,NSW,2582,108
Bungowannah,NSW,2640,108
Big Springs,NSW,2650,108
Mundongo,NSW,2720,108
Wisemans Creek,NSW,2795,108
Glen Alice,NSW,2849,108
Wallace,VIC,3352,108
Trawalla,VIC,3373,108
Springfield,VIC,3434,108
Musk Vale,VIC,3461,108
Tol Tol,VIC,3549,108
Corop,VIC,3559,108
Murchison East,VIC,3610,108
Mount Molar,QLD,4361,108
Goodar,QLD,4390,108
Langshaw,QLD,4570,108
Mount Surprise,QLD,4871,108
Kureen,QLD,4885,108
Sandy Grove,SA,5275,108
Koppio,SA,5607,108
Bramfield,SA,5670,108
Coorabie,SA,5690,108
Winnejup,WA,6255,108
Jerdacuttup,WA,6346,108
Surges Bay,TAS,7116,108
Dunolly,NSW,2330,107
Purlewaugh,NSW,2357,107
Melinga,NSW,2430,107
Utungun,NSW,2447,107
Eatonsville,NSW,2460,107
South Ballina,NSW,2478,107
Mount Warning,NSW,2484,107
Milvale,NSW,2594,107
Thuddungra,NSW,2594,107
Bendoura,NSW,2622,107
Chesney Vale,VIC,3725,107
Cora Lynn,VIC,3814,107
Hedley,VIC,3967,107
Upper Flagstone,QLD,4344,107
Canaga,QLD,4413,107
Hopeland,QLD,4413,107
Crohamhurst,QLD,4519,107
Binjour,QLD,4625,107
Diglum,QLD,4680,107
Sandiford,QLD,4740,107
Gumlow,QLD,4815,107
Stamford,QLD,4821,107
Jupiter Creek,SA,5153,107
Monteith,SA,5253,107
Beaufort,SA,5550,107
Kainton,SA,5552,107
Pinkawillinie,SA,5641,107
Miranda,SA,5700,107
Broadmarsh,TAS,7030,107
Lefroy,TAS,7252,107
Tomahawk,TAS,7262,107
Lloyd Creek,NT,0822,106
Ryhope,NSW,2283,106
Balala,NSW,2358,106
Biniguy,NSW,2399,106
Wallarobba,NSW,2420,106
Koreelah,NSW,2476,106
Mooball,NSW,2483,106
Black Range,NSW,2550,106
Towrang,NSW,2580,106
Wayo,NSW,2580,106
Jerangle,NSW,2630,106
Cobbora,NSW,2844,106
Bunkers Hill,VIC,3352,106
Red Lion,VIC,3371,106
Gundowring,VIC,3691,106
Osbornes Flat,VIC,3691,106
Rokeby,VIC,3821,106
Stradbroke,VIC,3851,106
Larapinta,QLD,4110,106
Biddaddaba,QLD,4275,106
Groomsville,QLD,4352,106
Daymar,QLD,4497,106
Isis River,QLD,4660,106
Yaamba,QLD,4704,106
Lower Tully,QLD,4854,106
Laura,QLD,4892,106
Buchfelde,SA,5118,106
Cascade,WA,6450,106
Rudds Gully,WA,6532,106
Nabowla,TAS,7260,106
South Riana,TAS,7316,106
Lee Point,NT,0810,105
Timber Creek,NT,0852,105
Arumbera,NT,0873,105
Mount Thorley,NSW,2330,105
Arding,NSW,2358,105
Bonshaw,NSW,2361,105
Bucca Wauka,NSW,2429,105
Eviron,NSW,2484,105
Jeremadra,NSW,2536,105
South Wolumla,NSW,2550,105
Durran Durra,NSW,2622,105
Brucedale,NSW,2650,105
Pottery Estate,NSW,2790,105
Turondale,NSW,2795,105
Armatree,NSW,2828,105
Yeodene,VIC,3249,105
Sandford,VIC,3312,105
Moliagul,VIC,3472,105
Kialla East,VIC,3631,105
Muckatah,VIC,3644,105
Huon,VIC,3695,105
Munro,VIC,3862,105
Jeetho,VIC,3945,105
Mount Byron,QLD,4312,105
Felton South,QLD,4358,105
Guluguba,QLD,4418,105
Bangalee,QLD,4703,105
Mount Murchison,QLD,4715,105
Rocky Gully,SA,5254,105
Western Flat,SA,5268,105
Wauraltee,SA,5573,105
Koolywurtie,SA,5575,105
Haslam,SA,5680,105
Millbrook,WA,6330,105
Port Albany,WA,6330,105
Lake King,WA,6356,105
Stove Hill,WA,6714,105
Kaltjiti,NT,0872,104
Wakefield,NSW,2278,104
Gum Flat,NSW,2360,104
Kimbriki,NSW,2429,104
Rous,NSW,2477,104
Nashua,NSW,2479,104
Stony Chute,NSW,2480,104
Cobaki,NSW,2486,104
Bannister,NSW,2580,104
Dairymans Plains,NSW,2630,104
Sun Valley,NSW,2777,104
Lewis Ponds,NSW,2800,104
Burroway,NSW,2821,104
Wartook,VIC,3401,104
Bolinda,VIC,3432,104
Waterford Park,VIC,3658,104
Three Bridges,VIC,3797,104
Hill End,VIC,3825,104
Calulu,VIC,3875,104
Jumbunna,VIC,3951,104
Bulwer,QLD,4025,104
Priestdale,QLD,4127,104
Milbong,QLD,4310,104
Orange Hill,QLD,4455,104
Manumbar,QLD,4601,104
Silverleaf,QLD,4605,104
Riverleigh,QLD,4626,104
Island Plantation,QLD,4650,104
Mount Urah,QLD,4650,104
Hibernia,QLD,4723,104
Dows Creek,QLD,4754,104
Carstairs,QLD,4806,104
Macgillivray,SA,5223,104
Cromer,SA,5235,104
Kordabup,WA,6333,104
Winkleigh,TAS,7275,104
Barrington,TAS,7306,104
Freemans Waterhole,NSW,2323,103
Bective,NSW,2340,103
Kentucky,NSW,2354,103
Bobin,NSW,2429,103
Rosewood,NSW,2446,103
Kungala,NSW,2460,103
James Creek,NSW,2463,103
Keith Hall,NSW,2478,103
Burragate,NSW,2550,103
Mullion,NSW,2582,103
Euberta,NSW,2650,103
Mount David,NSW,2795,103
Rock Forest,NSW,2795,103
Jancourt East,VIC,3266,103
Parwan,VIC,3340,103
Newlyn,VIC,3364,103
Bamawm Extension,VIC,3564,103
Hazelwood,VIC,3840,103
Noorinbee,VIC,3890,103
Charlwood,QLD,4309,103
Iredale,QLD,4344,103
Pechey,QLD,4352,103
West Haldon,QLD,4359,103
Milman,QLD,4702,103
Rocky Point,QLD,4873,103
Lynton,SA,5062,103
Telowie,SA,5540,103
Port Rickaby,SA,5575,103
Benjinup,WA,6255,103
Kentdale,WA,6333,103
Butterwick,NSW,2321,102
Piallaway,NSW,2342,102
Monkerai,NSW,2415,102
Ewingar,NSW,2469,102
Greigs Flat,NSW,2549,102
Myrtleville,NSW,2580,102
Lake George,NSW,2581,102
Cooyal,NSW,2850,102
Gerangamete,VIC,3249,102
Ecklin South,VIC,3265,102
Valencia Creek,VIC,3860,102
Braemore,QLD,4313,102
Lanefield,QLD,4340,102
Laidley Creek West,QLD,4341,102
Kooroongarra,QLD,4357,102
Flinton,QLD,4422,102
Dunkeld,QLD,4465,102
Brigooda,QLD,4613,102
Kullogum,QLD,4660,102
Dalysford,QLD,4671,102
Boolburra,QLD,4702,102
Alabama Hill,QLD,4820,102
Birkalla,QLD,4854,102
Fox,SA,5272,102
Bethany,SA,5352,102
Tulka,SA,5607,102
Mount Hardey,WA,6302,102
Manmanning,WA,6465,102
Interlaken,TAS,7030,102
Wandella,NSW,2550,101
Joadja,NSW,2575,101
Brisbane Grove,NSW,2580,101
Cabramurra,NSW,2629,101
Benerembah,NSW,2680,101
Summer Hill Creek,NSW,2800,101
Windera,NSW,2800,101
Cope,NSW,2852,101
Bells Beach,VIC,3228,101
Winchelsea South,VIC,3241,101
Derrinal,VIC,3523,101
Yabba North,VIC,3646,101
Buckland,VIC,3740,101
Josephville,QLD,4285,101
Tummaville,QLD,4352,101
Dargal Road,QLD,4455,101
Durham,QLD,4492,101
Benair,QLD,4610,101
Drinan,QLD,4671,101
Dumgree,QLD,4715,101
Netherdale,QLD,4756,101
Dudley East,SA,5222,101
Coomandook,SA,5261,101
Pata,SA,5333,101
Bagot Well,SA,5373,101
Bethel,SA,5373,101
Hilltown,SA,5455,101
Arthur River,WA,6315,101
Black Hills,TAS,7140,101
Great Bay,TAS,7150,101
Kellevie,TAS,7176,101
Lovett Bay,NSW,2105,100
Rileys Hill,NSW,2472,100
Parma,NSW,2540,100
Shannons Flat,NSW,2630,100
Sodwalls,NSW,2790,100
Pennyroyal,VIC,3235,100
Gorae,VIC,3305,100
Sulky,VIC,3352,100
Tyntynder,VIC,3586,100
Dalmore,VIC,3981,100
Mount Sylvia,QLD,4343,100
Douglas,QLD,4354,100
Fletcher,QLD,4381,100
Red Hill,QLD,4413,100
Lagoon Pocket,QLD,4570,100
Barker Creek Flat,QLD,4615,100
Bogie,QLD,4805,100
Ross River,QLD,4816,100
Coquette Point,QLD,4860,100
Cowley,QLD,4871,100
Allendale North,SA,5373,100
Nantawarra,SA,5550,100
Longley,TAS,7150,100
Wattle Hill,TAS,7172,100
Nook,TAS,7306,100
Preston,TAS,7315,100
Nullamanna,NSW,2360,99
Frazers Creek,NSW,2446,99
Bostobrick,NSW,2453,99
Barkers Vale,NSW,2474,99
Rous Mill,NSW,2477,99
Urliup,NSW,2484,99
Yellow Rock,NSW,2527,99
Kiah,NSW,2551,99
Murrumburrah,NSW,2587,99
Adjungbilly,NSW,2727,99
Gingkin,NSW,2787,99
Glanmire,NSW,2795,99
Bambra,VIC,3241,99
Maude,VIC,3331,99
Nullawil,VIC,3529,99
Byrneside,VIC,3617,99
Northwood,VIC,3660,99
Balmattum,VIC,3666,99
Whanregarwen,VIC,3714,99
Kardella,VIC,3951,99
Cowan Cowan,QLD,4025,99
Massie,QLD,4370,99
Mount Alma,QLD,4680,99
Horse Creek,QLD,4714,99
Merryburn,QLD,4854,99
Midgenoo,QLD,4854,99
Agery,SA,5558,99
Point Souttar,SA,5577,99
Wanilla,SA,5607,99
Walgoolan,WA,6422,99
Hoddys Well,WA,6566,99
Belford,NSW,2335,98
Kellys Plains,NSW,2350,98
Koorainghat,NSW,2430,98
Bergalia,NSW,2537,98
Barragga Bay,NSW,2546,98
Tantawangalo,NSW,2550,98
Bevendale,NSW,2581,98
Harefield,NSW,2650,98
Muttama,NSW,2722,98
Billywillinga,NSW,2795,98
Cumborah,NSW,2832,98
Bogee,NSW,2849,98
Mount Hope,NSW,2877,98
Lower Norton,VIC,3401,98
Drouin East,VIC,3818,98
Club Terrace,VIC,3889,98
Strzelecki,VIC,3950,98
Dundas,QLD,4306,98
Teebar,QLD,4620,98
Antigua,QLD,4650,98
Machine Creek,QLD,4695,98
Kinchant Dam,QLD,4741,98
Piturie,QLD,4825,98
Longwood,SA,5153,98
Copeville,SA,5308,98
Pinkerton Plains,SA,5400,98
Yunta,SA,5440,98
Matta Flat,SA,5554,98
Koonibba,SA,5690,98
Pinjar,WA,6078,98
Redgate,WA,6286,98
Lowlands,WA,6330,98
Buller,WA,6532,98
Neika,TAS,7054,98
Parattah,TAS,7120,98
Pioneer,TAS,7264,98
Birralee,TAS,7303,98
West Kentish,TAS,7306,98
Kaltukatjara,NT,0872,97
Papunya,NT,0872,97
Willowra,NT,0872,97
Stanhope,NSW,2335,97
Oakwood,NSW,2360,97
Forbesdale,NSW,2422,97
Kundle Kundle,NSW,2430,97
Yarranbella,NSW,2447,97
Newtown,VIC,3351,97
Golden Point,VIC,3451,97
Tyntynder South,VIC,3586,97
Barnawartha North,VIC,3691,97
Glen Alvie,VIC,3979,97
Caldermeade,VIC,3984,97
Silver Ridge,QLD,4352,97
Crossroads,QLD,4413,97
Mungallala,QLD,4467,97
Bungunya,QLD,4494,97
Monsildale,QLD,4515,97
Wheatlands,QLD,4606,97
Haly Creek,QLD,4610,97
Reids Creek,QLD,4625,97
Mullett Creek,QLD,4670,97
Bombeeta,QLD,4871,97
Pages Flat,SA,5172,97
Pelican Lagoon,SA,5222,97
Wunkar,SA,5311,97
Mount Crawford,SA,5351,97
Steinfeld,SA,5356,97
Emu Downs,SA,5381,97
Mount Bryan East,SA,5419,97
Beetaloo Valley,SA,5523,97
Sandilands,SA,5571,97
Yeelanna,SA,5632,97
Paradise,WA,6236,97
Siesta Park,WA,6280,97
Osmington,WA,6285,97
Roches Beach,TAS,7170,97
Boomer Bay,TAS,7177,97
Bishops Bridge,NSW,2326,96
Mount Olive,NSW,2330,96
Turrawan,NSW,2390,96
Boolambayte,NSW,2423,96
Meringo,NSW,2537,96
Mogendoura,NSW,2537,96
Carrick,NSW,2580,96
Bombay,NSW,2622,96
Bumbaldry,NSW,2794,96
Gin Gin,NSW,2823,96
Alvie,VIC,3249,96
Ondit,VIC,3249,96
Wangoom,VIC,3279,96
Vectis,VIC,3401,96
Towong,VIC,3707,96
Barjarg,VIC,3723,96
Garfield North,VIC,3814,96
Bundalaguah,VIC,3851,96
Kilmany,VIC,3851,96
Berat,QLD,4362,96
Jackson North,QLD,4426,96
Kanigan,QLD,4570,96
Glenrae,QLD,4626,96
Beelbi Creek,QLD,4659,96
Crediton,QLD,4757,96
Shirbourne,QLD,4809,96
Mica Creek,QLD,4825,96
Wall Flat,SA,5254,96
Sandalwood,SA,5309,96
Yanmah,WA,6258,96
Bodallin,WA,6424,96
Buntine,WA,6613,96
Rowella,TAS,7270,96
Emu Heights,TAS,7320,96
Nyirripi,NT,0872,95
Mitchells Flat,NSW,2330,95
Elsmore,NSW,2360,95
Bolivia,NSW,2372,95
Rocky River,NSW,2372,95
Emerald Hill,NSW,2380,95
Great Marlow,NSW,2460,95
Byangum,NSW,2484,95
Bombo,NSW,2533,95
Angledale,NSW,2550,95
Beaumont,NSW,2577,95
Mullengandra,NSW,2644,95
Kikoira,NSW,2669,95
Conargo,NSW,2710,95
Boomanoomana,NSW,2712,95
Lacmalac,NSW,2720,95
Bell,NSW,2786,95
Minore,NSW,2830,95
Bedgerabong,NSW,2871,95
Paraparap,VIC,3240,95
Longwood East,VIC,3666,95
Limestone,VIC,3717,95
Yering,VIC,3770,95
Shady Creek,VIC,3821,95
Bete Bolong,VIC,3888,95
Arawata,VIC,3951,95
Ruby,VIC,3953,95
Darlington,QLD,4285,95
Glen Cairn,QLD,4342,95
Elliott,QLD,4670,95
Parawa,SA,5203,95
Paruna,SA,5311,95
Point Pearce,SA,5573,95
West Coolup,WA,6214,95
Yeagarup,WA,6260,95
Elderslie,TAS,7030,95
Levendale,TAS,7120,95
Dartbrook,NSW,2336,94
Hanging Rock,NSW,2340,94
Markwell,NSW,2423,94
Killawarra,NSW,2429,94
Palmers Channel,NSW,2463,94
Green Pigeon,NSW,2474,94
Boorabee Park,NSW,2480,94
Huonbrook,NSW,2482,94
Coopers Gully,NSW,2550,94
Harolds Cross,NSW,2622,94
Neurea,NSW,2820,94
Burrundulla,NSW,2850,94
Streatham,VIC,3351,94
Jung,VIC,3401,94
Boundary Bend,VIC,3599,94
Wongungarra,VIC,3862,94
Cobungra,VIC,3898,94
Mount Coot-tha,QLD,4066,94
Athol,QLD,4350,94
Forest Springs,QLD,4362,94
Fairyland,QLD,4413,94
Moy Pocket,QLD,4574,94
Manyung,QLD,4605,94
Ideraway,QLD,4625,94
Eidsvold East,QLD,4627,94
Limestone Creek,QLD,4701,94
Stoters Hill,QLD,4860,94
Mount Jagged,SA,5211,94
Bool Lagoon,SA,5271,94
Thornlea,SA,5280,94
Verran,SA,5603,94
Port Paterson,SA,5700,94
Waterloo,WA,6228,94
Wilga,WA,6243,94
Ludlow,WA,6280,94
Dumberning,WA,6312,94
Jingalup,WA,6395,94
Moorine Rock,WA,6425,94
Minjilang,NT,0822,93
Ardglen,NSW,2338,93
Castle Doyle,NSW,2350,93
Wellingrove,NSW,2370,93
Cowper,NSW,2460,93
Bungawalbin,NSW,2469,93
Avoca,NSW,2577,93
Oberne Creek,NSW,2650,93
Emu Swamp,NSW,2800,93
Buangor,VIC,3375,93
Kaarimba,VIC,3635,93
Sandy Creek,VIC,3695,93
Seaview,VIC,3821,93
Heath Hill,VIC,3981,93
Poowong North,VIC,3988,93
Harmers Haven,VIC,3995,93
Cressbrook,QLD,4313,93
Mount Walker,QLD,4340,93
Kunioon,QLD,4615,93
Byrnestown,QLD,4625,93
Cape Gloucester,QLD,4800,93
Foresthome,QLD,4850,93
Hindmarsh Tiers,SA,5202,93
Ucolta,SA,5422,93
Piesse Brook,WA,6076,93
Perup,WA,6258,93
Latham,WA,6616,93
Wittenoom,WA,6751,93
Westbrook,NSW,2330,92
Bandon Grove,NSW,2420,92
Farrants Hill,NSW,2484,92
Tanglewood,NSW,2488,92
Beryl,NSW,2852,92
Yuulong,VIC,3237,92
Condah,VIC,3303,92
Carngham,VIC,3351,92
Black Range,VIC,3381,92
Neerim Junction,VIC,3832,92
Wairewa,VIC,3887,92
Natural Bridge,QLD,4211,92
Allandale,QLD,4310,92
Coochin,QLD,4310,92
Coolana,QLD,4311,92
Yarranlea,QLD,4356,92
Leslie Dam,QLD,4370,92
Yuleba North,QLD,4427,92
Upper Kandanga,QLD,4570,92
Spreadborough,QLD,4825,92
Packers Camp,QLD,4865,92
Cowley Beach,QLD,4871,92
Seisia,QLD,4876,92
Beatrice,QLD,4886,92
Sandergrove,SA,5255,92
Marcollat,SA,5271,92
Sunnydale,SA,5353,92
Baroota,SA,5495,92
Cockaleechie,SA,5631,92
Buckleboo,SA,5641,92
Lowden,WA,6240,92
West Pingelly,WA,6308,92
Broomehill East,WA,6318,92
Loorana,TAS,7256,92
Doctors Point,TAS,7304,92
Moorleah,TAS,7325,92
Arthur River,TAS,7330,92
Kingfisher Shores,NSW,2259,91
Ogunbil,NSW,2340,91
Torryburn,NSW,2421,91
Seal Rocks,NSW,2423,91
Grassy Head,NSW,2441,91
Dorroughby,NSW,2480,91
Reserve Creek,NSW,2484,91
Curramore,NSW,2533,91
Croobyar,NSW,2539,91
Roslyn,NSW,2580,91
The Gap,NSW,2650,91
Booligal,NSW,2711,91
Buckaroo,NSW,2850,91
Millbrook,VIC,3352,91
Vinifera,VIC,3591,91
Lima East,VIC,3673,91
Gapsted,VIC,3737,91
Krowera,VIC,3945,91
Cainbable,QLD,4285,91
Bapaume,QLD,4352,91
Storm King,QLD,4380,91
Southwood,QLD,4406,91
Mungungo,QLD,4630,91
Taratap,SA,5275,91
Cape Douglas,SA,5291,91
Meribah,SA,5311,91
Overland Corner,SA,5330,91
Altona,SA,5351,91
Willowie,SA,5431,91
Neridup,WA,6450,91
Yerecoin,WA,6571,91
Pegarah,TAS,7256,91
Whitemore,TAS,7303,91
Ampilatwatja,NT,0872,90
Cottage Point,NSW,2084,90
Huntingwood,NSW,2148,90
Brunkerville,NSW,2323,90
Maison Dieu,NSW,2330,90
Reedy Creek,NSW,2330,90
Buckra Bendinni,NSW,2449,90
Long Point,NSW,2564,90
Lade Vale,NSW,2581,90
Cunningar,NSW,2587,90
The Ridgeway,ACT,2620,90
Braemar Bay,NSW,2628,90
Old Adaminaby,NSW,2629,90
Clergate,NSW,2800,90
Murroon,VIC,3243,90
Waterloo,VIC,3373,90
Wellsford,VIC,3551,90
Kevington,VIC,3723,90
Longwarry North,VIC,3816,90
Flynn,VIC,3844,90
Baromi,VIC,3871,90
Jam Jerrup,VIC,3984,90
Bunjurgen,QLD,4310,90
Winwill,QLD,4347,90
Burncluith,QLD,4413,90
Two Mile,QLD,4570,90
Barambah,QLD,4601,90
Boonara,QLD,4601,90
Mingo,QLD,4625,90
Columbia,QLD,4820,90
Fitzgerald Creek,QLD,4860,90
Greenways,SA,5272,90
Minvalara,SA,5422,90
Willochra,SA,5433,90
Sheaoak Flat,SA,5581,90
North Scottsdale,TAS,7260,90
Kangaroo Creek,NSW,2460,89
Coffee Camp,NSW,2480,89
Marom Creek,NSW,2480,89
Tygalgah,NSW,2484,89
Bellmount Forest,NSW,2581,89
Berremangra,NSW,2582,89
Tuena,NSW,2583,89
Creewah,NSW,2631,89
Hobbys Yards,NSW,2795,89
Balladoran,NSW,2822,89
Netherby,VIC,3418,89
Pipers Creek,VIC,3444,89
Youanmite,VIC,3646,89
Reefton,VIC,3799,89
Yallourn,VIC,3825,89
Mossiface,VIC,3885,89
Tongio,VIC,3896,89
Mount Eccles,VIC,3953,89
Bryden,QLD,4312,89
Dagun,QLD,4570,89
Mooloo,QLD,4570,89
Stalworth,QLD,4613,89
Gootchie,QLD,4650,89
Yaraka,QLD,4731,89
Mount Marlow,QLD,4800,89
Buckland Park,SA,5120,89
Lower Hermitage,SA,5131,89
Prospect Hill,SA,5201,89
Belvidere,SA,5255,89
Moockra,SA,5432,89
Spring Farm,SA,5453,89
Belalie North,SA,5491,89
Dudinin,WA,6363,89
Duranillin,WA,6393,89
Arrino,WA,6519,89
Bookara,WA,6525,89
Reynolds Neck,TAS,7304,89
Wendoree Park,NSW,2250,88
Picketts Valley,NSW,2251,88
Luskintyre,NSW,2321,88
Bullawa Creek,NSW,2390,88
Fernbrook,NSW,2453,88
Old Bonalbo,NSW,2469,88
Cedar Point,NSW,2474,88
Doon Doon,NSW,2484,88
Godfreys Creek,NSW,2586,88
Little Billabong,NSW,2644,88
Napoleon Reef,NSW,2795,88
Frog Rock,NSW,2850,88
Carpendeit,VIC,3260,88
Cape Clear,VIC,3351,88
Warrenbayne,VIC,3670,88
Maintongoon,VIC,3714,88
Goon Nure,VIC,3875,88
Thorndale,QLD,4380,88
Nandi,QLD,4405,88
Chances Plain,QLD,4413,88
Bells Creek,QLD,4551,88
Neerdie,QLD,4570,88
Okeden,QLD,4613,88
Bullcamp,QLD,4615,88
Glen Isla,QLD,4800,88
Springlands,QLD,4804,88
Beach Holm,QLD,4818,88
Coles,SA,5272,88
Wepar,SA,5278,88
Belalie East,SA,5491,88
Bungama,SA,5540,88
Thomson Brook,WA,6239,88
Channybearup,WA,6260,88
Takalarup,WA,6324,88
Ardath,WA,6419,88
Babakin,WA,6428,88
Police Point,TAS,7116,88
Emita,TAS,7255,88
Jetsonville,TAS,7260,88
Exton,TAS,7303,88
Llangothlin,NSW,2365,87
Bowman,NSW,2422,87
Crowdy Head,NSW,2427,87
Round Mountain,NSW,2484,87
Bellawongarah,NSW,2535,87
Curraweela,NSW,2580,87
Barwang,NSW,2594,87
Tomboye,NSW,2622,87
Huntley,NSW,2800,87
Twelve Mile,NSW,2850,87
Cookamidgera,NSW,2870,87
Bookaar,VIC,3260,87
Mumbannar,VIC,3304,87
Morrisons,VIC,3334,87
Rowsley,VIC,3340,87
Corindhap,VIC,3352,87
Katandra,VIC,3634,87
Hansonville,VIC,3675,87
Molesworth,VIC,3718,87
Buln Buln East,VIC,3821,87
Gelantipy,VIC,3885,87
Robertsons Beach,VIC,3971,87
Illinbah,QLD,4275,87
The Falls,QLD,4373,87
Brymaroo,QLD,4403,87
Dalwogon,QLD,4415,87
Womalilla,QLD,4465,87
Mannuem,QLD,4610,87
Electra,QLD,4670,87
Dakenba,QLD,4715,87
Bull Creek,SA,5157,87
Wattle Flat,SA,5203,87
Ponde,SA,5238,87
Paechtown,SA,5245,87
Senior,SA,5268,87
Keppoch,SA,5271,87
German Flat,SA,5280,87
Marama,SA,5307,87
Honiton,SA,5576,87
Davenport,SA,5700,87
Capel River,WA,6271,87
Chapman Hill,WA,6280,87
Mount Elphinstone,WA,6330,87
Tods Corner,TAS,7030,87
Loira,TAS,7275,87
Calga,NSW,2250,86
Martindale,NSW,2328,86
Upper Dartbrook,NSW,2336,86
Mount Mitchell,NSW,2365,86
Fosterton,NSW,2420,86
Pembrooke,NSW,2446,86
Blaxlands Creek,NSW,2460,86
Doubtful Creek,NSW,2470,86
Tyalgum Creek,NSW,2484,86
Breadalbane,NSW,2581,86
Fullerton,NSW,2583,86
Mimosa,NSW,2666,86
Evans Plains,NSW,2795,86
Kings Plains,NSW,2799,86
Kiacatoo,NSW,2877,86
Ombersley,VIC,3241,86
Curdievale,VIC,3268,86
Bessiebelle,VIC,3304,86
Mount Glasgow,VIC,3371,86
Yaapeet,VIC,3424,86
Tempy,VIC,3489,86
Manns Beach,VIC,3971,86
Innisplain,QLD,4285,86
Morton Vale,QLD,4343,86
Talgai,QLD,4362,86
Burra Burri,QLD,4410,86
South Talwood,QLD,4496,86
Golden Fleece,QLD,4621,86
Benholme,QLD,4754,86
Petford,QLD,4871,86
Karatta,SA,5223,86
Perponda,SA,5308,86
Fords,SA,5373,86
Neales Flat,SA,5374,86
Black Springs,SA,5413,86
Coonamia,SA,5540,86
Boors Plain,SA,5554,86
Yabberup,WA,6239,86
Palgarup,WA,6258,86
Muradup,WA,6394,86
London Lakes,TAS,7140,86
Bullarah,NSW,2400,85
Upsalls Creek,NSW,2439,85
Fernbank Creek,NSW,2444,85
Lynwood,NSW,2477,85
Kinvara,NSW,2478,85
Girral,NSW,2669,85
Warrawidgee,NSW,2680,85
Brewongle,NSW,2795,85
Triangle Flat,NSW,2795,85
Galambine,NSW,2850,85
Euabalong West,NSW,2877,85
Beremboke,VIC,3342,85
Springmount,VIC,3364,85
Wareek,VIC,3465,85
Mooroopna North,VIC,3629,85
Boho South,VIC,3669,85
Bengworden,VIC,3875,85
Benobble,QLD,4275,85
Nindooinbah,QLD,4285,85
Oaky Creek,QLD,4285,85
Cannon Creek,QLD,4310,85
Upper Pilton,QLD,4361,85
Monogorilby,QLD,4626,85
South Trees,QLD,4680,85
Blue Mountain,QLD,4737,85
Dingo Pocket,QLD,4854,85
No 4 Branch,QLD,4856,85
Martyville,QLD,4858,85
Warrubullen,QLD,4871,85
Killaloe,QLD,4877,85
Pine Hill,SA,5269,85
Hill River,SA,5453,85
Karrakup,WA,6122,85
Wellstead,WA,6328,85
Wadderin,WA,6369,85
Dangin,WA,6383,85
Spencers Brook,WA,6401,85
Kimberley,TAS,7304,85
Round Hill,TAS,7320,85
Weddell,NT,0822,84
Finke,NT,0872,84
Cedar Brush Creek,NSW,2259,84
Alison,NSW,2420,84
Upper Taylors Arm,NSW,2447,84
North Woodburn,NSW,2471,84
Broadwater,NSW,2549,84
Medway,NSW,2577,84
Gidginbung,NSW,2666,84
Gillenbah,NSW,2700,84
Edith,NSW,2787,84
Ellerslie,VIC,3265,84
Nangiloc,VIC,3494,84
Everton Upper,VIC,3678,84
Thoona,VIC,3726,84
Fordsdale,QLD,4343,84
Brush Creek,QLD,4387,84
Bracalba,QLD,4512,84
Anderleigh,QLD,4570,84
Alice Creek,QLD,4610,84
Minerva,QLD,4722,84
Middleton,QLD,4735,84
Foxdale,QLD,4800,84
Lethebrook,QLD,4800,84
Coolbie,QLD,4850,84
Bamboo Creek,QLD,4860,84
Menzies,SA,5223,84
Ettrick,SA,5253,84
Woolumbool,SA,5272,84
Belton,SA,5432,84
Balbarrup,WA,6258,84
Aldersyde,WA,6306,84
Gabbin,WA,6476,84
Liffey,TAS,7301,84
Uralla,NT,0852,83
Watsons Creek,NSW,2355,83
Darkwood,NSW,2454,83
Bora Ridge,NSW,2471,83
Pearces Creek,NSW,2477,83
Bournda,NSW,2548,83
Mount Tomah,NSW,2758,83
Browns Creek,NSW,2799,83
Bungaba,NSW,2852,83
Wongarra,VIC,3234,83
Darlington,VIC,3271,83
Hexham,VIC,3273,83
Byaduk,VIC,3301,83
Digby,VIC,3309,83
Bullarto,VIC,3461,83
Bridge Creek,VIC,3723,83
Merriang,VIC,3737,83
Mount Burnett,VIC,3781,83
Kernot,VIC,3979,83
Teviotville,QLD,4309,83
Bunburra,QLD,4310,83
Avoca Vale,QLD,4314,83
Thanes Creek,QLD,4370,83
Calico Creek,QLD,4570,83
Wilsons Pocket,QLD,4570,83
Kolonga,QLD,4671,83
Pinnacles,QLD,4815,83
Bamboo,QLD,4873,83
Bowelling,WA,6225,83
Henty,WA,6236,83
Howatharra,WA,6532,83
Petcheys Bay,TAS,7109,83
Bream Creek,TAS,7175,83
Pipalyatjara,NT,0872,82
Bukkulla,NSW,2360,82
Salisbury,NSW,2420,82
Bundook,NSW,2422,82
Caffreys Flat,NSW,2424,82
Hickeys Creek,NSW,2440,82
Millbank,NSW,2440,82
Rollands Plains,NSW,2441,82
Tamban,NSW,2441,82
Tullymorgan,NSW,2463,82
Woodview,NSW,2470,82
Rugby,NSW,2583,82
Reno,NSW,2722,82
Sheedys Gully,NSW,2790,82
Carcalgong,NSW,2850,82
Wirrinya,NSW,2871,82
Kolora,VIC,3265,82
Dean,VIC,3363,82
Amherst,VIC,3371,82
Stuart Mill,VIC,3477,82
Kimbolton,VIC,3551,82
Marungi,VIC,3634,82
Naring,VIC,3636,82
Molyullah,VIC,3673,82
Crossover,VIC,3821,82
Cloverlea,VIC,3822,82
Budgeree,VIC,3870,82
Brodribb River,VIC,3888,82
Oman Ama,QLD,4352,82
Irongate,QLD,4356,82
Headington Hill,QLD,4361,82
Mount Tully,QLD,4380,82
Wamuran Basin,QLD,4512,82
Cooroy Mountain,QLD,4563,82
Wattle Grove,QLD,4610,82
Ceratodus,QLD,4627,82
Dumpy Creek,QLD,4702,82
Gainsford,QLD,4702,82
Khosh Bulduk,QLD,4723,82
Murrigal,QLD,4854,82
Cygnet River,SA,5223,82
Cooke Plains,SA,5261,82
Kulpara,SA,5552,82
Wellington Mill,WA,6236,82
Carbunup River,WA,6280,82
William Bay,WA,6333,82
Lonnavale,TAS,7109,82
Cornwall,TAS,7215,82
Lymwood,TAS,7256,82
Eugenana,TAS,7310,82
East Cam,TAS,7321,82
Hebden,NSW,2330,81
Rouchel,NSW,2336,81
Wang Wauk,NSW,2423,81
Jerseyville,NSW,2431,81
Logans Crossing,NSW,2439,81
Moparrabah,NSW,2440,81
Goolmangar,NSW,2480,81
Tucki Tucki,NSW,2480,81
Numbugga,NSW,2550,81
Jerrawa,NSW,2582,81
Boro,NSW,2622,81
Eurongilly,NSW,2663,81
Berry Jerry,NSW,2701,81
The Marra,NSW,2831,81
Drung,VIC,3401,81
Byawatha,VIC,3678,81
Modella,VIC,3816,81
Boolarra South,VIC,3870,81
Ensay North,VIC,3895,81
Kardella South,VIC,3950,81
North Tivoli,QLD,4305,81
Lockyer,QLD,4344,81
Pinelands,QLD,4355,81
Turallin,QLD,4357,81
Loch Lomond,QLD,4370,81
Wuruma Dam,QLD,4627,81
Lochington,QLD,4720,81
Granadilla,QLD,4855,81
Flaxley,SA,5153,81
Sanderston,SA,5237,81
Borrika,SA,5309,81
Taplan,SA,5311,81
Kelly,SA,5641,81
Westall,SA,5680,81
Gairdner,WA,6337,81
Sprent,TAS,7315,81
Sisters Creek,TAS,7325,81
Elvina Bay,NSW,2105,80
Glen William,NSW,2321,80
Waukivory,NSW,2422,80
Mondrook,NSW,2430,80
Lower Creek,NSW,2440,80
Taylors Arm,NSW,2447,80
Blakebrook,NSW,2480,80
Sleepy Hollow,NSW,2483,80
Collendina,NSW,2646,80
Coreen,NSW,2646,80
Kyeamba,NSW,2650,80
Naradhan,NSW,2669,80
Alleena,NSW,2671,80
Gocup,NSW,2720,80
Essington,NSW,2787,80
Wuuluman,NSW,2820,80
Drumborg,VIC,3304,80
Tennyson,VIC,3572,80
Goulburn Weir,VIC,3608,80
Graytown,VIC,3608,80
Girgarre East,VIC,3616,80
Nariel Valley,VIC,3707,80
Fawcett,VIC,3714,80
Westbury,VIC,3825,80
Christmas Creek,QLD,4285,80
Elphinstone,QLD,4361,80
Nundubbermere,QLD,4380,80
Merlwood,QLD,4605,80
Upper Daradgee,QLD,4860,80
Murray Bridge South,SA,5253,80
Mindarie,SA,5309,80
Magdala,SA,5400,80
Wokurna,SA,5520,80
North Tammin,WA,6409,80
Woodsdale,TAS,7120,80
Upper Natone,TAS,7321,80
Milbrodale,NSW,2330,79
Graman,NSW,2360,79
Marshall Mount,NSW,2530,79
Kameruka,NSW,2550,79
Gurrundah,NSW,2581,79
Maimuru,NSW,2594,79
Daysdale,NSW,2646,79
Pitt Town Bottoms,NSW,2756,79
Jenolan,NSW,2790,79
Gollan,NSW,2820,79
Garibaldi,VIC,3352,79
Iraak,VIC,3494,79
Costerfield,VIC,3523,79
Patho,VIC,3564,79
Greta West,VIC,3675,79
Boorhaman,VIC,3678,79
Lake Rowan,VIC,3727,79
Bindi,VIC,3896,79
Stonehenge,QLD,4357,79
Back Plains,QLD,4361,79
Muldu,QLD,4401,79
Amamoor Creek,QLD,4570,79
Darts Creek,QLD,4695,79
Arcturus,QLD,4702,79
Breakaway,QLD,4825,79
Kimberley,QLD,4873,79
Pompoota,SA,5238,79
Pallamana,SA,5254,79
Mundulla West,SA,5270,79
New Residence,SA,5333,79
Vine Vale,SA,5352,79
Canowie Belt,SA,5420,79
Yarrah,SA,5433,79
Carlotta,WA,6275,79
Big Grove,WA,6330,79
Bow Bridge,WA,6333,79
Kwolyin,WA,6385,79
Pyengana,TAS,7216,79
Beswick,NT,0852,78
Elrington,NSW,2325,78
Wallangra,NSW,2360,78
Woodside,NSW,2372,78
Main Creek,NSW,2420,78
Moto,NSW,2426,78
Kundibakh,NSW,2429,78
Bellimbopinni,NSW,2440,78
Lower Southgate,NSW,2460,78
Binna Burra,NSW,2479,78
Wamban,NSW,2537,78
Bungarby,NSW,2630,78
Bectric,NSW,2665,78
Sebastopol,NSW,2666,78
Crudine,NSW,2795,78
Framlingham,VIC,3265,78
Wickliffe,VIC,3379,78
Lillimur,VIC,3420,78
Barfold,VIC,3444,78
Timor,VIC,3465,78
Pental Island,VIC,3586,78
Winton,VIC,3673,78
Granya,VIC,3701,78
Athlone,VIC,3818,78
Wooreen,VIC,3953,78
Obum Obum,QLD,4309,78
Ivory Creek,QLD,4313,78
Moorang,QLD,4340,78
Carpendale,QLD,4344,78
Diamondy,QLD,4410,78
Upper Glastonbury,QLD,4570,78
Wolfang,QLD,4721,78
Orion,QLD,4722,78
Cremorne,QLD,4740,78
Djarawong,QLD,4854,78
Danbulla,QLD,4872,78
Yundi,SA,5172,78
Koorine,SA,5279,78
Gurra Gurra,SA,5343,78
St Kitts,SA,5356,78
Pirie East,SA,5540,78
Ninnes,SA,5560,78
Beelerup,WA,6239,78
Eastbrook,WA,6260,78
Treeton,WA,6284,78
East Augusta,WA,6290,78
Greys Plain,WA,6701,78
Kundat Djaru,WA,6770,78
Memana,TAS,7255,78
Rum Jungle,NT,0822,77
Cheero Point,NSW,2083,77
Greenlands,NSW,2330,77
Garoo,NSW,2340,77
Upper Manilla,NSW,2346,77
Turners Flat,NSW,2440,77
Dorrigo Mountain,NSW,2453,77
Drake Village,NSW,2469,77
Lillian Rock,NSW,2480,77
Tongarra,NSW,2527,77
Blakney Creek,NSW,2581,77
Primrose Valley,NSW,2621,77
Manar,NSW,2622,77
North Yalgogrin,NSW,2671,77
Sandigo,NSW,2700,77
Upper Macdonald,NSW,2775,77
Hartley Vale,NSW,2790,77
North Yeoval,NSW,2868,77
Wensleydale,VIC,3241,77
Corunnun,VIC,3249,77
Clarendon,VIC,3352,77
Barkly,VIC,3384,77
Kamarooka,VIC,3570,77
Lalalty,VIC,3644,77
Locksley,VIC,3665,77
Bylands,VIC,3762,77
Jack River,VIC,3971,77
Barney View,QLD,4287,77
Milora,QLD,4309,77
Kincora,QLD,4356,77
Clintonvale,QLD,4370,77
Maryland,QLD,4377,77
Pindi Pindi,QLD,4798,77
Evans Landing,QLD,4874,77
Purnong,SA,5238,77
Bangham,SA,5268,77
Sebastopol,SA,5280,77
North West Bend,SA,5320,77
Sandleton,SA,5356,77
Willalo,SA,5419,77
Merriton,SA,5523,77
South Hummocks,SA,5550,77
Cunliffe,SA,5554,77
Weetulta,SA,5573,77
Bluff Beach,SA,5575,77
Solomon,SA,5641,77
Warawarrup,WA,6220,77
Hester Brook,WA,6255,77
Glenlynn,WA,6256,77
Stirling Estate,WA,6271,77
Wialki,WA,6473,77
Glenfern,TAS,7140,77
Blessington,TAS,7212,77
Bishopsbourne,TAS,7301,77
Cuprona,TAS,7316,77
Granville Harbour,TAS,7469,77
Upper Rouchel,NSW,2336,76
Bielsdown Hills,NSW,2453,76
Whiteman Creek,NSW,2460,76
Booerie Creek,NSW,2480,76
Keerrong,NSW,2480,76
Middle Pocket,NSW,2483,76
Wiarborough,NSW,2580,76
Ingebirah,NSW,2627,76
Mountain Lagoon,NSW,2758,76
Jeremy,NSW,2795,76
Spring Creek,NSW,2800,76
Tonderburine,NSW,2817,76
Erudgere,NSW,2850,76
Keilor North,VIC,3036,76
Yuroke,VIC,3063,76
Eastern View,VIC,3231,76
Yeo,VIC,3249,76
Boorcan,VIC,3265,76
Concongella,VIC,3384,76
Shepherds Flat,VIC,3461,76
Castle Donnington,VIC,3585,76
Silverdale,QLD,4307,76
Mount Stanley,QLD,4314,76
Townson,QLD,4341,76
Bongeen,QLD,4356,76
Greymare,QLD,4370,76
Murrays Bridge,QLD,4370,76
Kandanga Creek,QLD,4570,76
Munna Creek,QLD,4570,76
Wallu,QLD,4570,76
Ironpot,QLD,4610,76
Aramara,QLD,4620,76
Abington,QLD,4660,76
St Kilda,QLD,4671,76
Rosella,QLD,4740,76
Dalrymple Heights,QLD,4757,76
Hamilton Plains,QLD,4800,76
No 6 Branch,QLD,4859,76
The Range,SA,5172,76
Hay Flat,SA,5204,76
Mount Barker Springs,SA,5251,76
Lake Plains,SA,5255,76
Salter Springs,SA,5401,76
Yatina,SA,5422,76
Narridy,SA,5523,76
Wallaroo Plain,SA,5556,76
Yorke Valley,SA,5573,76
Cadoux,WA,6466,76
Strathblane,TAS,7109,76
Connellys Marsh,TAS,7173,76
Nile,TAS,7212,76
Lapoinya,TAS,7325,76
Imanpa,NT,0872,75
Mount Elliot,NSW,2250,75
Giants Creek,NSW,2328,75
Leconfield,NSW,2335,75
Limbri,NSW,2352,75
Reddestone,NSW,2370,75
Sandy Flat,NSW,2372,75
Tyringham,NSW,2453,75
Myrtle Creek,NSW,2469,75
West Coraki,NSW,2471,75
Skinners Shoot,NSW,2481,75
Kembla Heights,NSW,2526,75
Tilba Tilba,NSW,2546,75
Urila,ACT,2620,75
Eunanoreenya,NSW,2650,75
Methul,NSW,2701,75
Goodnight,NSW,2736,75
Upper Colo,NSW,2756,75
Clear Creek,NSW,2795,75
Guyong,NSW,2798,75
Mount Wallace,VIC,3342,75
Sandon,VIC,3462,75
Londrigan,VIC,3678,75
Ghin Ghin,VIC,3717,75
Moranding,VIC,3764,75
Baw Baw Village,VIC,3833,75
Glen Forbes,VIC,3990,75
Condamine Plains,QLD,4352,75
Banks Pocket,QLD,4570,75
Kapaldo,QLD,4630,75
Glenorchy,QLD,4650,75
Susan River,QLD,4655,75
Kalapa,QLD,4702,75
Morinish,QLD,4702,75
Bauhinia,QLD,4718,75
Opalton,QLD,4735,75
Gawler River,SA,5118,75
Murray Bridge North,SA,5253,75
Marananga,SA,5355,75
Hampden,SA,5374,75
Munster,WA,6166,75
Noggerup,WA,6225,75
Denbarker,WA,6324,75
South Tammin,WA,6409,75
Tanami,WA,6770,75
Rhyndaston,TAS,7120,75
Redpa,TAS,7330,75
Laramba,NT,0872,74
Mount Liebig,NT,0872,74
Garthowen,NSW,2345,74
Yarrowyck,NSW,2358,74
Stonehenge,NSW,2370,74
Mount Seaview,NSW,2446,74
Billys Creek,NSW,2453,74
The Whiteman,NSW,2460,74
New Park,NSW,2474,74
Dulguigan,NSW,2484,74
East Lynne,NSW,2536,74
Junee Reefs,NSW,2666,74
Bunnaloo,NSW,2731,74
Marlow,NSW,2775,74
Crowther,NSW,2803,74
Apsley,NSW,2820,74
Biddon,NSW,2827,74
Cudgegong,NSW,2850,74
Chetwynd,VIC,3312,74
Plumpton,VIC,3335,74
Riverslea,VIC,3860,74
Combienbar,VIC,3889,74
Blacksoil,QLD,4306,74
Eskdale,QLD,4312,74
Crowley Vale,QLD,4342,74
Upper Freestone,QLD,4370,74
Rawbelle,QLD,4630,74
Tellebang,QLD,4630,74
Pioneers Rest,QLD,4650,74
Fairymead,QLD,4670,74
Kinkuna,QLD,4670,74
Iveragh,QLD,4680,74
Dalma,QLD,4702,74
Valkyrie,QLD,4742,74
Vasa Views,QLD,4860,74
Sherwood,SA,5267,74
Hart,SA,5464,74
Murray Town,SA,5481,74
Brooker,SA,5607,74
Murdinga,SA,5607,74
Cold Harbour,WA,6302,74
Cuthbert,WA,6330,74
North Walpole,WA,6398,74
Coomberdale,WA,6512,74
South Greenough,WA,6528,74
Beechina,WA,6556,74
Bushy Park,TAS,7140,74
Birchs Bay,TAS,7162,74
Caveside,TAS,7304,74
West Pine,TAS,7316,74
Canteen Creek,NT,0872,73
Huntleys Point,NSW,2111,73
Stannum,NSW,2371,73
Horse Station Creek,NSW,2474,73
Turlinjah,NSW,2537,73
Kamarah,NSW,2665,73
Mirrool,NSW,2665,73
Hazelgrove,NSW,2787,73
Caloola,NSW,2795,73
Limekilns,NSW,2795,73
Wurdiboluc,VIC,3241,73
Langkoop,VIC,3318,73
Pentland Hills,VIC,3341,73
Mckenzie Creek,VIC,3401,73
Glenhope,VIC,3444,73
Redcastle,VIC,3523,73
Childers,VIC,3824,73
Carrajung,VIC,3844,73
Tarraville,VIC,3971,73
Mount Berryman,QLD,4341,73
The Pines,QLD,4357,73
Bony Mountain,QLD,4370,73
Wildash,QLD,4370,73
Takilberan,QLD,4671,73
Garnant,QLD,4702,73
Barmoya,QLD,4703,73
Mia Mia,QLD,4754,73
Yuruga,QLD,4850,73
Walter Lever Estate,QLD,4856,73
Waterfall Gully,SA,5066,73
Thorngate,SA,5082,73
Mosquito Hill,SA,5214,73
Culburra,SA,5261,73
Field,SA,5265,73
Peebinga,SA,5304,73
Pewsey Vale,SA,5351,73
Gomersal,SA,5352,73
Australia Plains,SA,5374,73
Buchanan,SA,5374,73
Long Plains,SA,5501,73
Rogues Point,SA,5571,73
Pygery,SA,5652,73
Mount Damper,SA,5654,73
South Kumminin,WA,6368,73
Hines Hill,WA,6413,73
Muntadgin,WA,6420,73
Useless Loop,WA,6537,73
Piawaning,WA,6572,73
Randalls Bay,TAS,7112,73
Castle Rock,NSW,2333,72
Mount Russell,NSW,2360,72
Boat Harbour,NSW,2480,72
Brays Creek,NSW,2484,72
Bream Beach,NSW,2540,72
Murrah,NSW,2546,72
Bullio,NSW,2575,72
Crooked Corner,NSW,2583,72
Tinderry,ACT,2620,72
Widgelli,NSW,2680,72
Rannock,NSW,2701,72
Wirrimah,NSW,2803,72
South Purrumbete,VIC,3260,72
Grangefields,VIC,3335,72
Wahring,VIC,3608,72
Zeerust,VIC,3634,72
Carrajung Lower,VIC,3844,72
Willung South,VIC,3847,72
Wuk Wuk,VIC,3875,72
Cabbage Tree Creek,VIC,3889,72
Ingoldsby,QLD,4343,72
Mcintosh Creek,QLD,4570,72
Corndale,QLD,4610,72
Netherby,QLD,4650,72
Lotus Creek,QLD,4705,72
Palm Grove,QLD,4800,72
Butchers Creek,QLD,4885,72
Dudley West,SA,5222,72
Blackford,SA,5275,72
Old Calperum,SA,5341,72
Bumbunga,SA,5520,72
Brentwood,SA,5575,72
Tooligie,SA,5607,72
Elgin,WA,6237,72
Kokeby,WA,6304,72
Varley,WA,6355,72
Nugara,TAS,7256,72
Breona,TAS,7304,72
Dunorlan,TAS,7304,72
Quamby Brook,TAS,7304,72
Titjikala,NT,0872,71
Yuelamu,NT,0872,71
Amoonguna,NT,0873,71
Fishermans Bay,NSW,2316,71
Anambah,NSW,2320,71
Fordwich,NSW,2330,71
Timbumburi,NSW,2340,71
Milroy,NSW,2380,71
Copeland,NSW,2422,71
Allgomera,NSW,2441,71
Collins Creek,NSW,2474,71
Eden Creek,NSW,2474,71
Ettrick,NSW,2474,71
Ruthven,NSW,2480,71
Rowlands Creek,NSW,2484,71
Upper Duroby,NSW,2486,71
Broughton Village,NSW,2534,71
Deua River Valley,NSW,2537,71
Peelwood,NSW,2583,71
Pialligo,ACT,2609,71
Goobarragandra,NSW,2720,71
Burra Creek,NSW,2722,71
Ophir,NSW,2800,71
Bodangora,NSW,2820,71
Moorabool,VIC,3213,71
Rosebrook,VIC,3285,71
Strangways,VIC,3461,71
Meringur,VIC,3496,71
Yielima,VIC,3638,71
Waggarandall,VIC,3646,71
Greta South,VIC,3675,71
Upper Gundowring,VIC,3691,71
Stewarton,VIC,3725,71
Rosewhite,VIC,3737,71
Mount Toolebewong,VIC,3777,71
Airly,VIC,3851,71
Reedy Flat,VIC,3895,71
Korumburra South,VIC,3950,71
Broxburn,QLD,4356,71
Johnstown,QLD,4615,71
Causeway Lake,QLD,4703,71
Munbura,QLD,4740,71
Boigu Island,QLD,4875,71
Angas Plains,SA,5255,71
Kepa,SA,5259,71
Struan,SA,5271,71
Emu Flat,SA,5453,71
Grace Plains,SA,5502,71
Willamulka,SA,5554,71
Duck Ponds,SA,5607,71
Hazelvale,WA,6333,71
South Plantations,WA,6701,71
Parkham,TAS,7304,71
Table Cape,TAS,7325,71
Baines,NT,0852,70
Gowrie,NSW,2340,70
Kenebri,NSW,2396,70
Austral Eden,NSW,2440,70
Jackadgery,NSW,2460,70
Taloumbi,NSW,2463,70
Wooyung,NSW,2483,70
Wapengo,NSW,2550,70
Hill Top,NSW,2628,70
Walleroobie,NSW,2665,70
Irrewillipe East,VIC,3249,70
Yulecart,VIC,3301,70
Sailors Falls,VIC,3461,70
Tresco West,VIC,3584,70
Coomboona,VIC,3629,70
Kerrisdale,VIC,3660,70
Genoa,VIC,3891,70
Woodleigh,VIC,3945,70
Middle Tarwin,VIC,3956,70
Undullah,QLD,4285,70
Ashwell,QLD,4340,70
Woodlands,QLD,4343,70
Rockmount,QLD,4344,70
Pierces Creek,QLD,4355,70
Springside,QLD,4356,70
Willowvale,QLD,4370,70
Hookswood,QLD,4415,70
Ward,QLD,4470,70
Upper Yarraman,QLD,4614,70
Wyalla,QLD,4615,70
Mount Archer,QLD,4701,70
Oxford,QLD,4742,70
Middlebrook,QLD,4886,70
Silverton,SA,5204,70
Qualco,SA,5322,70
Whitwarta,SA,5461,70
Waddikee,SA,5640,70
Cardiff,WA,6225,70
Southampton,WA,6253,70
Bornholm,WA,6330,70
Harrismith,WA,6361,70
Beermullah,WA,6503,70
Meru,WA,6530,70
Gascoyne Junction,WA,6705,70
Weegena,TAS,7304,70
Oyster Cove,NSW,2318,69
Dumaresq,NSW,2350,69
Summer Hill,NSW,2421,69
Greenridge,NSW,2471,69
Leycester,NSW,2480,69
Dum Dum,NSW,2484,69
Kynnumboon,NSW,2484,69
Budgong,NSW,2577,69
Glen Allen,NSW,2631,69
Webbs Creek,NSW,2775,69
Mount Frome,NSW,2850,69
Mollongghip,VIC,3352,69
Dunach,VIC,3371,69
Tatyoon,VIC,3378,69
Vaughan,VIC,3451,69
Clydesdale,VIC,3461,69
Moonlight Flat,VIC,3465,69
Natte Yallock,VIC,3465,69
Macorna,VIC,3579,69
Mundoona,VIC,3635,69
Boosey,VIC,3730,69
Lardner,VIC,3821,69
Koorooman,VIC,3953,69
Walkerville North,VIC,3956,69
Cryna,QLD,4285,69
Limestone Ridges,QLD,4305,69
Templin,QLD,4310,69
Glen Esk,QLD,4312,69
Mount Binga,QLD,4314,69
Veradilla,QLD,4347,69
Glenlyon,QLD,4380,69
Nahrunda,QLD,4570,69
Coolabine,QLD,4574,69
Bunya Creek,QLD,4655,69
South Yaamba,QLD,4702,69
Dittmer,QLD,4800,69
West Point,QLD,4819,69
Middle River,SA,5223,69
Pooginagoric,SA,5268,69
Nora Creina,SA,5276,69
Kaloorup,WA,6280,69
Forest Hill,WA,6324,69
Pingaring,WA,6357,69
Lumeah,WA,6395,69
Gregory,WA,6535,69
Flowerpot,TAS,7163,69
Nugent,TAS,7172,69
Venn,NT,0852,68
Wandsworth,NSW,2365,68
Long Flat,NSW,2446,68
Carrs Creek,NSW,2460,68
Alpine,NSW,2575,68
Pomeroy,NSW,2580,68
Lost River,NSW,2583,68
Wog Wog,NSW,2622,68
Laughtondale,NSW,2775,68
Belgravia,NSW,2800,68
The Sisters,VIC,3265,68
Orford,VIC,3284,68
Wannon,VIC,3301,68
Lillicur,VIC,3371,68
Little Hampton,VIC,3458,68
Dunluce,VIC,3472,68
Cosgrove,VIC,3631,68
Lima South,VIC,3673,68
Edi Upper,VIC,3678,68
Tamrookum,QLD,4285,68
Kentville,QLD,4341,68
Yandilla,QLD,4352,68
West Prairie,QLD,4403,68
Beeron,QLD,4626,68
Brookhill,QLD,4816,68
Kalunga,QLD,4887,68
Torrens Vale,SA,5203,68
Avoca Dell,SA,5253,68
Krondorf,SA,5352,68
Koongawa,SA,5650,68
Hamelin Bay,WA,6288,68
East Beverley,WA,6304,68
Wedgecarrup,WA,6315,68
Mount Palmer,WA,6426,68
Brown Range,WA,6701,68
Wayatinah,TAS,7140,68
Conara,TAS,7211,68
Killiecrankie,TAS,7255,68
Waterhouse,TAS,7262,68
Henrietta,TAS,7325,68
Mengha,TAS,7330,68
Robin Falls,NT,0822,67
Goolhi,NSW,2379,67
Weemelah,NSW,2406,67
Caparra,NSW,2429,67
Mungay Creek,NSW,2440,67
Upper Rollands Plains,NSW,2441,67
Stewarts River,NSW,2443,67
Waterview,NSW,2460,67
Swan Creek,NSW,2462,67
Backmede,NSW,2470,67
Fawcetts Plain,NSW,2474,67
Byrrill Creek,NSW,2484,67
Bungalora,NSW,2486,67
Mummel,NSW,2580,67
Kangiara,NSW,2582,67
Tharwa,ACT,2620,67
Mulloon,NSW,2622,67
Book Book,NSW,2650,67
Maxwell,NSW,2650,67
Maragle,NSW,2653,67
Leets Vale,NSW,2775,67
Glenormiston South,VIC,3265,67
Leichardt,VIC,3516,67
Tatura East,VIC,3616,67
Caveat,VIC,3660,67
Forbes,VIC,3764,67
Mountain View,VIC,3988,67
Poowong East,VIC,3988,67
Knapp Creek,QLD,4285,67
Gregors Creek,QLD,4313,67
Googa Creek,QLD,4314,67
Palmtree,QLD,4352,67
Rossvale,QLD,4356,67
Stoneleigh,QLD,4356,67
Wunjunga,QLD,4806,67
Colebatch,SA,5266,67
Coombe,SA,5267,67
Pike River,SA,5340,67
Annadale,SA,5356,67
Hornsdale,SA,5491,67
Cungena,SA,5660,67
Kookynie,WA,6431,67
Lort River,WA,6447,67
National Park,TAS,7140,67
Crayfish Creek,TAS,7321,67
Oldina,TAS,7325,67
Douglas-daly,NT,0822,66
Daly Waters,NT,0852,66
Carrington,NSW,2324,66
Warrah Ridge,NSW,2343,66
Kentucky South,NSW,2354,66
Croppa Creek,NSW,2411,66
Wirrimbi,NSW,2447,66
Dyraaba,NSW,2470,66
Mongogarie,NSW,2470,66
Hopkins Creek,NSW,2484,66
Numinbah,NSW,2484,66
Chatsbury,NSW,2580,66
Broadway,NSW,2581,66
Savernake,NSW,2646,66
Cookardinia,NSW,2650,66
Osborne,NSW,2656,66
Gogeldrie,NSW,2705,66
Warragoon,NSW,2710,66
Wheeny Creek,NSW,2758,66
Weering,VIC,3251,66
Glenfyne,VIC,3266,66
Gheringhap,VIC,3331,66
She Oaks,VIC,3331,66
Crowlands,VIC,3377,66
Moolort,VIC,3465,66
Speed,VIC,3488,66
Timmering,VIC,3561,66
Norong,VIC,3682,66
Woodfield,VIC,3715,66
Mountain Bay,VIC,3723,66
High Camp,VIC,3764,66
Hillview,QLD,4285,66
Coalbank,QLD,4352,66
North Branch,QLD,4356,66
Blythdale,QLD,4455,66
Coochin Creek,QLD,4519,66
Coles Creek,QLD,4570,66
Doongul,QLD,4620,66
Mount Debateable,QLD,4625,66
Thinoomba,QLD,4650,66
Hamilton Creek,QLD,4714,66
Shell Pocket,QLD,4855,66
Germantown,QLD,4871,66
Lower Cowley,QLD,4871,66
Mabuiag Island,QLD,4875,66
Cherryville,SA,5134,66
Stokes Bay,SA,5223,66
Tilley Swamp,SA,5275,66
Calomba,SA,5501,66
Cunningham,SA,5571,66
Mangalo,SA,5602,66
Eba Anchorage,SA,5680,66
Preston Settlement,WA,6225,66
Newlands,WA,6251,66
Hester,WA,6255,66
Jackitup,WA,6335,66
Nangeenan,WA,6414,66
Howick,WA,6450,66
Merivale,WA,6450,66
Mogumber,WA,6506,66
Bowes,WA,6535,66
Marion Bay,TAS,7175,66
Paradise,TAS,7306,66
Bakers Beach,TAS,7307,66
Highclere,TAS,7321,66
Edith Creek,TAS,7330,66
Umuwa,NT,0872,65
Elderslie,NSW,2335,65
Glenbawn,NSW,2337,65
Moonan Brook,NSW,2337,65
Sherwood,NSW,2440,65
Bellangry,NSW,2446,65
Trenayr,NSW,2460,65
Busbys Flat,NSW,2469,65
Dobies Bight,NSW,2470,65
Tuckurimba,NSW,2480,65
Warri,NSW,2622,65
Talmalmo,NSW,2640,65
Trungley Hall,NSW,2666,65
Curlew Waters,NSW,2672,65
Kyalite,NSW,2715,65
Kunama,NSW,2730,65
Burraboi,NSW,2732,65
Walang,NSW,2795,65
Spring Terrace,NSW,2798,65
Tallwood,NSW,2798,65
Vittoria,NSW,2799,65
Neilrex,NSW,2831,65
Nullo Mountain,NSW,2849,65
Obley,NSW,2868,65
Wyelangta,VIC,3237,65
Glenaire,VIC,3238,65
Byaduk North,VIC,3300,65
Mooralla,VIC,3314,65
Berrybank,VIC,3323,65
Campbelltown,VIC,3364,65
Chinkapook,VIC,3546,65
Wemen,VIC,3549,65
Tallandoon,VIC,3701,65
Dewhurst,VIC,3808,65
Hallora,VIC,3818,65
Fassifern Valley,QLD,4309,65
Burnett Creek,QLD,4310,65
Djuan,QLD,4352,65
Norwin,QLD,4356,65
Pikedale,QLD,4380,65
Inglestone,QLD,4422,65
Rush Creek,QLD,4521,65
Glen Echo,QLD,4570,65
Woocoo,QLD,4620,65
Mount Tom,QLD,4677,65
Currajah,QLD,4871,65
Cadgee,SA,5271,65
Spence,SA,5271,65
Clay Wells,SA,5280,65
Eba,SA,5320,65
Sutherlands,SA,5374,65
Black Rock,SA,5431,65
Coomooroo,SA,5431,65
Everard Central,SA,5461,65
Stone Hut,SA,5480,65
Port Gibbon,SA,5602,65
Chandada,SA,5680,65
Charra,SA,5690,65
Birchmont,WA,6214,65
Daliak,WA,6302,65
Gwambygine,WA,6302,65
Woogenellup,WA,6324,65
Needilup,WA,6336,65
Borden,WA,6338,65
Pipers Brook,TAS,7254,65
Christmas Hills,TAS,7330,65
Areyonga,NT,0872,64
Atitjere,NT,0872,64
Wallace Rockhole,NT,0872,64
Camellia,NSW,2142,64
Enmore,NSW,2350,64
Spring Plains,NSW,2388,64
Grevillia,NSW,2474,64
Woodhill,NSW,2535,64
Stony Creek,NSW,2550,64
Wyanbene,NSW,2622,64
Peak View,NSW,2630,64
Courabyra,NSW,2653,64
Colo,NSW,2756,64
Porters Retreat,NSW,2787,64
Mullamuddy,NSW,2850,64
Goonumbla,NSW,2870,64
Wando Vale,VIC,3312,64
Mount Doran,VIC,3334,64
Nintingbool,VIC,3351,64
Wonwondah,VIC,3401,64
Baynton,VIC,3444,64
Betley,VIC,3472,64
Ballendella,VIC,3561,64
Carboor,VIC,3678,64
Cornishtown,VIC,3683,64
Dollar,VIC,3871,64
Warroo,QLD,4387,64
Ghinghinda,QLD,4420,64
Scotchy Pocket,QLD,4570,64
Mcharg Creek,SA,5157,64
Milendella,SA,5237,64
Spring Gully,SA,5453,64
Bundaleer North,SA,5491,64
Port Gawler,SA,5501,64
Clements Gap,SA,5523,64
Melton,SA,5552,64
South Kilkerran,SA,5573,64
Miltalie,SA,5602,64
Bookabie,SA,5690,64
Wellesley,WA,6233,64
Bramley,WA,6285,64
East Munglinup,WA,6450,64
Binnu,WA,6532,64
Pindar,WA,6631,64
Waterbank,WA,6725,64
Pawleena,TAS,7172,64
Patersonia,TAS,7259,64
Lower Wilmot,TAS,7310,64
South Forest,TAS,7330,64
Warrah Creek,NSW,2339,63
Whoota,NSW,2428,63
Tipperary,NSW,2429,63
Depot Beach,NSW,2536,63
Glenmore,NSW,2570,63
Beggan Beggan,NSW,2587,63
Kikiamah,NSW,2594,63
Memagong,NSW,2594,63
Rossi,NSW,2621,63
Pulletop,NSW,2650,63
Yarragundry,NSW,2650,63
Mount Irvine,NSW,2786,63
Fosters Valley,NSW,2795,63
Suntop,NSW,2820,63
Buddabadah,NSW,2825,63
Gilgooma,NSW,2829,63
Laang,VIC,3265,63
Naringal,VIC,3277,63
Nareen,VIC,3315,63
Rocklyn,VIC,3364,63
Chewton Bushlands,VIC,3451,63
Mount Franklin,VIC,3461,63
Tragowel,VIC,3579,63
Kithbrook,VIC,3666,63
King Valley,VIC,3678,63
Homewood,VIC,3717,63
Driffield,VIC,3840,63
Anthony,QLD,4310,63
Ascot,QLD,4359,63
Baking Board,QLD,4413,63
Warkon,QLD,4417,63
Bymount,QLD,4455,63
Cedarton,QLD,4514,63
Dangore,QLD,4610,63
Kinleymore,QLD,4613,63
Gigoomgan,QLD,4620,63
Philpott,QLD,4626,63
Duckinwilla,QLD,4650,63
Callide,QLD,4715,63
Brandy Creek,QLD,4800,63
Kalkadoon,QLD,4825,63
Minbun,QLD,4886,63
D'estrees Bay,SA,5223,63
Duncan,SA,5223,63
Jabuk,SA,5301,63
Hansborough,SA,5374,63
Huddleston,SA,5523,63
Mount Hope,SA,5607,63
Cundinup,WA,6275,63
Yelverton,WA,6280,63
Kauring,WA,6302,63
Bannister,WA,6390,63
Warralakin,WA,6421,63
Dewars Pool,WA,6567,63
Plenty,TAS,7140,63
Bangor,TAS,7267,63
Togari,TAS,7330,63
Trowutta,TAS,7330,63
Emungalan,NT,0850,62
Ti Tree,NT,0872,62
Wutunugurra,NT,0872,62
Mangoola,NSW,2328,62
Pine Ridge,NSW,2343,62
Rushes Creek,NSW,2346,62
Willala,NSW,2382,62
Tabbil Creek,NSW,2420,62
Faulkland,NSW,2422,62
Coralville,NSW,2443,62
Calliope,NSW,2462,62
Mummulgum,NSW,2469,62
Tomewin,NSW,2484,62
Jerrara,NSW,2533,62
Numbaa,NSW,2540,62
Dignams Creek,NSW,2546,62
Big Hill,NSW,2579,62
Cavan,NSW,2582,62
Wheeo,NSW,2583,62
Glenellen,NSW,2642,62
Tootool,NSW,2655,62
Morangarell,NSW,2666,62
Logie Brae,NSW,2713,62
Wondalga,NSW,2729,62
Womboota,NSW,2731,62
Mourquong,NSW,2739,62
Yangery,VIC,3283,62
Wallacedale,VIC,3303,62
Balliang East,VIC,3340,62
Bald Hills,VIC,3364,62
Minimay,VIC,3413,62
Carwarp,VIC,3494,62
Kotta,VIC,3565,62
Mead,VIC,3568,62
Greta,VIC,3675,62
Taminick,VIC,3675,62
Docker,VIC,3678,62
Terip Terip,VIC,3719,62
Howqua,VIC,3723,62
Frazerview,QLD,4309,62
Mount French,QLD,4310,62
Junction View,QLD,4343,62
Gladfield,QLD,4370,62
Wyberba,QLD,4382,62
Limevale,QLD,4384,62
Jinghi,QLD,4410,62
Parknook,QLD,4417,62
Mount Delaney,QLD,4514,62
Stonelands,QLD,4612,62
Theresa Creek,QLD,4721,62
Chirnside,QLD,4723,62
Conway Beach,QLD,4800,62
Kaban,QLD,4888,62
Sampson Flat,SA,5114,62
Hope Forest,SA,5172,62
Gosse,SA,5223,62
Ki Ki,SA,5261,62
Wongyarra,SA,5481,62
Coomunga,SA,5607,62
Mudamuckla,SA,5680,62
East Nannup,WA,6275,62
West River,WA,6346,62
Hill River,WA,6521,62
Copley,WA,6562,62
Goulds Country,TAS,7216,62
Western Creek,TAS,7304,62
Nietta,TAS,7315,62
Daly River,NT,0822,61
Florina,NT,0852,61
Flynn,NT,0875,61
Lambs Valley,NSW,2370,61
Weetaliba,NSW,2395,61
Shallow Bay,NSW,2428,61
Homeleigh,NSW,2474,61
Glengarrie,NSW,2486,61
Pyree,NSW,2540,61
Eurobodalla,NSW,2545,61
Majura,ACT,2609,61
Bowna,NSW,2644,61
Rowan,NSW,2650,61
Quandary,NSW,2665,61
Narraburra,NSW,2666,61
Richmond Lowlands,NSW,2753,61
Mount Marsden,NSW,2849,61
Two Mile Flat,NSW,2852,61
Nutfield,VIC,3099,61
Weerite,VIC,3260,61
Henty,VIC,3312,61
Yanac,VIC,3418,61
Kyneton South,VIC,3444,61
Fern Hill,VIC,3458,61
Strathallan,VIC,3622,61
Arcadia South,VIC,3631,61
Trawool,VIC,3660,61
Ebden,VIC,3691,61
Clydebank,VIC,3851,61
Dumbalk North,VIC,3956,61
Agnes,VIC,3962,61
Neranwood,QLD,4213,61
Ferny Glen,QLD,4275,61
Fulham,QLD,4313,61
Forest Ridge,QLD,4357,61
Silverwood,QLD,4370,61
Westvale,QLD,4514,61
Walkers Point,QLD,4650,61
Gregory River,QLD,4660,61
Taunton,QLD,4674,61
Chelona,QLD,4740,61
Newland,SA,5223,61
Towitta,SA,5353,61
Koonunga,SA,5373,61
Hanson,SA,5417,61
Parnaroo,SA,5422,61
Wagerup,WA,6215,61
Glenoran,WA,6258,61
Narrogin Valley,WA,6312,61
Pinwernying,WA,6317,61
Pallinup,WA,6335,61
Marradong,WA,6390,61
Kadathinni,WA,6519,61
Hayes,TAS,7140,61
Pontypool,TAS,7190,61
Rosevale,TAS,7292,61
Upper Castra,TAS,7315,61
Mawbanna,TAS,7321,61
Auburn Vale,NSW,2360,60
Newton Boyd,NSW,2370,60
Yarrowford,NSW,2370,60
Cooplacurripa,NSW,2424,60
Brombin,NSW,2446,60
Lynchs Creek,NSW,2474,60
Coolgardie,NSW,2478,60
Howards Grass,NSW,2480,60
Bimbimbie,NSW,2536,60
Paddys River,NSW,2577,60
Werai,NSW,2577,60
Nubba,NSW,2587,60
Jingellic,NSW,2642,60
Dirnaseer,NSW,2666,60
Trentham Cliffs,NSW,2738,60
Berambing,NSW,2758,60
Garland,NSW,2797,60
Bobadah,NSW,2877,60
Hordern Vale,VIC,3238,60
Victoria Valley,VIC,3294,60
Brimpaen,VIC,3401,60
Newbury,VIC,3458,60
Horfield,VIC,3567,60
Mcmillans,VIC,3568,60
Myall,VIC,3579,60
Toolamba West,VIC,3614,60
Bobinawarrah,VIC,3678,60
Glengarry West,VIC,3854,60
Winnindoo,VIC,3858,60
Delegate River,VIC,3888,60
Lance Creek,VIC,3995,60
O'reilly,QLD,4275,60
Plainby,QLD,4355,60
Canningvale,QLD,4370,60
Diamondvale,QLD,4380,60
Kowguran,QLD,4415,60
Kinnoul,QLD,4420,60
Speedwell,QLD,4613,60
Ban Ban,QLD,4625,60
Beaver Rock,QLD,4650,60
Brightly,QLD,4741,60
O'briens Hill,QLD,4860,60
Stewart Creek Valley,QLD,4873,60
Deep Creek,SA,5204,60
Mount Barker Summit,SA,5251,60
Daveyston,SA,5355,60
Caltowie West,SA,5490,60
Lower Broughton,SA,5540,60
Nalyappa,SA,5558,60
Minbrie,SA,5602,60
Olympic Dam,SA,5725,60
Westdale,WA,6304,60
Boxwood Hill,WA,6338,60
Eucla,WA,6443,60
Windabout,WA,6450,60
Cowalla,WA,6503,60
Yathroo,WA,6507,60
Isseka,WA,6535,60
Yallabatharra,WA,6535,60
Reedy,WA,6640,60
Blackwood Creek,TAS,7301,60
Moltema,TAS,7304,60
Red Hills,TAS,7304,60
Davenport,NT,0872,59
Uarbry,NSW,2329,59
Wongwibinda,NSW,2350,59
Rocky Glen,NSW,2357,59
Atholwood,NSW,2361,59
Stannifer,NSW,2369,59
Jones Island,NSW,2430,59
Wittitrin,NSW,2440,59
Yessabah,NSW,2440,59
Pappinbarra,NSW,2446,59
Hogarth Range,NSW,2469,59
Whiporie,NSW,2469,59
Naughtons Gap,NSW,2470,59
Upper Wilsons Creek,NSW,2482,59
Wattamolla,NSW,2535,59
Rocky Hall,NSW,2550,59
Colinroobie,NSW,2700,59
Baldry,NSW,2867,59
Brucknell,VIC,3268,59
Glen Park,VIC,3352,59
Springbank,VIC,3352,59
Toolondo,VIC,3401,59
Franklinford,VIC,3461,59
Green Gully,VIC,3462,59
Upper Lurg,VIC,3673,59
Tintaldra,VIC,3708,59
Manapouri,QLD,4361,59
Mp Creek,QLD,4606,59
Damascus,QLD,4671,59
Rossmoya,QLD,4702,59
Wilson Beach,QLD,4800,59
Goondi,QLD,4860,59
Chapel Hill,SA,5153,59
Sapphiretown,SA,5222,59
White Hill,SA,5254,59
Elwomple,SA,5260,59
Magarey,SA,5280,59
Karte,SA,5304,59
Maggea,SA,5311,59
Stone Well,SA,5352,59
Ngapala,SA,5374,59
Linwood,SA,5410,59
Red Hill,WA,6056,59
Moulyinning,WA,6351,59
Grasstree Hill,TAS,7017,59
Gray,TAS,7215,59
Tunnel,TAS,7254,59
Cogra Bay,NSW,2083,58
Twelve Mile Creek,NSW,2324,58
Kars Springs,NSW,2337,58
Mooral Creek,NSW,2429,58
Hydes Creek,NSW,2454,58
Upper Copmanhurst,NSW,2460,58
North Arm,NSW,2484,58
Terragon,NSW,2484,58
East Kangaloon,NSW,2576,58
Burrinjuck,NSW,2582,58
Urangeline,NSW,2656,58
Grahamstown,NSW,2729,58
Cornwallis,NSW,2756,58
Curra Creek,NSW,2820,58
Tambaroora,NSW,2850,58
Garema,NSW,2871,58
Exford,VIC,3338,58
Staffordshire Reef,VIC,3351,58
Nandaly,VIC,3533,58
Dingwall,VIC,3579,58
Cooma,VIC,3616,58
Murmungee,VIC,3747,58
Perry Bridge,VIC,3862,58
Mount Best,VIC,3960,58
Woorarra West,VIC,3960,58
Caffey,QLD,4343,58
Hirstglen,QLD,4359,58
Ryeford,QLD,4361,58
Ballaroo,QLD,4455,58
Redgate,QLD,4605,58
Crinum,QLD,4723,58
Dunnrock,QLD,4740,58
Dalrymple Creek,QLD,4850,58
Friday Pocket,QLD,4855,58
Western River,SA,5223,58
Comaum,SA,5277,58
Dismal Swamp,SA,5291,58
Bugle Hut,SA,5311,58
Barunga Gap,SA,5520,58
Hawson,SA,5607,58
Nunjikompita,SA,5680,58
Acton Park,WA,6280,58
Mount Walker,WA,6369,58
Hastings,TAS,7109,58
Runnymede,TAS,7190,58
Goshen,TAS,7216,58
Lorinna,TAS,7306,58
East Ridgley,TAS,7321,58
Keinbah,NSW,2320,57
Sandy Hill,NSW,2372,57
Ghoolendaadi,NSW,2380,57
Munni,NSW,2420,57
Chambigne,NSW,2460,57
Coongbar,NSW,2469,57
Piora,NSW,2470,57
West Bungawalbin,NSW,2471,57
West Wiangaree,NSW,2474,57
Talofa,NSW,2481,57
Darkes Forest,NSW,2508,57
Croom,NSW,2527,57
Kanoona,NSW,2550,57
Biala,NSW,2581,57
Paddys River,ACT,2620,57
Anembo,NSW,2621,57
Cootralantra,NSW,2628,57
Countegany,NSW,2630,57
Hopefield,NSW,2646,57
Alfredtown,NSW,2650,57
Murrulebale,NSW,2652,57
Birriwa,NSW,2844,57
Warroo,NSW,2871,57
Eurack,VIC,3251,57
Stonyford,VIC,3260,57
Staughton Vale,VIC,3340,57
Bullarook,VIC,3352,57
Windermere,VIC,3352,57
Gerang Gerung,VIC,3418,57
Kiata,VIC,3418,57
Kerrie,VIC,3434,57
Adelaide Lead,VIC,3465,57
Bung Bong,VIC,3465,57
Havelock,VIC,3465,57
St Arnaud East,VIC,3477,57
Whroo,VIC,3612,57
Bowmans Forest,VIC,3735,57
Ranceby,VIC,3951,57
West Creek,VIC,3992,57
Tabooba,QLD,4285,57
Boyneside,QLD,4610,57
Glenbar,QLD,4620,57
Joskeleigh,QLD,4702,57
Belyando,QLD,4721,57
Andromache,QLD,4800,57
Thoopara,QLD,4800,57
Wangaratta,QLD,4806,57
Willunga Hill,SA,5172,57
West Range,SA,5275,57
Woodleigh,SA,5311,57
Gerard,SA,5343,57
Moppa,SA,5355,57
Erith,SA,5461,57
Ward Hill,SA,5522,57
Sunnyvale,SA,5552,57
Urania,SA,5573,57
Cortlinye,SA,5641,57
Warradarge,WA,6518,57
Alma,WA,6535,57
Breadalbane,TAS,7258,57
York Town,TAS,7270,57
Haasts Bluff,NT,0872,56
Palm Grove,NSW,2258,56
Rothbury,NSW,2320,56
Loxford,NSW,2326,56
Glendon,NSW,2330,56
Little Plain,NSW,2360,56
Langley Vale,NSW,2426,56
Valery,NSW,2454,56
Mororo,NSW,2469,56
Toolijooa,NSW,2534,56
Mogilla,NSW,2550,56
Boambolo,NSW,2582,56
Colinton,NSW,2626,56
Murrumbucca,NSW,2630,56
Lake Cowal,NSW,2671,56
Mozart,NSW,2787,56
Forest Grove,NSW,2795,56
Breelong,NSW,2827,56
Mebul,NSW,2852,56
Bungador,VIC,3260,56
Toolong,VIC,3285,56
Moutajup,VIC,3294,56
Werneth,VIC,3352,56
Longerenong,VIC,3401,56
Noradjuha,VIC,3409,56
Cullulleraine,VIC,3496,56
Teal Point,VIC,3579,56
Murraydale,VIC,3586,56
Earlston,VIC,3669,56
Meadow Creek,VIC,3678,56
Thowgla Valley,VIC,3707,56
Kanumbra,VIC,3719,56
W Tree,VIC,3885,56
Moombra,QLD,4312,56
Rosalie Plains,QLD,4401,56
Arcadia Valley,QLD,4454,56
Mount Bindango,QLD,4455,56
Downsfield,QLD,4570,56
Marys Creek,QLD,4570,56
North Aramara,QLD,4620,56
Midgee,QLD,4702,56
Nine Mile,QLD,4702,56
Cromarty,QLD,4809,56
Garners Beach,QLD,4852,56
Leawood Gardens,SA,5150,56
Moorlands,SA,5301,56
Ringbark,WA,6258,56
Balladong,WA,6302,56
Ginginup,WA,6503,56
Dowsing Point,TAS,7010,56
Arthurs Lake,TAS,7030,56
Apollo Bay,TAS,7150,56
Lalla,TAS,7267,56
Sunnyside,TAS,7305,56
Harford,TAS,7307,56
Wishart,NT,0822,55
Engawala,NT,0872,55
Wondabyne,NSW,2256,55
Palmdale,NSW,2258,55
Bundella,NSW,2343,55
Lyndhurst,NSW,2350,55
Yarrie Lake,NSW,2388,55
Dollys Flat,NSW,2429,55
Bobs Creek,NSW,2439,55
Upper Horseshoe Creek,NSW,2474,55
Wadeville,NSW,2474,55
Mandemar,NSW,2575,55
Norway,NSW,2787,55
March,NSW,2800,55
Spicers Creek,NSW,2820,55
Kickabil,NSW,2830,55
Home Rule,NSW,2850,55
Gunningbland,NSW,2876,55
Konongwootong,VIC,3315,55
Wattle Flat,VIC,3352,55
Happy Valley,VIC,3360,55
Bungalally,VIC,3401,55
Moonlight Flat,VIC,3450,55
Ravenswood South,VIC,3453,55
Rheola,VIC,3517,55
Yarrawalla,VIC,3575,55
Cosgrove South,VIC,3631,55
Marionvale,VIC,3634,55
Piries,VIC,3723,55
Barwidgee,VIC,3737,55
Chintin,VIC,3756,55
Neerim North,VIC,3832,55
Myrtlebank,VIC,3851,55
Wallaces Creek,QLD,4310,55
Coal Creek,QLD,4312,55
Kyoomba,QLD,4380,55
Wyaga,QLD,4390,55
Campbells Pocket,QLD,4521,55
Ferney,QLD,4650,55
Sandringham,QLD,4701,55
Alberta,QLD,4702,55
Lake Mary,QLD,4703,55
Castle Creek,QLD,4715,55
Cona Creek,QLD,4722,55
Barringha,QLD,4816,55
Waltowa,SA,5264,55
Caroline,SA,5291,55
German Creek,SA,5291,55
Mantung,SA,5308,55
Taldra,SA,5311,55
Frankton,SA,5374,55
Petersville,SA,5571,55
White Hut,SA,5575,55
Petina,SA,5680,55
Kulin West,WA,6365,55
Bilbarin,WA,6375,55
Mobrup,WA,6395,55
Irishtown,WA,6401,55
Beaumont,WA,6450,55
Cramps Bay,TAS,7030,55
Glaziers Bay,TAS,7109,55
Lower Wattle Grove,TAS,7109,55
Mount Seymour,TAS,7120,55
Upper Blessington,TAS,7212,55
Royal George,TAS,7213,55
West Mooreville,TAS,7321,55
Balickera,NSW,2324,54
Dalwood,NSW,2335,54
Kingstown,NSW,2358,54
Baldersleigh,NSW,2365,54
Cuttabri,NSW,2388,54
The Bight,NSW,2429,54
Repentance Creek,NSW,2480,54
Nerrigundah,NSW,2545,54
Mogareeka,NSW,2550,54
Varroville,NSW,2566,54
Pejar,NSW,2583,54
Forbes Creek,NSW,2621,54
Tooma,NSW,2642,54
Glenroy,NSW,2653,54
Mannus,NSW,2653,54
Warburn,NSW,2680,54
Boeill Creek,NSW,2739,54
Ben Bullen,NSW,2790,54
Mount Lambie,NSW,2790,54
Roseberg,NSW,2793,54
Bearbong,NSW,2827,54
Tilpa,NSW,2840,54
Paytens Bridge,NSW,2871,54
Dixie,VIC,3265,54
Naringal East,VIC,3277,54
Southern Cross,VIC,3283,54
Ercildoune,VIC,3352,54
Grenville,VIC,3352,54
Ascot,VIC,3364,54
Tarrengower,VIC,3463,54
Edi,VIC,3678,54
Browns Plains,VIC,3685,54
Trida,VIC,3953,54
Wonga,VIC,3960,54
Birnam,QLD,4285,54
Gilla,QLD,4314,54
Captains Mountain,QLD,4357,54
Allan,QLD,4370,54
Glen Niven,QLD,4377,54
Montrose,QLD,4413,54
Woleebee,QLD,4419,54
Goomeribong,QLD,4601,54
Wooroonden,QLD,4605,54
Yarrol,QLD,4630,54
Wattlebank,QLD,4704,54
May Downs,QLD,4746,54
Albion,QLD,4822,54
Warrami,QLD,4854,54
North Johnstone,QLD,4885,54
Mount Magnificent,SA,5210,54
Pleasant Park,SA,5277,54
Caveton,SA,5291,54
Tothill Creek,SA,5413,54
Morchard,SA,5431,54
Bruce,SA,5433,54
Middleback Range,SA,5609,54
Lyndhurst,SA,5731,54
St Ronans,WA,6302,54
Moojebing,WA,6317,54
Tincurrin,WA,6361,54
Wattening,WA,6568,54
Konnongorring,WA,6603,54
Waterloo,TAS,7109,54
Douglas River,TAS,7215,54
West Scottsdale,TAS,7260,54
Robigana,TAS,7275,54
Roland,TAS,7306,54
West Ridgley,TAS,7321,54
Eccleston,NSW,2311,53
Manobalai,NSW,2333,53
Waverly,NSW,2337,53
Woodsreef,NSW,2347,53
Dandry,NSW,2357,53
Nowley,NSW,2386,53
Purfleet,NSW,2430,53
Gum Scrub,NSW,2441,53
Lower Pappinbarra,NSW,2446,53
Pipeclay,NSW,2446,53
Frogs Hollow,NSW,2550,53
Myrtle Mountain,NSW,2550,53
Lowesdale,NSW,2646,53
Bland,NSW,2721,53
Gowan,NSW,2795,53
Laffing Waters,NSW,2795,53
Shadforth,NSW,2800,53
Gongolgon,NSW,2839,53
Aarons Pass,NSW,2850,53
Mandagery,NSW,2870,53
Corinella,NSW,2871,53
Chapple Vale,VIC,3239,53
Balintore,VIC,3249,53
Glenormiston North,VIC,3265,53
Mount Mercer,VIC,3352,53
Cathcart,VIC,3377,53
Flagstaff,VIC,3465,53
Wood Wood,VIC,3596,53
Mitchellstown,VIC,3608,53
Lower Moira,VIC,3639,53
Howes Creek,VIC,3723,53
Whorouly East,VIC,3735,53
Glenaladale,VIC,3864,53
Frenches Creek,QLD,4310,53
Billa Billa,QLD,4390,53
Kooralgin,QLD,4402,53
Nangwee,QLD,4407,53
Coomrith,QLD,4422,53
Oakdale,QLD,4605,53
Coorooman,QLD,4702,53
Mungabunda,QLD,4718,53
Gemmells,SA,5255,53
Poltalloch,SA,5259,53
Yumali,SA,5261,53
Kringin,SA,5304,53
Dawson,SA,5422,53
Colley,SA,5671,53
Vittoria,WA,6230,53
Sunnyside,WA,6256,53
Mokup,WA,6394,53
Cherry Tree Pool,WA,6395,53
Dudawa,WA,6519,53
Montagu,TAS,7330,53
Rakula,NT,0822,52
Warumungu,NT,0852,52
Allandale,NSW,2320,52
Duckenfield,NSW,2321,52
Baerami,NSW,2333,52
Wallamore,NSW,2340,52
Crawford River,NSW,2423,52
Waitui,NSW,2443,52
Kindee,NSW,2446,52
Greendale,NSW,2550,52
Williamsdale,ACT,2620,52
Lankeys Creek,NSW,2644,52
Pucawan,NSW,2666,52
Euroley,NSW,2700,52
Wanganella,NSW,2710,52
Errowanbang,NSW,2791,52
Walmer,NSW,2820,52
Mogriguy,NSW,2830,52
Toogong,NSW,2864,52
Ootha,NSW,2875,52
Hillcrest,VIC,3351,52
Blowhard,VIC,3352,52
Cowangie,VIC,3506,52
Murrawee,VIC,3586,52
Boho,VIC,3669,52
Marraweeney,VIC,3669,52
Goomalibee,VIC,3673,52
Koriella,VIC,3714,52
Youarang,VIC,3728,52
Flaggy Creek,VIC,3875,52
Turtons Creek,VIC,3960,52
Thornville,QLD,4352,52
Bergen,QLD,4353,52
Glenarbon,QLD,4385,52
Terrica,QLD,4387,52
Westmar,QLD,4422,52
Teelba,QLD,4423,52
Drillham South,QLD,4424,52
Fishermans Pocket,QLD,4570,52
O'bil Bil,QLD,4626,52
Strathfield,QLD,4742,52
Mount Wyatt,QLD,4804,52
Wangetti,QLD,4877,52
Ellinjaa,QLD,4886,52
Mungalli,QLD,4886,52
Kingsford,SA,5118,52
Red Creek,SA,5255,52
Mount Charles,SA,5267,52
Carew,SA,5270,52
Halidon,SA,5309,52
Wigley Flat,SA,5330,52
Tarnma,SA,5413,52
Saltia,SA,5433,52
Gillentown,SA,5453,52
Mount Templeton,SA,5461,52
Bangor,SA,5481,52
Webb Beach,SA,5501,52
Kellidie Bay,SA,5607,52
Murninnie Beach,SA,5609,52
Karkoo,SA,5632,52
Innamincka,SA,5731,52
Maranup,WA,6256,52
Redmond West,WA,6327,52
Qualeup,WA,6394,52
Kulja,WA,6470,52
Korrelocking,WA,6485,52
Mocardy,WA,6603,52
Bunjil,WA,6620,52
Seymour,TAS,7215,52
Edgcumbe Beach,TAS,7321,52
Lileah,TAS,7330,52
Stapleton,NT,0822,51
Nitmiluk,NT,0852,51
Lower Mangrove,NSW,2250,51
Alison,NSW,2259,51
Mayfield North,NSW,2304,51
Allynbrook,NSW,2311,51
Osterley,NSW,2324,51
Yarrawa,NSW,2328,51
Dyrring,NSW,2330,51
Roughit,NSW,2330,51
Owens Gap,NSW,2337,51
Stewarts Brook,NSW,2337,51
Topi Topi,NSW,2423,51
Knorrit Flat,NSW,2424,51
Batar Creek,NSW,2439,51
Eucumbene,NSW,2628,51
Gobarralong,NSW,2727,51
Speewa,NSW,2735,51
Bald Ridge,NSW,2795,51
Wimbledon,NSW,2795,51
Warraderry,NSW,2810,51
Eremerang,NSW,2877,51
Woorinen North,VIC,3589,51
Karramomus,VIC,3631,51
Pearsondale,VIC,3851,51
Banksia Peninsula,VIC,3875,51
Iguana Creek,VIC,3875,51
Bumberrah,VIC,3902,51
Lang Lang East,VIC,3984,51
The Bluff,QLD,4340,51
College View,QLD,4343,51
Derrymore,QLD,4352,51
Mount Luke,QLD,4352,51
Wutul,QLD,4352,51
Callandoon,QLD,4390,51
Begonia,QLD,4487,51
Mulara,QLD,4703,51
Warnoah,QLD,4718,51
Dauan Island,QLD,4875,51
Prince Of Wales,QLD,4875,51
Walloway,SA,5431,51
Nackara,SA,5440,51
Undalya,SA,5451,51
Chinaman Wells,SA,5573,51
Thistle Island,SA,5606,51
Whites Flat,SA,5607,51
Donnelly River,WA,6258,51
Tutunup,WA,6280,51
Parryville,WA,6333,51
Mumberkine,WA,6401,51
Sandy Gully,WA,6535,51
Weldborough,TAS,7264,51
Tewkesbury,TAS,7321,51
Preolenna,TAS,7325,51
Walcha Road,NSW,2354,50
Willsons Downfall,NSW,2372,50
Terry Hie Hie,NSW,2400,50
Sugarloaf,NSW,2420,50
Tugrabakh,NSW,2422,50
Gurranang,NSW,2460,50
Booyong,NSW,2480,50
Corunna,NSW,2546,50
Chakola,NSW,2630,50
Reefton,NSW,2666,50
Corobimilla,NSW,2700,50
Garra,NSW,2866,50
Jemalong,NSW,2871,50
Sutherlands Creek,VIC,3331,50
Maroona,VIC,3377,50
Bangerang,VIC,3393,50
Bromley,VIC,3472,50
Heathcote South,VIC,3523,50
Tarnook,VIC,3670,50
Coral Bank,VIC,3691,50
Bathumi,VIC,3730,50
Allambee South,VIC,3871,50
Glen Valley,VIC,3898,50
Adams Estate,VIC,3984,50
Kagaru,QLD,4285,50
Borallon,QLD,4306,50
Scrub Creek,QLD,4313,50
Bringalily,QLD,4357,50
Clontarf,QLD,4357,50
Mingoola,QLD,4380,50
Lyra,QLD,4382,50
Blaxland,QLD,4405,50
Gurulmundi,QLD,4415,50
Beilba,QLD,4454,50
Eurella,QLD,4462,50
Walhallow,QLD,4462,50
Ficks Crossing,QLD,4606,50
Cobraball,QLD,4703,50
Frankfield,QLD,4721,50
Mulgundawa,SA,5255,50
Point Sturt,SA,5256,50
Bright,SA,5381,50
Yantanabie,SA,5661,50
Mcalinden,WA,6225,50
Scotts Brook,WA,6244,50
Torndirrup,WA,6330,50
Boscabel,WA,6394,50
Karranadgin,WA,6460,50
Womarden,WA,6519,50
Epping Forest,TAS,7211,50
Mangana,TAS,7214,50
Melrose,TAS,7310,50
Upper Stowport,TAS,7321,50
Woolnorth,TAS,7330,50
Richmond Vale,NSW,2323,49
Pelton,NSW,2325,49
Bureen,NSW,2328,49
Braefield,NSW,2339,49
Boorolong,NSW,2350,49
Tilbuster,NSW,2350,49
Salisbury Plains,NSW,2358,49
Glen Elgin,NSW,2370,49
Eulah Creek,NSW,2390,49
Deep Creek,NSW,2440,49
Rawdon Island,NSW,2446,49
Coombell,NSW,2470,49
Clovass,NSW,2480,49
Clifton,NSW,2515,49
Currowan,NSW,2536,49
Cuttagee,NSW,2546,49
Jellat Jellat,NSW,2550,49
Carabost,NSW,2650,49
Willigobung,NSW,2653,49
Pine Lodge,NSW,2714,49
Corney Town,NSW,2790,49
Abercrombie River,NSW,2795,49
Pangee,NSW,2825,49
Toongi,NSW,2830,49
Wambangalang,NSW,2830,49
Come By Chance,NSW,2832,49
Bowan Park,NSW,2864,49
Fairholme,NSW,2871,49
Murgheboluc,VIC,3218,49
Bulart,VIC,3314,49
Steiglitz,VIC,3331,49
Armstrong,VIC,3377,49
Borung,VIC,3518,49
Fosterville,VIC,3557,49
Chiltern Valley,VIC,3683,49
Rubicon,VIC,3712,49
Tanjil Bren,VIC,3833,49
Alberton West,VIC,3971,49
New Chum,QLD,4303,49
Punchs Creek,QLD,4357,49
Passchendaele,QLD,4380,49
Bogandilla,QLD,4425,49
Mount Hutton,QLD,4454,49
Langlo,QLD,4470,49
Scrubby Creek,QLD,4570,49
Oakview,QLD,4600,49
Crownthorpe,QLD,4605,49
Yenda,QLD,4625,49
Burgowan,QLD,4659,49
Midgeree Bar,QLD,4852,49
Bolto,SA,5238,49
Galga,SA,5308,49
Andrews,SA,5454,49
Dowlingville,SA,5571,49
Sleaford,SA,5607,49
Caralue,SA,5641,49
Piesseville,WA,6315,49
Jitarning,WA,6365,49
Ajana,WA,6532,49
Merkanooka,WA,6625,49
Staverton,TAS,7306,49
Retreat,NSW,2355,48
Falconer,NSW,2365,48
Blue Vale,NSW,2380,48
Nooroo,NSW,2415,48
Rookhurst,NSW,2422,48
Carrai,NSW,2440,48
Coldstream,NSW,2462,48
Mcleods Shoot,NSW,2479,48
Munyabla,NSW,2658,48
Alma Park,NSW,2659,48
Tullakool,NSW,2732,48
Bruinbun,NSW,2795,48
Dandaloo,NSW,2823,48
Marthaguy,NSW,2824,48
Coxs Creek,NSW,2849,48
Nalangil,VIC,3249,48
Cobrico,VIC,3266,48
Werona,VIC,3364,48
Edgecombe,VIC,3444,48
Sailors Hill,VIC,3461,48
Kingower,VIC,3517,48
Myrtle Creek,VIC,3551,48
Gannawarra,VIC,3568,48
Wyuna East,VIC,3620,48
Glenrowan West,VIC,3675,48
Maffra West Upper,VIC,3859,48
Lyons,QLD,4124,48
Sarabah,QLD,4275,48
Blackswamp,QLD,4413,48
Cameby,QLD,4413,48
Highland Plains,QLD,4454,48
Mooga,QLD,4455,48
Noccundra,QLD,4492,48
Fairdale,QLD,4606,48
Dirnbir,QLD,4625,48
Gooroolba,QLD,4625,48
Llanarth,QLD,4820,48
Murrawong,SA,5253,48
Laffer,SA,5267,48
Stanley,SA,5415,48
Johnburgh,SA,5431,48
Kingoonya,SA,5719,48
Yoongarillup,WA,6280,48
Minigin,WA,6312,48
Tingledale,WA,6333,48
Charlotte Cove,TAS,7112,48
Stonor,TAS,7119,48
Glenora,TAS,7140,48
Deddington,TAS,7212,48
Flowery Gully,TAS,7270,48
Holwell,TAS,7275,48
Hughes,NT,0822,47
Durren Durren,NSW,2259,47
Oakhampton Heights,NSW,2320,47
Saumarez,NSW,2350,47
Marys Mount,NSW,2380,47
Mayers Flat,NSW,2423,47
Bean Creek,NSW,2469,47
Wardrop Valley,NSW,2484,47
Bolong,NSW,2540,47
Mount Murray,NSW,2577,47
Wollogorang,NSW,2581,47
Brindabella,ACT,2611,47
The Angle,ACT,2620,47
Bolaro,NSW,2629,47
Palmers Oaky,NSW,2795,47
Piney Range,NSW,2810,47
Tenandra,NSW,2824,47
Nirranda South,VIC,3268,47
Dundonnell,VIC,3271,47
Broadwater,VIC,3301,47
Hensley Park,VIC,3301,47
Dunrobin,VIC,3312,47
Patyah,VIC,3318,47
Rochford,VIC,3442,47
Simson,VIC,3465,47
Tyaak,VIC,3658,47
Kancoona,VIC,3691,47
Bullioh,VIC,3700,47
Burramine South,VIC,3730,47
Bunyip North,VIC,3815,47
Tetoora Road,VIC,3821,47
Jeeralang,VIC,3840,47
Licola,VIC,3858,47
Deddick Valley,VIC,3888,47
Cassilis,VIC,3898,47
Goolman,QLD,4306,47
Mount Edwards,QLD,4309,47
Blantyre,QLD,4310,47
Evergreen,QLD,4352,47
Wheatvale,QLD,4370,47
Somme,QLD,4382,47
Silverleigh,QLD,4401,47
Greenswamp,QLD,4413,47
Calgoa,QLD,4570,47
Corella,QLD,4570,47
Cattle Creek,QLD,4626,47
Bukali,QLD,4630,47
Redhill Farms,QLD,4671,47
Boynedale,QLD,4680,47
Taragoola,QLD,4680,47
The Keppels,QLD,4700,47
Retro,QLD,4723,47
Cambridge,QLD,4822,47
Waugh Pocket,QLD,4871,47
Zadows Landing,SA,5254,47
Brimbago,SA,5267,47
Worlds End,SA,5381,47
Burra Eastern Districts,SA,5417,47
Nurom,SA,5523,47
Moody,SA,5607,47
Blanche Harbor,SA,5700,47
Warraweena,SA,5730,47
Canning Mills,WA,6111,47
Collins,WA,6260,47
Deepdene,WA,6290,47
Jennapullin,WA,6401,47
Throssell,WA,6401,47
Arrowsmith East,WA,6519,47
Irwin,WA,6525,47
Sorell Creek,TAS,7140,47
Highcroft,TAS,7183,47
Thirlstane,TAS,7307,47
White Gums,NT,0870,46
Milsons Passage,NSW,2083,46
Ravensdale,NSW,2259,46
Phoenix Park,NSW,2321,46
Warkworth,NSW,2330,46
Big Jacks Creek,NSW,2339,46
Weabonga,NSW,2340,46
Yannergee,NSW,2343,46
Mallowa,NSW,2400,46
Wallanbah,NSW,2422,46
Burnt Bridge,NSW,2440,46
Rainbow Reach,NSW,2440,46
Burrapine,NSW,2447,46
Wyan,NSW,2469,46
Upper Tooloom,NSW,2475,46
Yelgun,NSW,2483,46
Bewong,NSW,2540,46
Tuross,NSW,2630,46
Wambrook,NSW,2630,46
Kybeyan,NSW,2631,46
Tabbita,NSW,2652,46
Pretty Pine,NSW,2710,46
Central Macdonald,NSW,2775,46
Good Forest,NSW,2790,46
Kerrs Creek,NSW,2800,46
Panuara,NSW,2800,46
Angledool,NSW,2834,46
Green Gully,NSW,2850,46
Tichborne,NSW,2870,46
Barramunga,VIC,3249,46
Pomborneit,VIC,3260,46
Naroghid,VIC,3266,46
Tarrone,VIC,3283,46
Dadswells Bridge,VIC,3385,46
Leonards Hill,VIC,3461,46
Panitya,VIC,3512,46
Wandella,VIC,3579,46
Moorngag,VIC,3673,46
Tremont,VIC,3785,46
Big Pats Creek,VIC,3799,46
Brandy Creek,VIC,3821,46
Nayook,VIC,3832,46
Darlimurla,VIC,3871,46
Split Yard Creek,QLD,4306,46
Finnie,QLD,4350,46
Birnam,QLD,4352,46
Ellinthorp,QLD,4362,46
Cunningham,QLD,4370,46
Cannon Creek,QLD,4380,46
Highland Plains,QLD,4401,46
Roche Creek,QLD,4419,46
Glenaubyn,QLD,4424,46
Tarawera,QLD,4494,46
Ginoondan,QLD,4625,46
Wilson Valley,QLD,4625,46
Dykehead,QLD,4626,46
Cania,QLD,4630,46
Skyring Reserve,QLD,4671,46
Mulgrave,QLD,4807,46
Green Hills Range,SA,5153,46
Kohinoor,SA,5223,46
Wattle Range East,SA,5279,46
Malpas,SA,5311,46
Veitch,SA,5311,46
Bundey,SA,5320,46
Barossa Goldfields,SA,5351,46
Mount Mckenzie,SA,5353,46
Tothill Belt,SA,5413,46
North Booborowie,SA,5417,46
Washpool,SA,5454,46
Mambray Creek,SA,5495,46
Oak Valley,SA,5690,46
Wandillup,WA,6256,46
Caljie,WA,6302,46
Cramphorne,WA,6420,46
Eganu,WA,6515,46
Narra Tarra,WA,6532,46
Bindi Bindi,WA,6574,46
Tardun,WA,6628,46
Morass Bay,TAS,7030,46
Cairns Bay,TAS,7116,46
Mount Lloyd,TAS,7140,46
Rheban,TAS,7190,46
The Gardens,TAS,7216,46
Beulah,TAS,7306,46
Paloona,TAS,7310,46
Milabena,TAS,7325,46
Trial Harbour,TAS,7469,46
Wilora,NT,0872,45
Pitnacree,NSW,2323,45
Limeburners Creek,NSW,2444,45
Girralong,NSW,2449,45
Tewinga,NSW,2449,45
Brooklana,NSW,2450,45
The Pinnacles,NSW,2460,45
Diggers Camp,NSW,2462,45
Sandon,NSW,2463,45
Edenville,NSW,2474,45
Gradys Creek,NSW,2474,45
Woodlawn,NSW,2480,45
Zara,NSW,2484,45
Mundamia,NSW,2540,45
Larbert,NSW,2622,45
Birganbigil,NSW,2710,45
Duckmaloi,NSW,2787,45
Dripstone,NSW,2820,45
Canonba,NSW,2825,45
Apple Tree Flat,NSW,2850,45
Minhamite,VIC,3287,45
Strathkellar,VIC,3301,45
Myamyn,VIC,3304,45
Warrak,VIC,3377,45
Antwerp,VIC,3414,45
Emu,VIC,3475,45
Yambuna,VIC,3621,45
Devils River,VIC,3714,45
Tarrawarra,VIC,3775,45
Bona Vista,VIC,3820,45
Ferndale,VIC,3821,45
Vesper,VIC,3833,45
Gipsy Point,VIC,3891,45
Monomeith,VIC,3984,45
Tabragalba,QLD,4285,45
Washpool,QLD,4306,45
Kents Lagoon,QLD,4309,45
Lilydale,QLD,4344,45
Condamine Farms,QLD,4357,45
North Bungunya,QLD,4494,45
Long Flat,QLD,4570,45
Mount Mceuen,QLD,4606,45
Promisedland,QLD,4660,45
Watalgan,QLD,4670,45
Barnard,QLD,4702,45
Cheeseborough,QLD,4702,45
Rhydding,QLD,4718,45
Foulden,QLD,4740,45
Daveson,QLD,4855,45
Gilbert River,QLD,4871,45
Moregatta,QLD,4886,45
Iron Range,QLD,4892,45
Buckingham,SA,5270,45
Moerlong,SA,5278,45
Olary,SA,5440,45
Avon,SA,5501,45
Thrington,SA,5552,45
Point Lowly,SA,5601,45
Mitchell,SA,5632,45
Campoona,SA,5640,45
Nullarbor,SA,5690,45
Paulls Valley,WA,6076,45
Blythewood,WA,6208,45
Mumballup,WA,6225,45
Walsall,WA,6280,45
Bally Bally,WA,6304,45
Lake Toolbrunup,WA,6320,45
Changerup,WA,6394,45
Burakin,WA,6467,45
Bonnie Rock,WA,6479,45
Bowgada,WA,6623,45
Glendevie,TAS,7109,45
Tayene,TAS,7259,45
Forthside,TAS,7310,45
Mount Rivers,NSW,2311,44
Tomalla,NSW,2337,44
Parraweena,NSW,2339,44
Namoi River,NSW,2346,44
Mulla Creek,NSW,2352,44
Underbank,NSW,2420,44
Dumaresq Island,NSW,2430,44
Skillion Flat,NSW,2440,44
Summer Island,NSW,2440,44
Shannondale,NSW,2460,44
Roseberry Creek,NSW,2474,44
Berthong,NSW,2594,44
Ando,NSW,2631,44
Tara,NSW,2665,44
Arkell,NSW,2795,44
Sandy Creek,NSW,2835,44
Boomey,NSW,2866,44
Bournewood,NSW,2868,44
Gnotuk,VIC,3260,44
Mepunga West,VIC,3277,44
Dergholm,VIC,3312,44
Lamplough,VIC,3352,44
Scotchmans Lead,VIC,3352,44
Langley,VIC,3444,44
North Blackwood,VIC,3458,44
Percydale,VIC,3478,44
Durham Ox,VIC,3576,44
St Germains,VIC,3620,44
Kelvin View,VIC,3666,44
Lilliput,VIC,3682,44
Koornalla,VIC,3844,44
Bullumwaal,VIC,3875,44
Glenaven,QLD,4355,44
Glengallan,QLD,4370,44
The Hermitage,QLD,4370,44
Ruby Creek,QLD,4380,44
Boonarga,QLD,4413,44
Jollys Lookout,QLD,4520,44
Bon Accord,QLD,4625,44
Campbell Creek,QLD,4625,44
Mungy,QLD,4671,44
Stewarton,QLD,4702,44
Wyuna,QLD,4723,44
Marathon,QLD,4821,44
Damper Creek,QLD,4849,44
Racecourse Bay,SA,5291,44
Pyap West,SA,5333,44
Wonna,SA,5419,44
Polish Hill River,SA,5453,44
Hamley,SA,5558,44
Green Patch,SA,5607,44
Yornup,WA,6256,44
North Jindong,WA,6280,44
Green Range,WA,6328,44
Walmsley,WA,6330,44
Georgina,WA,6532,44
Burrup,WA,6714,44
Mount Hardman,WA,6765,44
Barnes Bay,TAS,7150,44
Cranbrook,TAS,7190,44
Badger Head,TAS,7270,44
Abbotsham,TAS,7315,44
Mindaribba,NSW,2320,43
Cedar Creek,NSW,2325,43
Pinkett,NSW,2370,43
Wean,NSW,2382,43
Chichester,NSW,2420,43
Bohnock,NSW,2430,43
Hollisdale,NSW,2446,43
Sherwood,NSW,2450,43
Alumy Creek,NSW,2460,43
Buccarumbi,NSW,2460,43
Coaldale,NSW,2460,43
Upper Fine Flower,NSW,2460,43
Dungarubba,NSW,2480,43
Mountain Top,NSW,2480,43
Palmvale,NSW,2484,43
Rose Valley,NSW,2534,43
Broughton,NSW,2535,43
Jerrong,NSW,2580,43
Winifred,NSW,2631,43
Bidgeemia,NSW,2642,43
The Rocks,NSW,2795,43
Boree,NSW,2800,43
Comobella,NSW,2820,43
Big Hill,VIC,3231,43
Tesbury,VIC,3260,43
Warrong,VIC,3283,43
Lake Mundi,VIC,3312,43
Westmere,VIC,3351,43
Addington,VIC,3352,43
Kewell,VIC,3390,43
Pastoria,VIC,3444,43
Carapooee,VIC,3477,43
Barraport,VIC,3537,43
Diggora,VIC,3561,43
Fairy Dell,VIC,3561,43
Mooroopna North West,VIC,3616,43
Yundool,VIC,3727,43
Bruarong,VIC,3749,43
Seacombe,VIC,3851,43
Tarwin,VIC,3956,43
Archies Creek,VIC,3995,43
Victoria Hill,QLD,4361,43
Palgrave,QLD,4374,43
Goldfields,QLD,4380,43
Lundavra,QLD,4390,43
Wondalli,QLD,4390,43
Elaman Creek,QLD,4552,43
Bella Creek,QLD,4570,43
Monal,QLD,4630,43
Canal Creek,QLD,4702,43
Tarramba,QLD,4702,43
Clarke Creek,QLD,4705,43
Wealwandangie,QLD,4722,43
Mount Britton,QLD,4742,43
Colevale,QLD,4808,43
Taldora,QLD,4823,43
Valley Of Lagoons,QLD,4850,43
Mccutcheon,QLD,4856,43
Rapid Bay,SA,5204,43
Wirrega,SA,5267,43
Short,SA,5279,43
Good Hope Landing,SA,5330,43
Woolshed Flat,SA,5412,43
Baldina,SA,5417,43
Harris River,WA,6225,43
Upper Warren,WA,6258,43
Scott River East,WA,6275,43
Gilgering,WA,6302,43
Bulyee,WA,6306,43
Hastings,WA,6308,43
Toolibin,WA,6312,43
Mindarabin,WA,6336,43
Amelup,WA,6338,43
Koomberkine,WA,6461,43
Bambun,WA,6503,43
Waddy Forest,WA,6515,43
Brooks Bay,TAS,7116,43
Fentonbury,TAS,7140,43
Moogara,TAS,7140,43
Simpsons Bay,TAS,7150,43
Palana,TAS,7255,43
Herrick,TAS,7264,43
Doctors Rocks,TAS,7325,43
Middle Point,NT,0822,42
Lostock,NSW,2311,42
Middle Falbrook,NSW,2330,42
Stanborough,NSW,2360,42
Warranulla,NSW,2423,42
Old Grevillia,NSW,2474,42
Midginbil,NSW,2484,42
Willow Vale,NSW,2534,42
Woodburn,NSW,2538,42
Tubbul,NSW,2594,42
Dry Plain,NSW,2630,42
Rock Flat,NSW,2630,42
Moorwatha,NSW,2640,42
Kooba,NSW,2680,42
Lindifferon,NSW,2710,42
Rawsonville,NSW,2830,42
Weilmoringle,NSW,2839,42
Camboon,NSW,2849,42
Bostocks Creek,VIC,3260,42
Elingamite North,VIC,3266,42
Dutton Way,VIC,3305,42
Bahgallah,VIC,3312,42
Pootilla,VIC,3352,42
Coghills Creek,VIC,3364,42
Strathlea,VIC,3364,42
Douglas,VIC,3409,42
Koroop,VIC,3579,42
Yabba South,VIC,3646,42
Lima,VIC,3673,42
Samaria,VIC,3673,42
Carlyle,VIC,3685,42
Gaffneys Creek,VIC,3723,42
Giffard,VIC,3851,42
Walkerville South,VIC,3956,42
Almurta,VIC,3979,42
Moreton Island,QLD,4025,42
Gilberton,QLD,4208,42
Wilsons Plains,QLD,4307,42
Kulgun,QLD,4309,42
Ottaba,QLD,4313,42
Kilbirnie,QLD,4354,42
The Head,QLD,4373,42
Watsons Crossing,QLD,4385,42
Formartin,QLD,4404,42
Cadarga,QLD,4413,42
Yuleba South,QLD,4427,42
Woondum,QLD,4570,42
Cynthia,QLD,4627,42
Malmoe,QLD,4627,42
Aldoga,QLD,4694,42
Mount Mulligan,QLD,4871,42
Petwood,SA,5252,42
Bletchley,SA,5255,42
Steelton,SA,5413,42
Douglas Point,SA,5601,42
Herdsman,WA,6017,42
Bailup,WA,6082,42
Worsley,WA,6225,42
Parkfield,WA,6233,42
Kalgup,WA,6280,42
West Popanyinning,WA,6309,42
Perillup,WA,6324,42
Carrabin,WA,6423,42
Canna,WA,6627,42
Lackrana,TAS,7255,42
North Lilydale,TAS,7268,42
Osmaston,TAS,7303,42
Jackeys Marsh,TAS,7304,42
Preservation Bay,TAS,7316,42
Pinny Beach,NSW,2281,41
Rosebrook,NSW,2320,41
Carrowbrook,NSW,2330,41
Clydesdale,NSW,2330,41
Goorangoola,NSW,2330,41
Cattle Creek,NSW,2339,41
Wandera,NSW,2360,41
Croki,NSW,2430,41
Toorooka,NSW,2440,41
Cangai,NSW,2460,41
Lerida,NSW,2581,41
Mila,NSW,2632,41
Rennie,NSW,2646,41
Bulgary,NSW,2650,41
Ryan,NSW,2658,41
Back Creek,NSW,2671,41
Monak,NSW,2738,41
Burnt Yards,NSW,2792,41
Hovells Creek,NSW,2794,41
Benolong,NSW,2818,41
Nirranda,VIC,3268,41
Milltown,VIC,3304,41
Mininera,VIC,3351,41
Kooroocheang,VIC,3364,41
Rocklands,VIC,3401,41
Clear Lake,VIC,3409,41
Mcintyre,VIC,3472,41
Logan,VIC,3475,41
Bears Lagoon,VIC,3517,41
Moormbool West,VIC,3523,41
Daltons Bridge,VIC,3568,41
Benjeroop,VIC,3579,41
Boweya North,VIC,3675,41
Lillico,VIC,3820,41
Willung,VIC,3847,41
Goongerah,VIC,3888,41
Mount Barney,QLD,4287,41
Old Talgai,QLD,4362,41
Boodua,QLD,4401,41
Moraby,QLD,4416,41
Marshlands,QLD,4611,41
Gordonstone,QLD,4702,41
Wycarbah,QLD,4702,41
Stockyard,QLD,4703,41
Pinevale,QLD,4754,41
Mount Pluto,QLD,4800,41
Gairloch,QLD,4850,41
Maadi,QLD,4855,41
Marble Hill,SA,5137,41
Biggs Flat,SA,5153,41
Dingabledinga,SA,5172,41
Muston,SA,5221,41
Angas Valley,SA,5238,41
Ashville,SA,5259,41
Malinong,SA,5259,41
Apoinga,SA,5413,41
Hacklins Corner,SA,5454,41
Goyder,SA,5461,41
Collinsfield,SA,5555,41
Mitchellville,SA,5602,41
Kalanbi,SA,5690,41
Chowerup,WA,6244,41
Darradup,WA,6275,41
Ruabon,WA,6280,41
Greenhills,WA,6302,41
Nullaki,WA,6330,41
Jacup,WA,6337,41
Jilakin,WA,6365,41
Ucarty,WA,6462,41
Yardarino,WA,6525,41
Gutha,WA,6623,41
York Plains,TAS,7120,41
Selbourne,TAS,7292,41
Roger River,TAS,7330,41
Manton,NT,0837,40
Burt Plain,NT,0872,40
Little Jilliby,NSW,2259,40
Mirannie,NSW,2330,40
Wards Mistake,NSW,2350,40
Matheson,NSW,2370,40
Rangari,NSW,2380,40
Myall Creek,NSW,2403,40
Dinoga,NSW,2404,40
Mylneford,NSW,2460,40
Stockyard Creek,NSW,2460,40
Warragai Creek,NSW,2460,40
Duck Creek,NSW,2469,40
Tunglebung,NSW,2469,40
Codrington,NSW,2471,40
Horseshoe Creek,NSW,2474,40
Tuncester,NSW,2480,40
Dombarton,NSW,2530,40
Saddleback Mountain,NSW,2533,40
Back Forest,NSW,2535,40
Clear Range,ACT,2620,40
Hereford Hall,NSW,2622,40
Rocky Plain,NSW,2628,40
Cowabbie,NSW,2652,40
Wantiool,NSW,2663,40
Tumut Plains,NSW,2720,40
Blackmans Flat,NSW,2790,40
Pullabooka,NSW,2810,40
Bakers Swamp,NSW,2820,40
Bylong,NSW,2849,40
Riverlea,NSW,2850,40
Gumble,NSW,2865,40
Derriwong,NSW,2877,40
Bochara,VIC,3301,40
Ingliston,VIC,3342,40
Mannibadar,VIC,3360,40
Glenlee,VIC,3418,40
Cobaw,VIC,3442,40
Timor West,VIC,3465,40
Kurting,VIC,3517,40
Tarcombe,VIC,3666,40
Telford,VIC,3730,40
Woorarra East,VIC,3962,40
Hazel Park,VIC,3966,40
Gore,QLD,4352,40
Canning Creek,QLD,4357,40
Wattle Ridge,QLD,4357,40
The Glen,QLD,4370,40
Kelvinhaugh,QLD,4401,40
Wycombe,QLD,4455,40
Coondoo,QLD,4570,40
Gurgeena,QLD,4626,40
Old Cooranga,QLD,4626,40
Harrami,QLD,4630,40
Oyster Creek,QLD,4674,40
Ulogie,QLD,4702,40
Newlands,QLD,4804,40
Eaton,QLD,4860,40
De Mole River,SA,5223,40
Canunda,SA,5280,40
Boolgun,SA,5330,40
Dutton East,SA,5356,40
Mcbean Pound,SA,5357,40
Warburto,SA,5556,40
Couch Beach,SA,5577,40
Talia,SA,5670,40
Wami Kata,SA,5700,40
Fairbridge,WA,6208,40
Hillside,WA,6312,40
Mount Sheridan,WA,6355,40
Dulbelling,WA,6383,40
Mount Hampton,WA,6426,40
New Norcia,WA,6509,40
Recherche,TAS,7109,40
Montumana,TAS,7321,40
Watarru,NT,0872,39
Campvale,NSW,2318,39
Oswald,NSW,2321,39
Stockrington,NSW,2322,39
Nombi,NSW,2379,39
Pola Creek,NSW,2440,39
Ballengarra,NSW,2441,39
Smiths Creek,NSW,2474,39
Uriarra,ACT,2611,39
Jembaicumbene,NSW,2622,39
Yaouk,NSW,2629,39
Wrathall,NSW,2642,39
Gunbar,NSW,2711,39
Chatham Valley,NSW,2787,39
Lowther,NSW,2790,39
Ballyroe,NSW,2795,39
Bundemar,NSW,2823,39
Bogan,NSW,2826,39
Meroo,NSW,2850,39
Triamble,NSW,2850,39
Stonehaven,VIC,3218,39
Cape Otway,VIC,3233,39
Chocolyn,VIC,3260,39
Hotspur,VIC,3303,39
Callawadda,VIC,3387,39
Greens Creek,VIC,3387,39
Goldsborough,VIC,3472,39
Runnymede,VIC,3558,39
Mincha,VIC,3575,39
Dookie College,VIC,3647,39
Peechelba East,VIC,3678,39
Gateway Island,VIC,3691,39
Bogong,VIC,3699,39
Smoko,VIC,3741,39
Gilderoy,VIC,3797,39
Boorool,VIC,3953,39
Staceys Bridge,VIC,3971,39
Branchview,QLD,4352,39
Fifteen Mile,QLD,4352,39
Merritts Creek,QLD,4352,39
Evanslea,QLD,4356,39
Tregony,QLD,4370,39
Bonshaw,QLD,4385,39
Springvale,QLD,4405,39
Weir River,QLD,4406,39
Pelican,QLD,4413,39
Macfarlane,QLD,4478,39
Como,QLD,4571,39
Jellinbah,QLD,4702,39
Punthari,SA,5238,39
Lowan Vale,SA,5268,39
Netherton,SA,5301,39
Woolpunda,SA,5330,39
Manna Hill,SA,5440,39
Boonerdo,SA,5633,39
Colton,SA,5670,39
Wandana,SA,5690,39
Cullacabardee,WA,6067,39
Abba River,WA,6280,39
Anniebrook,WA,6280,39
Jindong,WA,6280,39
Wansbrough,WA,6320,39
South Quairading,WA,6383,39
Southern Brook,WA,6401,39
Woottating,WA,6562,39
Kondut,WA,6605,39
Redbank,WA,6721,39
Melton Mowbray,TAS,7030,39
Raminea,TAS,7109,39
Rosegarland,TAS,7140,39
Tarraleah,TAS,7140,39
Cuckoo,TAS,7260,39
Erriba,TAS,7310,39
Carrabolla,NSW,2311,38
Sweetmans Creek,NSW,2325,38
Gidley,NSW,2340,38
Jeogla,NSW,2350,38
Furracabad,NSW,2370,38
Weismantels,NSW,2415,38
Southampton,NSW,2460,38
Theresa Creek,NSW,2469,38
Loadstone,NSW,2474,38
Upper Eden Creek,NSW,2474,38
Bundewallah,NSW,2535,38
Woodlands,NSW,2536,38
Nattai,NSW,2570,38
Ballalaba,NSW,2622,38
Dhulura,NSW,2650,38
Arthurville,NSW,2820,38
Billeroy,NSW,2829,38
Tindarey,NSW,2835,38
Olinda,NSW,2849,38
Mulyandry,NSW,2871,38
Leslie Manor,VIC,3260,38
Skibo,VIC,3260,38
Ballangeich,VIC,3279,38
Tower Hill,VIC,3283,38
Croxton East,VIC,3301,38
Carapook,VIC,3312,38
Poolaijelo,VIC,3312,38
Telangatuk East,VIC,3401,38
Muckleford South,VIC,3462,38
Gonn Crossing,VIC,3579,38
Drumanure,VIC,3636,38
Katamatite East,VIC,3649,38
Jarvis Creek,VIC,3700,38
Allambee Reserve,VIC,3871,38
Narko,QLD,4352,38
Undercliffe,QLD,4380,38
Eurombah,QLD,4420,38
Widgee Crossing South,QLD,4570,38
Cannindah,QLD,4630,38
Glenleigh,QLD,4630,38
Selene,QLD,4630,38
Pilerwa,QLD,4650,38
Doughboy,QLD,4671,38
Consuelo,QLD,4702,38
Jaffa,QLD,4855,38
Sandy Pocket,QLD,4871,38
Glen Russell,QLD,4880,38
Antechamber Bay,SA,5222,38
Salt Creek,SA,5264,38
The Gap,SA,5271,38
Wrattonbully,SA,5271,38
Beaumonts,SA,5320,38
Gum Creek,SA,5417,38
Thomas Plain,SA,5554,38
Palmer,WA,6225,38
Nillup,WA,6288,38
Pantapin,WA,6384,38
Bokal,WA,6392,38
Orchid Valley,WA,6394,38
Katrine,WA,6401,38
South Trayning,WA,6488,38
Red Gully,WA,6503,38
Old Plains,WA,6569,38
Tenindewa,WA,6632,38
Babbage Island,WA,6701,38
Bell Bay,TAS,7253,38
Ranga,TAS,7255,38
Moina,TAS,7310,38
Mella,TAS,7330,38
Kalka,NT,0872,37
Tara,NT,0872,37
Ellerston,NSW,2337,37
Crawney,NSW,2338,37
Goorianawa,NSW,2396,37
Berrico,NSW,2422,37
Strathcedar,NSW,2429,37
Mooneba,NSW,2440,37
Yarras,NSW,2446,37
Donnellyville,NSW,2447,37
Wyneden,NSW,2474,37
Brogers Creek,NSW,2535,37
Jerrawangala,NSW,2540,37
Devils Hole,NSW,2550,37
Reedy Swamp,NSW,2550,37
Bulla Creek,NSW,2594,37
Monga,NSW,2622,37
Anabranch South,NSW,2648,37
Upper Turon,NSW,2795,37
Avisford,NSW,2850,37
Eurimbla,NSW,2867,37
Ooma,NSW,2871,37
Five Ways,NSW,2873,37
Tuggeranong,ACT,2900,37
Yarpturk,VIC,3283,37
Mirranatwa,VIC,3294,37
Creswick North,VIC,3363,37
Illawarra,VIC,3381,37
Kalkee,VIC,3401,37
Greenhill,VIC,3444,37
Barrys Reef,VIC,3458,37
Bullarto South,VIC,3461,37
Yandoit Hills,VIC,3461,37
Wehla,VIC,3518,37
Moorilim,VIC,3610,37
Kyabram South,VIC,3620,37
Old Tallangatta,VIC,3701,37
Biggara,VIC,3707,37
Fumina South,VIC,3825,37
Icy Creek,VIC,3833,37
Giffard West,VIC,3851,37
Stockdale,VIC,3862,37
Woodglen,VIC,3875,37
Corringle,VIC,3888,37
Nukku,QLD,4314,37
Ringwood,QLD,4343,37
Yalangur,QLD,4352,37
Fleurbaix,QLD,4375,37
Camp Creek,QLD,4385,37
Yargullen,QLD,4401,37
Yulabilla,QLD,4416,37
Broadmere,QLD,4420,37
Bakers Bend,QLD,4470,37
Barlil,QLD,4605,37
Glenrock,QLD,4605,37
Sunny Nook,QLD,4605,37
Abbeywood,QLD,4613,37
Abbotsford,QLD,4670,37
Oombabeer,QLD,4718,37
Albinia,QLD,4722,37
Belcong,QLD,4723,37
Goolboo,QLD,4856,37
Keswick Terminal,SA,5035,37
Bald Hills,SA,5203,37
Tolderol,SA,5256,37
Caliph,SA,5310,37
Stuart,SA,5320,37
Wonuarra,SA,5340,37
Nain,SA,5360,37
Charlton Gully,SA,5607,37
Pearlah,SA,5607,37
Kapinnie,SA,5632,37
Moseley,SA,5641,37
Collie Burn,WA,6225,37
Brazier,WA,6251,37
Dixvale,WA,6258,37
Hithergreen,WA,6280,37
Widgiemooltha,WA,6443,37
Welbungin,WA,6477,37
Lake Argyle,WA,6743,37
Upper Scamander,TAS,7215,37
Chasm Creek,TAS,7321,37
Takone,TAS,7325,37
Doyles Creek,NSW,2330,36
Cobbadah,NSW,2347,36
Copeton,NSW,2360,36
Orange Grove,NSW,2380,36
Jews Lagoon,NSW,2397,36
Tulloona,NSW,2400,36
Flat Tops,NSW,2420,36
Cobark,NSW,2422,36
Cundle Flat,NSW,2424,36
Innes View,NSW,2429,36
Kippaxs,NSW,2429,36
Cabbage Tree Island,NSW,2430,36
Fortis Creek,NSW,2460,36
Lavadia,NSW,2462,36
Goodwood Island,NSW,2469,36
Muli Muli,NSW,2476,36
Bagotville,NSW,2477,36
Fernside,NSW,2480,36
Commissioners Creek,NSW,2484,36
Spring Hill,NSW,2500,36
Longreach,NSW,2540,36
Mowbray Park,NSW,2571,36
Numbla Vale,NSW,2628,36
Lords Hill,NSW,2632,36
Ellerslie,NSW,2648,36
Moombooldool,NSW,2665,36
Dunkeld,NSW,2795,36
Killongbutta,NSW,2795,36
Locksley,NSW,2795,36
Fitzgeralds Mount,NSW,2799,36
Ponto,NSW,2818,36
Quandong,VIC,3030,36
Newfield,VIC,3268,36
Greenwald,VIC,3304,36
Blakeville,VIC,3342,36
Clarkes Hill,VIC,3352,36
Lubeck,VIC,3385,36
Gymbowen,VIC,3401,36
Mitre,VIC,3409,36
Nuggetty,VIC,3463,36
Glenpatrick,VIC,3469,36
Buckrabanyule,VIC,3525,36
Happy Valley,VIC,3549,36
Arnold,VIC,3551,36
Bagshot North,VIC,3551,36
Mologa,VIC,3575,36
Natya,VIC,3597,36
Carag Carag,VIC,3623,36
Boralma,VIC,3682,36
Pelluebla,VIC,3727,36
Bundalong South,VIC,3730,36
Delburn,VIC,3871,36
Tubbut,VIC,3888,36
England Creek,QLD,4306,36
Lark Hill,QLD,4306,36
East Haldon,QLD,4343,36
Mount Tabor,QLD,4370,36
North Branch,QLD,4370,36
Toolburra,QLD,4370,36
Wychie,QLD,4412,36
Durham Downs,QLD,4454,36
Ross Creek,QLD,4570,36
Kitoba,QLD,4605,36
Brovinia,QLD,4626,36
Bushley,QLD,4702,36
Dutton River,QLD,4821,36
Wills,QLD,4829,36
Bordertown South,SA,5268,36
Yinkanie,SA,5332,36
Stephenston,SA,5433,36
Bowillia,SA,5461,36
Watchman,SA,5461,36
Kallora,SA,5550,36
Karcultaby,SA,5654,36
Calca,SA,5671,36
The Plains,WA,6237,36
Charley Creek,WA,6239,36
Paynedale,WA,6239,36
Boallia,WA,6280,36
Codjatotine,WA,6308,36
Bobalong,WA,6320,36
South Stirling,WA,6324,36
North Kukerin,WA,6352,36
Kuender,WA,6353,36
Holt Rock,WA,6355,36
Lake Biddy,WA,6355,36
Moodiarrup,WA,6393,36
Malabaine,WA,6401,36
Korbel,WA,6415,36
Boothendarra,WA,6521,36
Durack,WA,6743,36
Queens Domain,TAS,7000,36
Targa,TAS,7259,36
Talawa,TAS,7263,36
Merseylea,TAS,7305,36
Nabageena,TAS,7330,36
Len Waters Estate,NSW,2171,35
Mooney Mooney Creek,NSW,2250,35
Gosforth,NSW,2320,35
Fernances Crossing,NSW,2325,35
Timor,NSW,2338,35
Warrah,NSW,2339,35
Rob Roy,NSW,2360,35
Bald Blair,NSW,2365,35
Harparary,NSW,2390,35
Huntingdon,NSW,2446,35
Banyabba,NSW,2460,35
Kippenduff,NSW,2469,35
Kilgra,NSW,2474,35
Chowan Creek,NSW,2484,35
Nullica,NSW,2551,35
Mcmahons Reef,NSW,2587,35
Corrowong,NSW,2633,35
Wallanthery,NSW,2675,35
Myrtle Park,NSW,2713,35
Darlow,NSW,2729,35
Yaven Creek,NSW,2729,35
Mallan,NSW,2734,35
Blue Mountains National Park,NSW,2787,35
Gilmandyke,NSW,2795,35
Combara,NSW,2829,35
Dabee,NSW,2849,35
Upper Growee,NSW,2849,35
Linburn,NSW,2850,35
Milroy,NSW,2850,35
Murga,NSW,2864,35
Larras Lee,NSW,2866,35
Bruie Plains,NSW,2875,35
Skenes Creek North,VIC,3233,35
Pomborneit North,VIC,3260,35
Mount Richmond,VIC,3305,35
Russells Bridge,VIC,3331,35
Bradvale,VIC,3361,35
Glengower,VIC,3370,35
Peronne,VIC,3413,35
Telopea Downs,VIC,3420,35
Cherokee,VIC,3434,35
Yando,VIC,3537,35
Waitchie,VIC,3544,35
Bannerton,VIC,3549,35
Avonmore,VIC,3559,35
Kooloonong,VIC,3597,35
Tamleugh,VIC,3669,35
Kergunyah South,VIC,3691,35
Vervale,VIC,3814,35
Moondarra,VIC,3825,35
Anglers Rest,VIC,3898,35
Gowrie Little Plain,QLD,4352,35
Lilyvale,QLD,4352,35
Thane,QLD,4370,35
Auburn,QLD,4413,35
Bayrick,QLD,4478,35
Splinter Creek,QLD,4630,35
Prawle,QLD,4650,35
St Agnes,QLD,4671,35
Goowarra,QLD,4702,35
Glenmoral,QLD,4719,35
Lilyvale,QLD,4723,35
Mount Stuart,QLD,4811,35
Brown Hill Creek,SA,5062,35
Willow Creek,SA,5211,35
Chain Of Ponds,SA,5231,35
Brady Creek,SA,5381,35
Cavenagh,SA,5422,35
Barndioota,SA,5434,35
West Bundaleer,SA,5491,35
Winulta,SA,5570,35
Midgee,SA,5602,35
Mount Clarence Station,SA,5723,35
Nepabunna,SA,5732,35
Nirimba,WA,6208,35
Warner Glen,WA,6288,35
Boundain,WA,6312,35
Buckland,WA,6401,35
Hindmarsh,WA,6462,35
West Ballidu,WA,6606,35
Maya,WA,6614,35
Wongoondy,WA,6630,35
Pippingarra,WA,6722,35
Mcbeath,WA,6770,35
Jericho,TAS,7030,35
Lietinna,TAS,7260,35
Gowrie Park,TAS,7306,35
West Montagu,TAS,7330,35
Pamayu,NT,0862,34
Mangrove Creek,NSW,2250,34
Bingleburra,NSW,2311,34
Pindaroi,NSW,2361,34
Willina,NSW,2423,34
Ghinni Ghinni,NSW,2430,34
Upper Pappinbarra,NSW,2446,34
Jacky Bulbin Flat,NSW,2463,34
Deep Creek,NSW,2469,34
Palmwoods,NSW,2482,34
Coila,NSW,2537,34
Kiora,NSW,2537,34
Morans Crossing,NSW,2550,34
Jimenbuen,NSW,2628,34
Carlaminda,NSW,2630,34
Ournie,NSW,2640,34
Goombargana,NSW,2646,34
Munderoo,NSW,2653,34
Erin Vale,NSW,2663,34
Darbalara,NSW,2722,34
Mundarlo,NSW,2729,34
Mount Olive,NSW,2787,34
Cow Flat,NSW,2795,34
Wambool,NSW,2795,34
Bourbah,NSW,2828,34
Mollyan,NSW,2842,34
Stony Creek,NSW,2850,34
Ferguson,VIC,3237,34
Dreeite South,VIC,3249,34
Tanybryn,VIC,3249,34
Wool Wool,VIC,3249,34
Kariah,VIC,3260,34
Minjah,VIC,3276,34
Willatook,VIC,3283,34
Benayeo,VIC,3319,34
Korobeit,VIC,3341,34
Chepstowe,VIC,3351,34
Ullina,VIC,3370,34
Burnbank,VIC,3371,34
Stockyard Hill,VIC,3373,34
Sheep Hills,VIC,3392,34
Merrinee,VIC,3496,34
Wilsons Hill,VIC,3515,34
Pine Grove,VIC,3573,34
Kenley,VIC,3597,34
Berringama,VIC,3691,34
Georges Creek,VIC,3700,34
Piedmont,VIC,3833,34
Brookville,VIC,3896,34
Woolooman,QLD,4310,34
Stockyard,QLD,4344,34
Doctor Creek,QLD,4352,34
Mount Darry,QLD,4353,34
Rodgers Creek,QLD,4370,34
Bungaban,QLD,4419,34
Windeyer,QLD,4478,34
Nebine,QLD,4488,34
Widgeegoara,QLD,4490,34
Malarga,QLD,4620,34
Jardine,QLD,4702,34
Gemini Mountains,QLD,4721,34
Buckland,QLD,4722,34
Porcupine,QLD,4821,34
Willson River,SA,5222,34
Bay Of Shoals,SA,5223,34
Five Miles,SA,5238,34
Tepko,SA,5254,34
Lowbank,SA,5330,34
Julia,SA,5374,34
Woolsheds,SA,5400,34
Canowie,SA,5419,34
Oodla Wirra,SA,5422,34
Yanyarrie,SA,5432,34
Nectar Brook,SA,5495,34
Ulyerra,SA,5633,34
Winninowie,SA,5700,34
Emeroo,SA,5713,34
Queenwood,WA,6239,34
Yornaning,WA,6311,34
Drome,WA,6330,34
Mallee Hill,WA,6353,34
South Lake Grace,WA,6353,34
Wogolin,WA,6370,34
Quindanning,WA,6391,34
South Doodlakine,WA,6411,34
Marchagee,WA,6515,34
East Ballidu,WA,6606,34
Westwood,TAS,7292,34
Liena,TAS,7304,34
Howth,TAS,7316,34
Alcomie,TAS,7330,34
Yunyarinyi,NT,0872,33
Morning Bay,NSW,2105,33
Lenaghan,NSW,2322,33
Dairy Arm,NSW,2325,33
Glennies Creek,NSW,2330,33
Cherry Tree Hill,NSW,2360,33
Berrigal,NSW,2390,33
Cambra,NSW,2420,33
Webbers Creek,NSW,2421,33
Invergordon,NSW,2422,33
Black Creek,NSW,2439,33
Willi Willi,NSW,2440,33
Shark Creek,NSW,2463,33
Bulldog,NSW,2469,33
Camira,NSW,2469,33
Keybarbin,NSW,2469,33
Ghinni Ghi,NSW,2474,33
Patchs Beach,NSW,2478,33
Montecollum,NSW,2482,33
Upper Coopers Creek,NSW,2482,33
Mayfield,NSW,2580,33
Neringla,NSW,2622,33
Coolringdon,NSW,2630,33
Welaregang,NSW,2642,33
Wandook,NSW,2710,33
Gadara,NSW,2720,33
Niemur,NSW,2733,33
Watton,NSW,2795,33
Magometon,NSW,2829,33
Collingwood,NSW,2850,33
Mount Knowles,NSW,2850,33
Elingamite,VIC,3266,33
Melville Forest,VIC,3315,33
Mount Lonarch,VIC,3468,33
Archdale,VIC,3475,33
Narraport,VIC,3483,33
Glenhope East,VIC,3522,33
Llanelly,VIC,3551,33
Muskerry,VIC,3557,33
Molka,VIC,3666,33
Upotipotpon,VIC,3669,33
Dockers Plains,VIC,3678,33
East Wangaratta,VIC,3678,33
Whitlands,VIC,3678,33
Gooramadda,VIC,3685,33
Colac Colac,VIC,3707,33
Wonyip,VIC,3962,33
Lake Manchester,QLD,4306,33
Cement Mills,QLD,4352,33
Grapetree,QLD,4352,33
Perseverance,QLD,4352,33
Budgee,QLD,4359,33
Mount Enniskillen,QLD,4472,33
Glenfern,QLD,4515,33
Beenaam Valley,QLD,4570,33
Thompson Point,QLD,4702,33
The Mine,QLD,4714,33
Roundstone,QLD,4718,33
Pasha,QLD,4721,33
Burleigh,QLD,4822,33
Willoughby,SA,5222,33
Big Bend,SA,5238,33
Toora,SA,5253,33
Petherick,SA,5267,33
Mundic Creek,SA,5340,33
Little Douglas,SA,5607,33
Woolundunga,SA,5701,33
Parachilna,SA,5730,33
Hoffman,WA,6220,33
Gwindinup,WA,6237,33
Sabina River,WA,6280,33
Narraloggan,WA,6302,33
Wilberforce,WA,6302,33
Moonies Hill,WA,6320,33
Beaufort River,WA,6394,33
Goodlands,WA,6468,33
Walebing,WA,6510,33
Shannon,TAS,7030,33
Lune River,TAS,7109,33
Tyenna,TAS,7140,33
Dairy Plains,TAS,7304,33
Myalla,TAS,7325,33
Temma,TAS,7330,33
Ravensworth,NSW,2330,32
Duncans Creek,NSW,2340,32
Banoon,NSW,2347,32
Donald Creek,NSW,2350,32
Gowang,NSW,2357,32
Boorook,NSW,2372,32
Cullendore,NSW,2372,32
Couradda,NSW,2390,32
Bangheet,NSW,2404,32
Gineroi,NSW,2404,32
Yallaroi,NSW,2408,32
Fishers Hill,NSW,2421,32
Bowman Farm,NSW,2422,32
Number One,NSW,2424,32
Karaak Flat,NSW,2429,32
Hampden Hall,NSW,2440,32
Marlo Merrican,NSW,2441,32
Birdwood,NSW,2446,32
Toms Creek,NSW,2446,32
Tallowwood Ridge,NSW,2453,32
Bom Bom,NSW,2460,32
Gibberagee,NSW,2469,32
The Risk,NSW,2474,32
Berringer Lake,NSW,2539,32
Doctor George Mountain,NSW,2550,32
Richlands,NSW,2580,32
Stromlo,ACT,2611,32
Mountain Creek,NSW,2644,32
Wantagong,NSW,2644,32
Burrandana,NSW,2650,32
Dark Corner,NSW,2795,32
Kangaroobie,NSW,2800,32
Mount Harris,NSW,2824,32
Wingadee,NSW,2829,32
Growee,NSW,2849,32
Canadian Lead,NSW,2850,32
Cumbo,NSW,2850,32
Queens Pinch,NSW,2850,32
Watsons Creek,VIC,3097,32
Kennedys Creek,VIC,3239,32
Nareeb,VIC,3293,32
Tahara,VIC,3301,32
Breakaway Creek,VIC,3303,32
Drik Drik,VIC,3304,32
Bungal,VIC,3334,32
Main Lead,VIC,3373,32
Chatsworth,VIC,3379,32
Wallup,VIC,3401,32
St Arnaud North,VIC,3477,32
Turriff,VIC,3488,32
Linga,VIC,3509,32
Pompapiel,VIC,3571,32
Prairie,VIC,3572,32
Castle Creek,VIC,3691,32
Gainsborough,VIC,3822,32
Wild Dog Valley,VIC,3953,32
Banks Creek,QLD,4306,32
Malling,QLD,4352,32
Missen Flat,QLD,4361,32
Wiyarra,QLD,4370,32
Kragra,QLD,4413,32
Tyrconnel,QLD,4467,32
Sommariva,QLD,4470,32
Noorama,QLD,4490,32
Mudlo,QLD,4600,32
Elgin Vale,QLD,4615,32
Gungaloon,QLD,4620,32
Givelda,QLD,4670,32
Mackenzie,QLD,4702,32
Mimosa,QLD,4702,32
Elphinstone,QLD,4742,32
Toonpan,QLD,4816,32
Lynam,QLD,4818,32
Tunkalilla,SA,5203,32
Hay Valley,SA,5252,32
Maude,SA,5320,32
Kanni,SA,5330,32
Lake View,SA,5555,32
Clinton Centre,SA,5570,32
Kaldoonera,SA,5655,32
Mount Wedge,SA,5670,32
Courtenay,WA,6288,32
Gnowellen,WA,6328,32
North Burngup,WA,6353,32
East Wickepin,WA,6370,32
Ryansbrook,WA,6395,32
Waeel,WA,6407,32
Warrachuppin,WA,6423,32
North Bodallin,WA,6424,32
Jibberding,WA,6612,32
West Casuarinas,WA,6630,32
Hampshire,TAS,7321,32
Halton,NSW,2311,31
Harpers Hill,NSW,2321,31
Dalswinton,NSW,2328,31
Woolooma,NSW,2337,31
Sapphire,NSW,2360,31
Tarban,NSW,2372,31
Stroud Hill,NSW,2420,31
Bakers Creek,NSW,2422,31
Tibbuc,NSW,2422,31
Khatambuhl,NSW,2429,31
Cobaki Lakes,NSW,2486,31
Pericoe,NSW,2550,31
Woodhouselee,NSW,2580,31
Budawang,NSW,2622,31
Smiggin Holes,NSW,2624,31
Urangeline East,NSW,2656,31
Booroorban,NSW,2710,31
Mount Adrah,NSW,2729,31
Higher Macdonald,NSW,2775,31
Shooters Hill,NSW,2787,31
Moorilda,NSW,2795,31
Rockley Mount,NSW,2795,31
Glenelg,NSW,2810,31
Miandetta,NSW,2825,31
Mullengudgery,NSW,2825,31
Pinnacle Swamp,NSW,2849,31
Cooks Myalls,NSW,2870,31
Yarrabandai,NSW,2875,31
Mount Bute,VIC,3324,31
Stoneleigh,VIC,3373,31
Nurcoung,VIC,3401,31
Nurrabiel,VIC,3401,31
Neuarpurr,VIC,3413,31
Broughton,VIC,3418,31
Craigie,VIC,3465,31
Capels Crossing,VIC,3579,31
Murrabit West,VIC,3579,31
Boweya,VIC,3675,31
Mount Bruno,VIC,3675,31
Brimin,VIC,3685,31
Charleroi,VIC,3695,31
Dawson,VIC,3858,31
Tambo Crossing,VIC,3893,31
Tamrookum Creek,QLD,4285,31
Lake Wivenhoe,QLD,4311,31
Black Duck Creek,QLD,4343,31
Woodbine,QLD,4343,31
Upper Pinelands,QLD,4355,31
Devon Park,QLD,4401,31
Weribone,QLD,4417,31
Neusa Vale,QLD,4570,31
Widgee Crossing North,QLD,4570,31
Byee,QLD,4605,31
Moondooner,QLD,4605,31
Neumgna,QLD,4614,31
Forster,SA,5238,31
Pellaring Flat,SA,5238,31
St Ives,SA,5252,31
Chapman Bore,SA,5253,31
Naturi,SA,5259,31
Deepwater,SA,5266,31
Mccallum,SA,5267,31
Pooginook,SA,5330,31
Warnes,SA,5417,31
Yalpara,SA,5431,31
Inkerman,SA,5550,31
Piednippie,SA,5680,31
Merghiny,SA,5690,31
Lincoln Gap,SA,5715,31
Glendambo,SA,5719,31
Mornington,WA,6221,31
Trigwell,WA,6244,31
Linfarne,WA,6258,31
Smith Brook,WA,6258,31
Green Valley,WA,6330,31
Mills Lake,WA,6336,31
South Newdegate,WA,6355,31
Kunjin,WA,6375,31
Jennacubbine,WA,6401,31
Warding East,WA,6405,31
North Baandee,WA,6412,31
Walyormouring,WA,6460,31
Granville,WA,6503,31
Mindarra,WA,6503,31
East Chapman,WA,6532,31
East Bowes,WA,6535,31
Carani,WA,6569,31
Lower Beulah,TAS,7306,31
Spalford,TAS,7315,31
Black River,TAS,7321,31
Birdum,NT,0852,30
Lewinsbrook,NSW,2311,30
Buttai,NSW,2323,30
Gulf Creek,NSW,2347,30
Howell,NSW,2360,30
Maybole,NSW,2365,30
Kookabookra,NSW,2370,30
Keera,NSW,2404,30
Pallal,NSW,2404,30
Marshdale,NSW,2420,30
Rossglen,NSW,2439,30
Comara,NSW,2440,30
Seven Oaks,NSW,2440,30
Hyndmans Creek,NSW,2446,30
Afterlee,NSW,2474,30
Lagoon Grass,NSW,2480,30
Yalbraith,NSW,2580,30
Cullerin,NSW,2581,30
Oolong,NSW,2581,30
Limerick,NSW,2583,30
Belconnen,ACT,2615,30
Middle Flat,NSW,2630,30
Caldwell,NSW,2710,30
Calimo,NSW,2710,30
Bombowlee Creek,NSW,2720,30
Ellerslie,NSW,2729,30
Byng,NSW,2800,30
Mookerawa,NSW,2820,30
Warrumbungle,NSW,2828,30
Noona,NSW,2835,30
Collerina,NSW,2839,30
Merotherie,NSW,2852,30
Beenak,VIC,3139,30
Hilgay,VIC,3315,30
Wingeel,VIC,3321,30
Barunah Park,VIC,3329,30
Bunding,VIC,3342,30
Weatherboard,VIC,3352,30
Wilkur,VIC,3393,30
St Helens Plains,VIC,3401,30
Wail,VIC,3401,30
Vasey,VIC,3407,30
Glenluce,VIC,3451,30
Baringhup West,VIC,3463,30
Gower,VIC,3463,30
Slaty Creek,VIC,3477,30
Cope Cope,VIC,3480,30
Torrita,VIC,3490,30
Annuello,VIC,3549,30
Kanyapella,VIC,3564,30
Creek Junction,VIC,3669,30
Rose River,VIC,3678,30
Whorouly South,VIC,3735,30
Coalville,VIC,3825,30
Dutson,VIC,3851,30
Montgomery,VIC,3851,30
Murrindal,VIC,3885,30
Wulgulmerang,VIC,3885,30
Wulgulmerang East,VIC,3885,30
Binna Burra,QLD,4211,30
Radford,QLD,4307,30
Cherry Creek,QLD,4314,30
Muniganeen,QLD,4352,30
Goombi,QLD,4413,30
Myall Park,QLD,4415,30
Bundi,QLD,4419,30
Glebe,QLD,4420,30
Yandarlo,QLD,4478,30
Leafdale,QLD,4606,30
Mount Steadman,QLD,4625,30
Trotter Creek,QLD,4714,30
Silver Creek,QLD,4800,30
Cowley Creek,QLD,4871,30
Porky Flat,SA,5222,30
Birchmore,SA,5223,30
Stockyard Plain,SA,5330,30
Peep Hill,SA,5374,30
Geranium Plains,SA,5381,30
Fischer,SA,5502,30
Malebelling,WA,6302,30
Cowalellup,WA,6336,30
Burlong,WA,6401,30
Cullalla,WA,6503,30
Namban,WA,6512,30
Ogilvie,WA,6535,30
The Lakes,WA,6556,30
Jarlmadangah Burru,WA,6728,30
Andover,TAS,7120,30
Baden,TAS,7120,30
Boyer,TAS,7140,30
Macquarie Plains,TAS,7140,30
Lottah,TAS,7216,30
Cape Barren Island,TAS,7257,30
Myrtle Bank,TAS,7259,30
Notley Hills,TAS,7275,30
Weetah,TAS,7304,30
Brittons Swamp,TAS,7330,30
Scopus,TAS,7330,30
Charlotte,NT,0822,29
Finniss Valley,NT,0822,29
Hugh,NT,0872,29
Kanpi,NT,0872,29
Forest Glen,NSW,2157,29
Bushells Ridge,NSW,2259,29
Halloran,NSW,2259,29
Belltrees,NSW,2337,29
Dry Creek,NSW,2337,29
Little Jacks Creek,NSW,2339,29
New Mexico,NSW,2346,29
Brodies Plains,NSW,2360,29
Tenterden,NSW,2365,29
Drildool,NSW,2386,29
Bindera,NSW,2422,29
Bagnoo,NSW,2446,29
Thumb Creek,NSW,2447,29
Dilkoon,NSW,2460,29
Irvington,NSW,2470,29
Tomki,NSW,2470,29
Toonumbar,NSW,2474,29
Merrill,NSW,2581,29
Jingera,NSW,2622,29
Merricumbene,NSW,2622,29
Maffra,NSW,2630,29
Craigie,NSW,2632,29
Mount Darragh,NSW,2632,29
Ringwood,NSW,2646,29
Mairjimmy,NSW,2716,29
Wyangle,NSW,2720,29
Yerranderie,NSW,2787,29
Cobar Park,NSW,2790,29
Bara,NSW,2850,29
Boona Mount,NSW,2877,29
Silverton,NSW,2880,29
Gellibrand Lower,VIC,3237,29
Timboon West,VIC,3268,29
Mepunga East,VIC,3277,29
Gazette,VIC,3289,29
Grassdale,VIC,3302,29
Charam,VIC,3318,29
Ullswater,VIC,3318,29
Joyces Creek,VIC,3364,29
Ballyrogan,VIC,3375,29
Murra Warra,VIC,3401,29
Miram,VIC,3415,29
Mount Hooghly,VIC,3472,29
Paradise,VIC,3477,29
Salisbury West,VIC,3517,29
Wychitella,VIC,3525,29
Campbells Forest,VIC,3556,29
Boorhaman North,VIC,3685,29
Bringenbrong,VIC,3707,29
Howqua Hills,VIC,3723,29
Allambee,VIC,3823,29
Blackwarry,VIC,3844,29
East Sale,VIC,3852,29
Tinamba West,VIC,3859,29
Bushy Park,VIC,3860,29
Tamboon,VIC,3890,29
Moyarra,VIC,3951,29
Chinghee Creek,QLD,4285,29
White Mountain,QLD,4352,29
Woolmer,QLD,4352,29
Forestvale,QLD,4465,29
Caroline Crossing,QLD,4477,29
Melawondi,QLD,4570,29
The Limits,QLD,4625,29
Mon Repos,QLD,4670,29
Collaroy,QLD,4707,29
Burton,QLD,4742,29
Goorganga Creek,QLD,4800,29
Younghusband Holdings,SA,5238,29
Swede Flat,SA,5270,29
Beatty,SA,5320,29
Jericho,SA,5554,29
Cunyarie,SA,5641,29
Cartmeticup,WA,6316,29
Badgebup,WA,6317,29
Coblinine,WA,6317,29
West Fitzgerald,WA,6337,29
Youndegin,WA,6407,29
Boyatup,WA,6450,29
Barretta,TAS,7054,29
Whitefoord,TAS,7120,29
Malbina,TAS,7140,29
Upper Woodstock,TAS,7150,29
Cleveland,TAS,7211,29
Loongana,TAS,7315,29
Newcastle Waters,NT,0862,28
Nyapari,NT,0872,28
Lemon Tree,NSW,2259,28
Melville,NSW,2320,28
Widden,NSW,2328,28
Puddledock,NSW,2350,28
Wollun,NSW,2354,28
Brockley,NSW,2365,28
Brushy Creek,NSW,2365,28
New Valley,NSW,2365,28
Tubbamurra,NSW,2365,28
Swan Vale,NSW,2370,28
Rocky Creek,NSW,2390,28
Crooble,NSW,2400,28
Boorganna,NSW,2429,28
Deauville,NSW,2443,28
Spicketts Creek,NSW,2454,28
Lower Acacia Creek,NSW,2476,28
Wanganui,NSW,2482,28
Browns Mountain,NSW,2540,28
Burrier,NSW,2540,28
Yellow Pinch,NSW,2548,28
New Buildings,NSW,2550,28
Wymah,NSW,2640,28
Morago,NSW,2710,28
Mellool,NSW,2734,28
Central Colo,NSW,2756,28
Richards,NSW,2765,28
Wolgan Valley,NSW,2790,28
Lower Lewis Ponds,NSW,2800,28
Honeybugle,NSW,2825,28
Teridgerie,NSW,2829,28
Tooloon,NSW,2829,28
Urawilkie,NSW,2829,28
Round Swamp,NSW,2846,28
Wilbetree,NSW,2850,28
Heytesbury Lower,VIC,3268,28
Nullawarre North,VIC,3268,28
Vite Vite,VIC,3325,28
Vite Vite North,VIC,3325,28
Nerrin Nerrin,VIC,3351,28
Rokewood Junction,VIC,3351,28
Bolwarrah,VIC,3352,28
Brewster,VIC,3352,28
Leigh Creek,VIC,3352,28
Mount Prospect,VIC,3364,28
Rhymney,VIC,3377,28
Fyans Creek,VIC,3381,28
Wombelano,VIC,3409,28
Metcalfe East,VIC,3444,28
Pastoria East,VIC,3444,28
Dry Diggings,VIC,3461,28
Bridgewater North,VIC,3516,28
Yeungroon,VIC,3525,28
Cornella,VIC,3551,28
Burramboot,VIC,3559,28
Keely,VIC,3568,28
Milloo,VIC,3572,28
Gillieston,VIC,3616,28
Moglonemby,VIC,3666,28
Sheans Creek,VIC,3666,28
Lucyvale,VIC,3691,28
Major Plains,VIC,3725,28
Simpsons Creek,VIC,3888,28
Noorinbee North,VIC,3890,28
Fairbank,VIC,3951,28
Rockside,QLD,4343,28
East Cooyar,QLD,4353,28
Cressbrook Creek,QLD,4355,28
Rocky Creek,QLD,4357,28
Western Creek,QLD,4357,28
Nevilton,QLD,4361,28
Danderoo,QLD,4370,28
Springdale,QLD,4380,28
Calingunee,QLD,4390,28
Upper Cooyar Creek,QLD,4402,28
Darr Creek,QLD,4410,28
Oberina,QLD,4417,28
Glenhaughton,QLD,4420,28
Spring Creek,QLD,4420,28
Hutton Creek,QLD,4454,28
Clara Creek,QLD,4468,28
Kingaham,QLD,4515,28
Enoggera Reservoir,QLD,4520,28
Wateranga,QLD,4621,28
Stockhaven,QLD,4625,28
Bingegang,QLD,4702,28
Nandowrie,QLD,4722,28
Cape Hillsborough,QLD,4740,28
Finlayvale,QLD,4873,28
Maalan,QLD,4886,28
Collinsville,SA,5418,28
Barinia,SA,5453,28
Mount Drummond,SA,5607,28
Cocata,SA,5654,28
Tyringa,SA,5671,28
Pimba,SA,5720,28
Beela,WA,6224,28
Carrolup,WA,6317,28
Mettler,WA,6328,28
North Lake Grace,WA,6353,28
Wongamine,WA,6401,28
Watercarrin,WA,6407,28
South Burracoppin,WA,6421,28
Parkeston,WA,6434,28
Newcarlbeon,WA,6475,28
South Yelbeni,WA,6487,28
Glentromie,WA,6509,28
Koojan,WA,6510,28
Yandanooka,WA,6522,28
East Yuna,WA,6532,28
Strathgordon,TAS,7139,28
Fitzgerald,TAS,7140,28
Egg Lagoon,TAS,7256,28
Rushy Lagoon,TAS,7264,28
Long Point,NSW,2330,27
Backwater,NSW,2365,27
Diehard,NSW,2370,27
Timbarra,NSW,2372,27
Millie,NSW,2397,27
Upper Myall,NSW,2423,27
Fine Flower,NSW,2460,27
Louisa Creek,NSW,2469,27
Buckendoon,NSW,2472,27
Cougal,NSW,2474,27
Kunghur Creek,NSW,2484,27
Kings Forest,NSW,2487,27
Brooman,NSW,2538,27
Knights Hill,NSW,2577,27
Woolgarlo,NSW,2582,27
Greenlands,NSW,2631,27
Coree,NSW,2710,27
Tantonan,NSW,2731,27
Thule,NSW,2732,27
Fernances,NSW,2775,27
Dog Rocks,NSW,2795,27
Freemantle,NSW,2795,27
Kirkconnell,NSW,2795,27
Babinda,NSW,2825,27
Conimbia,NSW,2829,27
Cubba,NSW,2835,27
Fords Bridge,NSW,2840,27
Pyangle,NSW,2849,27
Cullenbone,NSW,2850,27
Mogo,NSW,2850,27
Moolarben,NSW,2850,27
Bocobra,NSW,2865,27
Daroobalgie,NSW,2870,27
Weeaproinah,VIC,3237,27
Lyons,VIC,3304,27
Gringegalgona,VIC,3315,27
Gritjurk,VIC,3315,27
Carranballac,VIC,3361,27
Bellellen,VIC,3381,27
Cannum,VIC,3393,27
Lah,VIC,3393,27
Tarranyurk,VIC,3414,27
Elevated Plains,VIC,3461,27
Cotswold,VIC,3465,27
Homebush,VIC,3465,27
Rich Avon West,VIC,3480,27
Leaghur,VIC,3537,27
Hunter,VIC,3558,27
Gobarup,VIC,3559,27
Wee Wee Rup,VIC,3568,27
Tandarra,VIC,3571,27
Upper Ryans Creek,VIC,3673,27
Oxley Flats,VIC,3678,27
Mount Alfred,VIC,3709,27
Merriang South,VIC,3737,27
Nug Nug,VIC,3737,27
Chandlers Creek,VIC,3890,27
Bennison,VIC,3960,27
Flying Fox,QLD,4275,27
Kents Pocket,QLD,4310,27
Dunmore,QLD,4407,27
Bargunyah,QLD,4465,27
Womblebank,QLD,4465,27
Waraba,QLD,4513,27
Kawl Kawl,QLD,4612,27
Wigton,QLD,4612,27
Melrose,QLD,4613,27
Humphery,QLD,4625,27
Coominglah,QLD,4630,27
Gindoran,QLD,4676,27
Glenroy,QLD,4702,27
Greycliffe,QLD,4715,27
Minnamoolka,QLD,4872,27
Dorset Vale,SA,5157,27
Cuttlefish Bay,SA,5222,27
Nurragi,SA,5256,27
Caltowie North,SA,5490,27
Farm Beach,SA,5607,27
Morbinning,WA,6304,27
Yilliminning,WA,6312,27
Beenong,WA,6353,27
Mount Madden,WA,6356,27
South Bodallin,WA,6424,27
Tampu,WA,6472,27
Lake Margarette,WA,6475,27
Nukarni,WA,6480,27
Orange Springs,WA,6503,27
Berkshire Valley,WA,6510,27
Gillingarra,WA,6510,27
Yetna,WA,6532,27
Moondyne,WA,6567,27
Wijilawarrim,WA,6743,27
Wyena,TAS,7254,27
Loccota,TAS,7255,27
Montana,TAS,7304,27
Coomalie Creek,NT,0822,26
Larrimah,NT,0852,26
Mccarrs Creek,NSW,2105,26
Greengrove,NSW,2250,26
Lindesay,NSW,2347,26
Long Plain,NSW,2360,26
Silent Grove,NSW,2372,26
Boolcarroll,NSW,2388,26
Bakers Creek,NSW,2447,26
Levenstrath,NSW,2460,26
Findon Creek,NSW,2474,26
Berry Mountain,NSW,2535,26
Bickley Vale,NSW,2570,26
Manchester Square,NSW,2577,26
Bumbalong,NSW,2626,26
Grosses Plain,NSW,2627,26
Springfield,NSW,2630,26
Steeple Flat,NSW,2631,26
Landervale,NSW,2652,26
Burra,NSW,2653,26
Minjary,NSW,2720,26
Scheyville,NSW,2756,26
Wiagdon,NSW,2795,26
Cryon,NSW,2832,26
Yarragrin,NSW,2842,26
Budden,NSW,2849,26
Nelungaloo,NSW,2876,26
Whoorel,VIC,3243,26
Codrington,VIC,3285,26
Tarrayoukyan,VIC,3315,26
Glenmore,VIC,3340,26
Lake Goldsmith,VIC,3373,26
Lake Lonsdale,VIC,3381,26
Ledcourt,VIC,3385,26
Karnak,VIC,3401,26
Pigeon Ponds,VIC,3407,26
Watchupga,VIC,3485,26
Powlett Plains,VIC,3517,26
Huntly North,VIC,3551,26
Waanyarra,VIC,3551,26
Goschen,VIC,3585,26
Lake Powell,VIC,3597,26
Gowangardie,VIC,3669,26
Tamleugh North,VIC,3669,26
Tallangatta East,VIC,3700,26
Jumbuk,VIC,3869,26
Seventeen Mile,QLD,4344,26
Highgrove,QLD,4352,26
Nutgrove,QLD,4352,26
St Helens,QLD,4356,26
Tipton,QLD,4405,26
Cockatoo,QLD,4419,26
Mungallala South,QLD,4467,26
Marodian,QLD,4570,26
Cobbs Hill,QLD,4605,26
Aranbanga,QLD,4625,26
Harriet,QLD,4625,26
Humboldt,QLD,4702,26
Nine Mile Creek,QLD,4714,26
Comoon Loop,QLD,4858,26
Stockton,QLD,4871,26
Thornton Beach,QLD,4873,26
Kyeema,SA,5172,26
Mercunda,SA,5308,26
Devlins Pound,SA,5330,26
Erskine,SA,5422,26
Fitzgerald Bay,SA,5601,26
Wharminda,SA,5603,26
Cootra,SA,5650,26
Pimbaacla,SA,5661,26
Baird Bay,SA,5671,26
Kings Park,WA,6005,26
Whiteman,WA,6068,26
Wellington Forest,WA,6236,26
Nomans Lake,WA,6312,26
Dongolocking,WA,6315,26
Minding,WA,6315,26
Kojaneerup South,WA,6328,26
Palmdale,WA,6328,26
Nalyerlup,WA,6338,26
Walyurin,WA,6363,26
Doodenanning,WA,6383,26
Wamenusking,WA,6383,26
Pelham,TAS,7030,26
Blue Rocks,TAS,7255,26
Castra,TAS,7315,26
Wickham,NT,0822,25
Mcarthur,NT,0852,25
Greta Main,NSW,2325,25
Hollydeen,NSW,2328,25
Mount Royal,NSW,2330,25
Red Hill,NSW,2347,25
Wellington Vale,NSW,2371,25
Whitlow,NSW,2404,25
Bulliac,NSW,2422,25
Cells River,NSW,2424,25
Middle Brother,NSW,2443,25
Gilletts Ridge,NSW,2462,25
Micalo Island,NSW,2464,25
Mookima Wybra,NSW,2469,25
Upper Mongogarie,NSW,2470,25
Kilgin,NSW,2472,25
Tabbimoble,NSW,2472,25
Terrace Creek,NSW,2474,25
Back Creek,NSW,2484,25
Brundee,NSW,2540,25
Yerriyong,NSW,2540,25
Paling Yards,NSW,2580,25
Jerrabattgulla,NSW,2622,25
Greg Greg,NSW,2642,25
Rufus,NSW,2648,25
Erigolia,NSW,2669,25
Roto,NSW,2675,25
Stud Park,NSW,2710,25
Oxley,NSW,2711,25
Cooneys Creek,NSW,2726,25
Wrights Creek,NSW,2775,25
Pinnacle,NSW,2810,25
Mulla,NSW,2825,25
Kelgoola,NSW,2849,25
Monivae,NSW,2850,25
Benwerrin,VIC,3235,25
Woodhouse,VIC,3294,25
Warrock,VIC,3312,25
Glenisla,VIC,3314,25
Paschendale,VIC,3315,25
Kadnook,VIC,3318,25
Coonooer Bridge,VIC,3477,25
Wargan,VIC,3505,25
Carina,VIC,3512,25
Beauchamp,VIC,3579,25
Lake Meran,VIC,3579,25
Picola West,VIC,3639,25
Nalinga,VIC,3646,25
Mongans Bridge,VIC,3691,25
Burrowye,VIC,3709,25
Cathkin,VIC,3714,25
Boomahnoomoonah,VIC,3728,25
Butchers Ridge,VIC,3885,25
Kairabah,QLD,4207,25
Whichello,QLD,4352,25
Grays Gate,QLD,4357,25
Mosquito Creek,QLD,4387,25
Lansdowne,QLD,4478,25
Linden,QLD,4490,25
Gilldora,QLD,4570,25
Lake Borumba,QLD,4570,25
Grosvenor,QLD,4627,25
Coorumbene,QLD,4702,25
Goomally,QLD,4702,25
Morinish South,QLD,4702,25
Wallaroo,QLD,4702,25
Breadalbane,QLD,4800,25
Pauls Pocket,QLD,4800,25
Southedge,QLD,4871,25
Gifford Hill,SA,5253,25
Bunbury,SA,5266,25
Kooroona,SA,5558,25
Yalanda,SA,5641,25
Murlong,SA,5642,25
Wallala,SA,5661,25
Mount Cooper,SA,5671,25
Yanerbie,SA,5680,25
Lexia,WA,6079,25
Borderdale,WA,6320,25
Woolocutty,WA,6369,25
Adamsvale,WA,6375,25
Daadenning Creek,WA,6410,25
Nokaning,WA,6415,25
Ora Banda,WA,6431,25
Mollerin,WA,6475,25
Boonanarring,WA,6503,25
Breera,WA,6503,25
Yarawindah,WA,6509,25
Culham,WA,6566,25
Pintharuka,WA,6623,25
Lemont,TAS,7120,25
Osterley,TAS,7140,25
Yambacoona,TAS,7256,25
Nowhere Else,TAS,7306,25
Stoodley,TAS,7306,25
Petermann,NT,0872,24
Windermere,NSW,2321,24
Fern Gully,NSW,2330,24
Wongo Creek,NSW,2346,24
Wirragulla,NSW,2420,24
Bingeebeebra Creek,NSW,2469,24
Lower Bottle Creek,NSW,2469,24
Sherwood,NSW,2474,24
Boomi Creek,NSW,2476,24
Runnyford,NSW,2536,24
Mogood,NSW,2538,24
Illaroo,NSW,2540,24
Creel Bay,NSW,2627,24
Rose Valley,NSW,2630,24
Taradale,NSW,2653,24
Marinna,NSW,2663,24
Gonn,NSW,2732,24
Dhuragoon,NSW,2733,24
Orton Park,NSW,2795,24
Farnham,NSW,2820,24
Bullagreen,NSW,2824,24
Gungalman,NSW,2829,24
Talawanta,NSW,2839,24
Yantabulla,NSW,2840,24
Upper Bylong,NSW,2849,24
Maitland Bar,NSW,2850,24
Sallys Flat,NSW,2850,24
Totnes Valley,NSW,2850,24
Gunning Gap,NSW,2876,24
Mutawintji,NSW,2880,24
Packsaddle,NSW,2880,24
Fieldstone,VIC,3024,24
St Helens,VIC,3285,24
Homerton,VIC,3304,24
Dorodong,VIC,3312,24
Wallinduc,VIC,3351,24
Glendaruel,VIC,3363,24
Barkstead,VIC,3364,24
Landsborough West,VIC,3384,24
Kanagulk,VIC,3401,24
Areegra,VIC,3480,24
Litchfield,VIC,3480,24
Fentons Creek,VIC,3518,24
Mysia,VIC,3518,24
Burnewang,VIC,3558,24
Yarrawonga South,VIC,3730,24
Maryvale,VIC,3840,24
Wombat Creek,VIC,3888,24
Hinnomunjie,VIC,3898,24
Omeo Valley,VIC,3898,24
Jones Gully,QLD,4355,24
Mountain Camp,QLD,4355,24
Maidenhead,QLD,4385,24
Greenwood,QLD,4401,24
Cornwall,QLD,4455,24
Gowrie Station,QLD,4470,24
Nive,QLD,4477,24
Lilywood,QLD,4513,24
Wooroona,QLD,4702,24
Carbine Creek,QLD,4723,24
Malpas-trenton,QLD,4816,24
Lanskey,QLD,4825,24
Glen Boughton,QLD,4871,24
Kangaroo Head,SA,5222,24
Greenbanks,SA,5253,24
Mobilong,SA,5253,24
Custon,SA,5269,24
Kangaroo Inn,SA,5280,24
Square Mile,SA,5291,24
New Well,SA,5357,24
Amyton,SA,5431,24
Bundaleer Gardens,SA,5491,24
Wandearah West,SA,5523,24
Yelta,SA,5558,24
Laura Bay,SA,5680,24
Glen Mervyn,WA,6239,24
Scott River,WA,6288,24
Wardering,WA,6311,24
Cancanning,WA,6315,24
Lower Hotham,WA,6390,24
Quelagetting,WA,6405,24
Dukin,WA,6475,24
Regans Ford,WA,6507,24
Nambung,WA,6521,24
Yarragadee,WA,6522,24
Mount Hill,WA,6528,24
Devils Creek,WA,6630,24
Nunierra,WA,6630,24
Eighty Mile Beach,WA,6725,24
Dee,TAS,7140,24
Loyetea,TAS,7316,24
Wiltshire,TAS,7321,24
Broadmeadows,TAS,7330,24
Tortilla Flats,NT,0822,23
Port Botany,NSW,2036,23
Hillsborough,NSW,2320,23
Goonoo Goonoo,NSW,2340,23
Kingsland,NSW,2370,23
Boonoo Boonoo,NSW,2372,23
Rivertree,NSW,2372,23
Balfours Peak,NSW,2403,23
Kia Ora,NSW,2422,23
Bottle Creek,NSW,2469,23
Lower Dyraaba,NSW,2470,23
Belanglo,NSW,2577,23
Laverstock,NSW,2582,23
Jinden,NSW,2622,23
Indi,NSW,2642,23
Arumpo,NSW,2715,23
Bathampton,NSW,2795,23
Tannas Mount,NSW,2795,23
Barigan,NSW,2850,23
Hayes Gap,NSW,2850,23
Boonah,VIC,3235,23
Cundare North,VIC,3251,23
Gerrigerrup,VIC,3289,23
Corndale,VIC,3311,23
Coojar,VIC,3315,23
Tarrenlea,VIC,3315,23
Foxhow,VIC,3323,23
Smokeytown,VIC,3364,23
Tutye,VIC,3490,23
Lake Marmal,VIC,3525,23
Bonn,VIC,3561,23
Roslynmead,VIC,3564,23
Drummartin,VIC,3570,23
Appin South,VIC,3579,23
Kerang East,VIC,3579,23
Upton Hill,VIC,3664,23
Almonds,VIC,3727,23
St Clair,VIC,3995,23
Buaraba South,QLD,4311,23
Wivenhoe Hill,QLD,4311,23
Lower Cressbrook,QLD,4313,23
Mount Walker West,QLD,4340,23
Lawes,QLD,4343,23
Kindon,QLD,4390,23
Marmadua,QLD,4405,23
Clifford,QLD,4427,23
V Gate,QLD,4465,23
Boatman,QLD,4468,23
Coongoola,QLD,4490,23
Humeburn,QLD,4490,23
Warnung,QLD,4605,23
Keysland,QLD,4612,23
Ban Ban Springs,QLD,4625,23
Dundarrah,QLD,4625,23
Ventnor,QLD,4630,23
Byellee,QLD,4680,23
Rewan,QLD,4702,23
Maryvale,QLD,4703,23
Gunyarra,QLD,4800,23
Granite Vale,QLD,4815,23
Ugar Island,QLD,4875,23
Mona Mona,QLD,4881,23
Lake Carlet,SA,5238,23
Salem,SA,5255,23
Markaranka,SA,5330,23
St Johns,SA,5373,23
Porter Lagoon,SA,5416,23
Franklyn,SA,5421,23
Iron Baron,SA,5611,23
Caraban,WA,6041,23
Teesdale,WA,6213,23
Tonebridge,WA,6244,23
Forrest Beach,WA,6271,23
Quellington,WA,6302,23
Dartnall,WA,6320,23
Nanarup,WA,6330,23
Kebaringup,WA,6335,23
Toompup,WA,6336,23
Tarin Rock,WA,6353,23
Kurrenkutten,WA,6375,23
Balkuling,WA,6383,23
South Yilgarn,WA,6426,23
Benjaberring,WA,6463,23
Booralaming,WA,6475,23
Ikewa,WA,6522,23
Nangetty,WA,6522,23
Bootenal,WA,6532,23
Lake Hinds,WA,6603,23
Pawtella,TAS,7120,23
Stonehenge,TAS,7120,23
Upper Esk,TAS,7214,23
Chain Of Lagoons,TAS,7215,23
Leeka,TAS,7255,23
Cluan,TAS,7303,23
Promised Land,TAS,7306,23
Upper Allyn,NSW,2311,22
Baerami Creek,NSW,2333,22
Rouchel Brook,NSW,2336,22
Brawboy,NSW,2337,22
Klori,NSW,2346,22
Rocky Creek,NSW,2371,22
Back Creek,NSW,2372,22
Mograni,NSW,2422,22
Moppy,NSW,2422,22
Washpool,NSW,2425,22
Barretts Creek,NSW,2460,22
Green Forest,NSW,2471,22
Bamarang,NSW,2540,22
Cadgee,NSW,2545,22
Hillgrove,NSW,2650,22
Paddys River,NSW,2653,22
Cudgel,NSW,2700,22
Tuppal,NSW,2714,22
Argalong,NSW,2720,22
Mumblebone Plain,NSW,2824,22
Mount Tenandra,NSW,2828,22
Ullamalla,NSW,2850,22
Cundumbul,NSW,2866,22
Mossgiel,NSW,2878,22
Milparinka,NSW,2880,22
Pomborneit East,VIC,3249,22
Cowleys Creek,VIC,3268,22
Pura Pura,VIC,3271,22
Karabeal,VIC,3294,22
Buckley Swamp,VIC,3301,22
Colbrook,VIC,3342,22
Glenbrae,VIC,3352,22
Mount Bolton,VIC,3352,22
Wal Wal,VIC,3385,22
Kellalac,VIC,3393,22
Willenabrina,VIC,3393,22
Gowar East,VIC,3477,22
Traynors Lagoon,VIC,3477,22
Watchem West,VIC,3482,22
Jarklin,VIC,3517,22
Cullen,VIC,3568,22
Normanville,VIC,3579,22
Pranjip,VIC,3666,22
Glen Creek,VIC,3691,22
Running Creek,VIC,3691,22
Cobbannah,VIC,3862,22
Llowalong,VIC,3862,22
Wingan River,VIC,3891,22
Anderson,VIC,3995,22
Yimbun,QLD,4313,22
Cutella,QLD,4352,22
Kurrowah,QLD,4352,22
Greenup,QLD,4387,22
Langlands,QLD,4410,22
Cuttaburra,QLD,4490,22
Togara,QLD,4702,22
Laglan,QLD,4721,22
Mount Macarthur,QLD,4723,22
Hazledean,QLD,4741,22
Horsnell Gully,SA,5141,22
North Cape,SA,5223,22
Seal Bay,SA,5223,22
Frayville,SA,5238,22
Kongal,SA,5270,22
Morn Hill,SA,5371,22
Euromina,SA,5454,22
Stockyard Creek,SA,5460,22
Bungaree,SA,5464,22
Port Davis,SA,5540,22
Whites River,SA,5607,22
Barna,SA,5641,22
Panitya,SA,5641,22
Chilpenunda,SA,5660,22
Mortana,SA,5671,22
Cultana,SA,5700,22
Mungalup,WA,6225,22
East Popanyinning,WA,6309,22
Boyerine,WA,6316,22
Ewlyamartup,WA,6317,22
Gillimanning,WA,6370,22
Gorge Rock,WA,6375,22
Boilup,WA,6394,22
Wittenoom Hills,WA,6447,22
South Kununoppin,WA,6489,22
Yuna,WA,6532,22
Wyening,WA,6568,22
Murchison,WA,6630,22
Little Pine Lagoon,TAS,7140,22
Scotts Flat,NSW,2330,21
Sandy Creek,NSW,2338,21
Borambil,NSW,2343,21
Yarraman,NSW,2343,21
Mihi,NSW,2358,21
Rangers Valley,NSW,2370,21
Dumaresq Valley,NSW,2372,21
Bulyeroi,NSW,2387,21
Twin Rivers,NSW,2410,21
Titaatee Creek,NSW,2422,21
Bulga Forest,NSW,2429,21
The Hatch,NSW,2444,21
The Gap,NSW,2472,21
Little Back Creek,NSW,2474,21
Duroby,NSW,2486,21
Goodmans Ford,NSW,2575,21
Farringdon,NSW,2622,21
Kindervale,NSW,2622,21
Sassafras,NSW,2622,21
Rhine Falls,NSW,2630,21
Rosemeath,NSW,2632,21
Bullatale,NSW,2710,21
One Tree,NSW,2711,21
Bindook,NSW,2787,21
Murrawombie,NSW,2825,21
Gumbalie,NSW,2840,21
Gunderbooka,NSW,2840,21
Carwell,NSW,2849,21
Tabor,VIC,3289,21
Warrayure,VIC,3301,21
Culla,VIC,3315,21
Wootong Vale,VIC,3315,21
Cargerie,VIC,3334,21
Illabarook,VIC,3351,21
Langdons Hill,VIC,3363,21
Lawrence,VIC,3364,21
Mena Park,VIC,3373,21
Norval,VIC,3377,21
Campbells Bridge,VIC,3387,21
Banyena,VIC,3388,21
Mockinya,VIC,3401,21
Grass Flat,VIC,3409,21
Cadello,VIC,3442,21
Lyal,VIC,3444,21
Spargo Creek,VIC,3461,21
Glenlofty,VIC,3469,21
Wooroonook,VIC,3525,21
Murphys Creek,VIC,3551,21
Kunat,VIC,3585,21
Koetong,VIC,3704,21
Bungeet,VIC,3726,21
Bungeet West,VIC,3726,21
The Heart,VIC,3851,21
Buldah,VIC,3890,21
Wangarabell,VIC,3891,21
Doctors Flat,VIC,3895,21
Gelliondale,VIC,3971,21
Macks Creek,VIC,3971,21
Koo Wee Rup North,VIC,3981,21
Vinegar Hill,QLD,4343,21
Millwood,QLD,4357,21
Upper Wheatvale,QLD,4370,21
Mount Irving,QLD,4401,21
Barramornie,QLD,4416,21
Gwambegwine,QLD,4420,21
Pony Hills,QLD,4454,21
Cheltenham,QLD,4627,21
The Dimonds,QLD,4650,21
Coomoo,QLD,4702,21
Lowestoff,QLD,4723,21
Gunpowder,QLD,4825,21
Ballast Head,SA,5221,21
Cape Borda,SA,5223,21
Claypans,SA,5238,21
Meningie East,SA,5264,21
Morphetts Flat,SA,5320,21
Yamba,SA,5340,21
Bakara,SA,5354,21
Paratoo,SA,5422,21
Kiana,SA,5607,21
Barrabup,WA,6275,21
Inkpen,WA,6302,21
Dwarda,WA,6308,21
Jaloran,WA,6315,21
Magitup,WA,6338,21
Neendaling,WA,6353,21
Little Italy,WA,6359,21
North Kellerberrin,WA,6410,21
Wilgoyne,WA,6479,21
North Trayning,WA,6488,21
Talgomine,WA,6490,21
Gunyidi,WA,6513,21
Allanooka,WA,6525,21
Naraling,WA,6532,21
Lake Ninan,WA,6603,21
Karanja,TAS,7140,21
Strickland,TAS,7140,21
Stormlea,TAS,7184,21
Tooms Lake,TAS,7209,21
Telita,TAS,7264,21
East Arnhem,NT,0822,20
Victoria River,NT,0852,20
Bowling Alley Point,NSW,2340,20
Longarm,NSW,2347,20
Torryburn,NSW,2358,20
Calamia,NSW,2460,20
Lilydale,NSW,2460,20
Moleville Creek,NSW,2460,20
Barringella,NSW,2540,20
Wollumboola,NSW,2540,20
Belowra,NSW,2545,20
Kowen,ACT,2620,20
Rockton,NSW,2632,20
Redlands,NSW,2646,20
Cunninyeuk,NSW,2734,20
Arkstone,NSW,2795,20
Charlton,NSW,2795,20
Twenty Forests,NSW,2795,20
Nyrang Creek,NSW,2804,20
Cathundral,NSW,2823,20
Quanda,NSW,2828,20
Kerrigundi,NSW,2835,20
Breakfast Creek,NSW,2849,20
Ginghi,NSW,2849,20
Worlds End,NSW,2850,20
Trewilga,NSW,2869,20
Paaratte,VIC,3268,20
Warrabkook,VIC,3286,20
Narrapumelap South,VIC,3293,20
Wando Bridge,VIC,3312,20
Tahara Bridge,VIC,3315,20
Mingay,VIC,3324,20
Rossbridge,VIC,3377,20
Miga Lake,VIC,3409,20
Nowhere Creek,VIC,3469,20
Reedy Lake,VIC,3579,20
Towan,VIC,3596,20
Koonda,VIC,3669,20
Shelley,VIC,3701,20
Pine Mountain,VIC,3709,20
Nangana,VIC,3781,20
Thorpdale South,VIC,3824,20
Tostaree,VIC,3888,20
Mount Gipps,QLD,4285,20
Fassifern,QLD,4309,20
Egypt,QLD,4344,20
Malu,QLD,4403,20
Lowesby,QLD,4702,20
Mantuan Downs,QLD,4722,20
Cleland,SA,5152,20
Blackfellows Creek,SA,5201,20
Ironstone,SA,5222,20
Giles Corner,SA,5411,20
Minburra Plain,SA,5431,20
Boconnoc Park,SA,5453,20
Paramatta,SA,5558,20
Chinbingina,SA,5680,20
Lake Camm,WA,6355,20
Magenta,WA,6355,20
Malyalling,WA,6370,20
Cubbine,WA,6383,20
Corinthia,WA,6426,20
Ucarty West,WA,6460,20
Kojarena,WA,6532,20
Minnenooka,WA,6532,20
Karalundi,WA,6642,20
Woodstock,TAS,7109,20
Woodbury,TAS,7120,20
Hollow Tree,TAS,7140,20
Uxbridge,TAS,7140,20
Blumont,TAS,7260,20
South Springfield,TAS,7260,20
Cowrie Point,TAS,7321,20
Point Stuart,NT,0822,19
Top Springs,NT,0852,19
Ghan,NT,0872,19
Falbrook,NSW,2330,19
Wylies Flat,NSW,2330,19
Colly Blue,NSW,2343,19
Abington,NSW,2350,19
Bakers Creek,NSW,2359,19
Camerons Creek,NSW,2359,19
Iron Pot Creek,NSW,2474,19
Roseberry,NSW,2474,19
Acacia Creek,NSW,2476,19
Carrington Falls,NSW,2577,19
Stonequarry,NSW,2580,19
Northangera,NSW,2622,19
Brookong,NSW,2656,19
Monia Gap,NSW,2675,19
Brobenah,NSW,2705,19
Wermatong,NSW,2720,19
Brungle Creek,NSW,2722,19
Thyra,NSW,2731,19
Dilpurra,NSW,2734,19
Jaunter,NSW,2787,19
Judds Creek,NSW,2795,19
Paling Yards,NSW,2795,19
Mount Aquila,NSW,2820,19
Ayrford,VIC,3268,19
Morgiana,VIC,3301,19
Duverney,VIC,3323,19
Claretown,VIC,3352,19
Middle Creek,VIC,3375,19
Crymelon,VIC,3393,19
Duchembegarra,VIC,3409,19
Glenlogie,VIC,3469,19
Archdale Junction,VIC,3475,19
Gre Gre South,VIC,3477,19
Kulwin,VIC,3490,19
Mittyack,VIC,3490,19
Hattah,VIC,3501,19
Brenanah,VIC,3517,19
Berrimal,VIC,3518,19
Dumosa,VIC,3527,19
Liparoo,VIC,3549,19
Mincha West,VIC,3568,19
Mywee,VIC,3641,19
Rythdale,VIC,3810,19
Caringal,VIC,3825,19
Fumina,VIC,3825,19
Maramingo Creek,VIC,3891,19
Boolarong,VIC,3960,19
Mount Lindesay,QLD,4287,19
Merryvale,QLD,4340,19
St Aubyn,QLD,4352,19
The Bluff,QLD,4355,19
Mount Emlyn,QLD,4357,19
Bybera,QLD,4387,19
Pelham,QLD,4415,19
Nangram,QLD,4416,19
Kilmorey Falls,QLD,4465,19
Bindebango,QLD,4488,19
Kioma,QLD,4498,19
Tuan Forest,QLD,4650,19
Nearum,QLD,4671,19
Boulder Creek,QLD,4714,19
Oakey Creek,QLD,4714,19
Fork Lagoons,QLD,4723,19
Epsom,QLD,4741,19
Crystal Creek,QLD,4816,19
Woolgar,QLD,4822,19
Willow Banks,SA,5253,19
Mount Observation,SA,5255,19
Meningie West,SA,5264,19
Makin,SA,5267,19
Ngarkat,SA,5302,19
Holder Siding,SA,5330,19
Wappilka,SA,5332,19
Mongolata,SA,5417,19
Pine Creek,SA,5419,19
Cowleds Landing,SA,5609,19
Polda,SA,5670,19
Inkster,SA,5680,19
Talbot West,WA,6302,19
Ballaying,WA,6315,19
Buniche,WA,6353,19
Kirk Rock,WA,6372,19
Dulyalbin,WA,6425,19
Cleary,WA,6472,19
North Yelbeni,WA,6487,19
Elabbin,WA,6490,19
Arrowsmith,WA,6525,19
Retreat,TAS,7254,19
Reekara,TAS,7256,19
Eddystone,TAS,7264,19
Needles,TAS,7304,19
Cradle Mountain,TAS,7306,19
Nelson Bay,TAS,7330,19
Chilcotts Creek,NSW,2339,18
Borah Creek,NSW,2346,18
Ironbark,NSW,2347,18
Woodstock,NSW,2360,18
Back Creek,NSW,2422,18
Baryulgil,NSW,2460,18
Coombadjha,NSW,2460,18
Smiths Creek,NSW,2460,18
Clearfield,NSW,2469,18
Warrazambil Creek,NSW,2474,18
Tinpot,NSW,2546,18
Narrabarba,NSW,2551,18
Booth,ACT,2620,18
Corang,NSW,2622,18
Marlowe,NSW,2622,18
Charlotte Pass,NSW,2624,18
Beloka,NSW,2628,18
Badja,NSW,2630,18
Bobundara,NSW,2630,18
Charles Sturt University,NSW,2678,18
Little River,NSW,2720,18
Mount Horeb,NSW,2729,18
Brogans Creek,NSW,2848,18
Upper Nile,NSW,2849,18
Broughams Gate,NSW,2880,18
Brit Brit,VIC,3315,18
Bamganie,VIC,3333,18
Springdallah,VIC,3351,18
Chute,VIC,3373,18
Lake Fyans,VIC,3381,18
Joel Joel,VIC,3384,18
Gatum,VIC,3407,18
Beazleys Bridge,VIC,3477,18
Tanwood,VIC,3478,18
Kinnabulla,VIC,3483,18
Willangie,VIC,3485,18
Derby,VIC,3516,18
Speewa,VIC,3585,18
Dropmore,VIC,3660,18
Riggs Creek,VIC,3666,18
Matlock,VIC,3723,18
Esmond,VIC,3730,18
Torwood,VIC,3821,18
Warragul West,VIC,3821,18
Jacob Creek,VIC,3825,18
Hiamdale,VIC,3847,18
Glen Wills,VIC,3898,18
Morwincha,QLD,4309,18
Mount Sturt,QLD,4370,18
Pikes Creek,QLD,4380,18
Riversleigh,QLD,4470,18
Cooladdi,QLD,4479,18
Alsace,QLD,4702,18
Belmunda,QLD,4740,18
Coral Sea,QLD,4740,18
Hail Creek,QLD,4742,18
Torrens Island,SA,5015,18
Lake Alexandrina,SA,5259,18
Mayfield,SA,5454,18
Burnsfield,SA,5520,18
Kappawanta,SA,5670,18
Carawa,SA,5680,18
Beedelup,WA,6260,18
Jarrahwood,WA,6275,18
Kealy,WA,6280,18
Glencoe,WA,6316,18
Datatine,WA,6317,18
Marracoonda,WA,6317,18
Monjebup,WA,6338,18
East Newdegate,WA,6355,18
Mount Stirling,WA,6383,18
Hulongine,WA,6460,18
Nolba,WA,6532,18
Paynes Find,WA,6612,18
Koolanooka,WA,6623,18
Apsley,TAS,7030,18
Collett Creek,NT,0822,17
Freds Pass,NT,0822,17
Elsey,NT,0852,17
Audley,NSW,2232,17
Glenworth Valley,NSW,2250,17
Tahlee,NSW,2324,17
Appletree Flat,NSW,2330,17
Scotts Creek,NSW,2338,17
Appleby,NSW,2340,17
Briarbrook,NSW,2365,17
Georges Creek,NSW,2365,17
Bald Nob,NSW,2370,17
Moggs Swamp,NSW,2370,17
Boonal,NSW,2409,17
Wallaringa,NSW,2420,17
Coneac,NSW,2422,17
Forbes River,NSW,2446,17
Clifden,NSW,2460,17
Peacock Creek,NSW,2469,17
Tooloom,NSW,2475,17
Lindesay Creek,NSW,2476,17
Comberton,NSW,2540,17
Narrangullen,NSW,2582,17
Weedallion,NSW,2594,17
Arable,NSW,2630,17
Yarara,NSW,2644,17
Pan Ban,NSW,2648,17
Laurel Hill,NSW,2649,17
Hartwood,NSW,2710,17
Sandy Gully,NSW,2729,17
Doctors Gap,NSW,2790,17
Mount Collins,NSW,2794,17
Copperhannia,NSW,2795,17
Gemalla,NSW,2795,17
Miamley,NSW,2873,17
Cundare,VIC,3251,17
Yatchaw,VIC,3301,17
Tahara West,VIC,3310,17
Muntham,VIC,3315,17
Larralea,VIC,3325,17
Tourello,VIC,3363,17
Mount Cameron,VIC,3370,17
Stony Creek,VIC,3371,17
Bornes Hill,VIC,3379,17
Stavely,VIC,3379,17
Willaura North,VIC,3379,17
Boolite,VIC,3392,17
Ozenkadnook,VIC,3413,17
Tarilta,VIC,3451,17
Woodstock West,VIC,3463,17
Rathscar West,VIC,3465,17
Burkes Flat,VIC,3475,17
Kooreh,VIC,3477,17
Sutherland,VIC,3477,17
Warrenmang,VIC,3478,17
Lindsay Point,VIC,3496,17
Arnold West,VIC,3551,17
Loddon Vale,VIC,3575,17
Fish Point,VIC,3585,17
Towong Upper,VIC,3707,17
Flynns Creek,VIC,3844,17
Suggan Buggan,VIC,3885,17
Madalya,VIC,3971,17
Motley,QLD,4356,17
Beelbee,QLD,4405,17
Halliford,QLD,4406,17
Lake Monduran,QLD,4671,17
Balcomba,QLD,4702,17
Mount Gardiner,QLD,4705,17
Walmul,QLD,4714,17
Elgin,QLD,4721,17
Swans Lagoon,QLD,4807,17
Calcium,QLD,4816,17
Orient,QLD,4850,17
Gunnawarra,QLD,4872,17
Kuitpo Colony,SA,5172,17
Taunton,SA,5235,17
Riverglen,SA,5253,17
Schell Well,SA,5311,17
Naidia,SA,5354,17
Stow,SA,5461,17
Inneston,SA,5577,17
Port Bonython,SA,5601,17
White Well Corner,SA,5690,17
Hacketts Gully,WA,6076,17
The Spectacles,WA,6167,17
Inglehope,WA,6213,17
Badgin,WA,6302,17
Kenmare,WA,6316,17
Westwood,WA,6316,17
Coyrecup,WA,6317,17
Merilup,WA,6352,17
Dardadine,WA,6392,17
Meenaar,WA,6401,17
Greenwoods Valley,WA,6405,17
Tandegin,WA,6415,17
Lake Brown,WA,6479,17
North Kununoppin,WA,6489,17
Nugadong,WA,6609,17
Inggarda,WA,6701,17
Meadowbank,TAS,7140,17
Rocky Hills,TAS,7190,17
Golconda,TAS,7254,17
Lower Turners Marsh,TAS,7267,17
Toiberry,TAS,7301,17
Oaks,TAS,7303,17
Camena,TAS,7316,17
Mount Bundey,NT,0822,16
Creswell,NT,0852,16
Delamere,NT,0852,16
Tablelands,NT,0862,16
Kiar,NSW,2259,16
Bowmans Creek,NSW,2330,16
Singleton Military Area,NSW,2331,16
Green Creek,NSW,2338,16
Macdonalds Creek,NSW,2339,16
Coomoo Coomoo,NSW,2343,16
Thirldene,NSW,2347,16
Oban,NSW,2365,16
The Pilliga,NSW,2388,16
Bretti,NSW,2422,16
Terreel,NSW,2422,16
Corangula,NSW,2440,16
Hartys Plains,NSW,2446,16
Bundagen,NSW,2454,16
Jacksons Flat,NSW,2469,16
Woolners Arm,NSW,2470,16
Cockwhy,NSW,2539,16
Chinnock,NSW,2550,16
Maldon,NSW,2571,16
Middlingbank,NSW,2630,16
Quidong,NSW,2632,16
Nyora,NSW,2646,16
Boorga,NSW,2652,16
Cobramunga,NSW,2732,16
Noorong,NSW,2732,16
Paringi,NSW,2738,16
The Meadows,NSW,2787,16
Newnes,NSW,2790,16
Yarragal,NSW,2820,16
Beemunnel,NSW,2824,16
Eenaweena,NSW,2824,16
Red Hill,NSW,2824,16
Kulwin,NSW,2835,16
Munghorn,NSW,2850,16
Amaroo,NSW,2866,16
Sugarloaf,VIC,3234,16
Tandarook,VIC,3260,16
Jancourt,VIC,3266,16
Purnim West,VIC,3278,16
Winnap,VIC,3304,16
Connewirricoo,VIC,3318,16
Mafeking,VIC,3379,16
Reedy Dam,VIC,3395,16
Basalt,VIC,3460,16
Eastville,VIC,3463,16
Carapooee West,VIC,3477,16
Dooboobetic,VIC,3478,16
Corack East,VIC,3480,16
Jeffcott,VIC,3480,16
Whirily,VIC,3483,16
Bunguluke,VIC,3527,16
Burkes Bridge,VIC,3568,16
Nowie,VIC,3585,16
Wanalta,VIC,3612,16
Broken Creek,VIC,3673,16
Bowser,VIC,3678,16
Aberfeldy,VIC,3825,16
Waygara,VIC,3888,16
Whitelaw,VIC,3950,16
Calrossie,VIC,3971,16
Hiawatha,VIC,3971,16
Hunterston,VIC,3971,16
Lynford,QLD,4342,16
Lemontree,QLD,4357,16
Leslie,QLD,4370,16
Baroondah,QLD,4420,16
Barringun,QLD,4490,16
Pile Gully,QLD,4625,16
Port Alma,QLD,4699,16
Peak Vale,QLD,4721,16
Kemmis,QLD,4742,16
Stokes,QLD,4823,16
Brown Beach,SA,5222,16
Shaugh,SA,5267,16
Langs Landing,SA,5353,16
Mingary,SA,5440,16
Broughton River Valley,SA,5454,16
Palkagee,SA,5670,16
William Creek,SA,5723,16
Postans,WA,6167,16
Holyoake,WA,6213,16
Mordalup,WA,6258,16
North Stirlings,WA,6338,16
West Holleton,WA,6369,16
Wyola West,WA,6407,16
Badgerin Rock,WA,6475,16
Dandanning,WA,6479,16
Cataby,WA,6507,16
Grey,WA,6521,16
Mount Horner,WA,6525,16
Bringo,WA,6532,16
Lower Marshes,TAS,7030,16
Yarra Creek,TAS,7256,16
Tonganah,TAS,7260,16
Powranna,TAS,7300,16
Lillico,TAS,7310,16
Archer,NT,0830,15
Hart,NT,0872,15
Watinuma,NT,0872,15
Rookwood,NSW,2141,15
Myuna Bay,NSW,2264,15
Rixs Creek,NSW,2330,15
St Clair,NSW,2330,15
Green Hills,NSW,2365,15
Kaputar,NSW,2390,15
Elcombe,NSW,2404,15
Callaghans Creek,NSW,2422,15
Gangat,NSW,2422,15
Old Station,NSW,2440,15
Culmaran Creek,NSW,2469,15
Dairy Flat,NSW,2474,15
Stotts Creek,NSW,2487,15
Meryla,NSW,2577,15
Coree,ACT,2611,15
Guthega,NSW,2624,15
Buckenderra,NSW,2630,15
Glen Fergus,NSW,2630,15
Pine Valley,NSW,2630,15
Waugorah,NSW,2711,15
Killimicat,NSW,2720,15
Coxs Crown,NSW,2849,15
Little Topar,NSW,2880,15
Mepunga,VIC,3277,15
Killara,VIC,3312,15
Clover Flat,VIC,3315,15
Bringalbert,VIC,3319,15
Bulgana,VIC,3377,15
Dobie,VIC,3377,15
Dunneworthy,VIC,3377,15
Wattle Creek,VIC,3384,15
Tooan,VIC,3409,15
Moyreisk,VIC,3477,15
Rich Avon,VIC,3480,15
Curyo,VIC,3483,15
Fiery Flat,VIC,3518,15
Terrappee,VIC,3525,15
Kalpienung,VIC,3529,15
Canary Island,VIC,3537,15
Creek View,VIC,3551,15
Myola,VIC,3551,15
Macorna North,VIC,3568,15
Narrung,VIC,3597,15
Moora,VIC,3612,15
Thologolong,VIC,3691,15
Boxwood,VIC,3725,15
Havilah,VIC,3737,15
Waterholes,VIC,3875,15
Bete Bolong North,VIC,3888,15
Tidal River,VIC,3960,15
Woolshed,QLD,4340,15
Rangemore,QLD,4352,15
Bulli Creek,QLD,4357,15
Amosfield,QLD,4380,15
Riverton,QLD,4385,15
Wainui,QLD,4404,15
Rywung,QLD,4413,15
Waikola,QLD,4420,15
Mount Howe,QLD,4454,15
Mount Moffatt,QLD,4465,15
Upper Warrego,QLD,4477,15
Walliebum,QLD,4655,15
Cherwell,QLD,4660,15
Argyll,QLD,4721,15
No 5 Branch,QLD,4856,15
Mundoo Island,SA,5214,15
Frahns,SA,5238,15
Lindley,SA,5320,15
Notts Well,SA,5357,15
Rocky Plain,SA,5381,15
Hardy,SA,5422,15
Dalkey,SA,5461,15
Hoskin Corner,SA,5461,15
Saints,SA,5461,15
Germein Bay,SA,5495,15
Port Arthur,SA,5552,15
Hope Gap,SA,5555,15
False Bay,SA,5601,15
Tootenilla,SA,5607,15
Gawler Ranges,SA,5655,15
Karrakatta,WA,6010,15
Peron,WA,6168,15
Buckingham,WA,6225,15
Diamond Tree,WA,6258,15
Alexandra Bridge,WA,6288,15
Pumphreys Bridge,WA,6308,15
Murdong,WA,6317,15
Cheynes,WA,6328,15
Nairibin,WA,6350,15
North Moulyinning,WA,6351,15
Broke,WA,6398,15
Norpa,WA,6415,15
Petrudor,WA,6468,15
Moondah,WA,6503,15
Wandana,WA,6532,15
Xantippe,WA,6609,15
Ambania,WA,6632,15
Victoria Valley,TAS,7140,15
Lughrata,TAS,7255,15
Bungaree,TAS,7256,15
South Mount Cameron,TAS,7264,15
West Coast,TAS,7321,15
Fleming,NT,0822,14
Costello,NT,0872,14
Combo,NSW,2330,14
Davis Creek,NSW,2336,14
Keepit,NSW,2340,14
Bookookoorara,NSW,2372,14
Wylie Creek,NSW,2372,14
Upper Bingara,NSW,2404,14
Pulganbar,NSW,2460,14
Winegrove,NSW,2460,14
Mount Marsh,NSW,2469,14
Warregah Island,NSW,2469,14
Unumgar,NSW,2474,14
Hayters Hill,NSW,2481,14
Comerong Island,NSW,2540,14
Watersleigh,NSW,2540,14
Paupong,NSW,2628,14
Billilingra,NSW,2630,14
Scotia,NSW,2648,14
Nurenmerenmong,NSW,2649,14
Belfrayden,NSW,2650,14
Fargunyah,NSW,2656,14
Murrin Bridge,NSW,2672,14
Colo,NSW,2795,14
Waldegrave,NSW,2800,14
Dunville Loop,NSW,2849,14
Murrumbo,NSW,2849,14
Wilpinjong,NSW,2850,14
Guntawang,NSW,2852,14
Kenny,ACT,2911,14
Grey River,VIC,3234,14
Framlingham East,VIC,3265,14
Curdies River,VIC,3268,14
Knebsworth,VIC,3286,14
Nangeela,VIC,3312,14
Hesse,VIC,3321,14
Mount Emu,VIC,3351,14
Langi Kal Kal,VIC,3352,14
Joel South,VIC,3384,14
Arapiles,VIC,3409,14
Lawloit,VIC,3418,14
Neereman,VIC,3463,14
Jeffcott North,VIC,3480,14
Boinka,VIC,3490,14
Fernihurst,VIC,3518,14
Nine Mile,VIC,3518,14
Skinners Flat,VIC,3518,14
Nareewillock,VIC,3525,14
Yeungroon East,VIC,3525,14
Catumnal,VIC,3537,14
Winnambool,VIC,3546,14
Whipstick,VIC,3556,14
Ulupna,VIC,3641,14
Guys Forest,VIC,3709,14
Enochs Point,VIC,3723,14
Thalloo,VIC,3825,14
Melwood,VIC,3875,14
Cooeeimbardi,QLD,4313,14
Lavelle,QLD,4357,14
Cattle Creek,QLD,4407,14
Minnie Downs,QLD,4478,14
Jobs Gate,QLD,4490,14
Tuen,QLD,4490,14
Commissioners Flat,QLD,4514,14
Deep Creek,QLD,4625,14
Toondahra,QLD,4625,14
Coominglah Forest,QLD,4630,14
Boonooroo Plains,QLD,4650,14
Florence Bay,QLD,4819,14
Fisher,QLD,4825,14
Cardstone,QLD,4854,14
Koombooloomba,QLD,4872,14
Shelburne,QLD,4874,14
Yarraden,QLD,4892,14
Castambul,SA,5076,14
Stun'sail Boom,SA,5223,14
Apamurra,SA,5237,14
Mount Barker Junction,SA,5251,14
Ulooloo,SA,5419,14
Benbournie,SA,5453,14
Coolillie,SA,5670,14
Avon Valley National Park,WA,6084,14
Muja,WA,6225,14
Lake Muir,WA,6258,14
Burges,WA,6302,14
Commodine,WA,6311,14
Karloning,WA,6479,14
Wattoning,WA,6479,14
Cooljarloo,WA,6507,14
Mimegarra,WA,6507,14
Milo,WA,6525,14
Mount Adams,WA,6525,14
Ellendale,WA,6532,14
Derwent Bridge,TAS,7140,14
Mount Field,TAS,7140,14
Mayberry,TAS,7304,14
Couta Rocks,TAS,7330,14
Cox Peninsula,NT,0822,13
Flying Fox,NT,0852,13
Murputja,NT,0872,13
Sandover,NT,0872,13
Big Ridge,NSW,2330,13
Dewitt,NSW,2422,13
Hacks Ferry,NSW,2441,13
Bago,NSW,2446,13
Kyarran,NSW,2460,13
Yabbra,NSW,2469,13
Lilyvale,NSW,2508,13
The Brothers,NSW,2630,13
Yanga,NSW,2711,13
Tumorrama,NSW,2720,13
Sharps Creek,NSW,2729,13
Mogo Creek,NSW,2775,13
Black Hollow,NSW,2828,13
Irymple,NSW,2835,13
Narran Lake,NSW,2839,13
Havilah,NSW,2850,13
Cumbandry,NSW,2852,13
Taroon,VIC,3265,13
Pittong,VIC,3360,13
Cross Roads,VIC,3373,13
Denicull Creek,VIC,3377,13
Frenchmans,VIC,3384,13
Marnoo West,VIC,3387,13
Sidonia,VIC,3444,13
Rathscar,VIC,3465,13
Cochranes Creek,VIC,3475,13
Moolerr,VIC,3477,13
Laen,VIC,3480,13
Glenalbyn,VIC,3517,13
Teddywaddy,VIC,3527,13
Teddywaddy West,VIC,3527,13
Murnungin,VIC,3544,13
Gerahmin,VIC,3546,13
Eaglehawk North,VIC,3556,13
Appin,VIC,3579,13
Milnes Bridge,VIC,3579,13
Chillingollah,VIC,3585,13
Nyrraby,VIC,3585,13
Mount Major,VIC,3646,13
Germantown,VIC,3741,13
Carrajung South,VIC,3844,13
Darriman,VIC,3851,13
Nyerimilang,VIC,3909,13
Balook,VIC,3971,13
Caboonbah,QLD,4312,13
Cherry Gully,QLD,4370,13
Yagaburne,QLD,4390,13
Sujeewong,QLD,4413,13
Pine Hills,QLD,4416,13
Redford,QLD,4467,13
Dromedary,QLD,4718,13
Quetta,QLD,4724,13
Lake Proserpine,QLD,4800,13
Clemant,QLD,4816,13
Ranken,QLD,4825,13
Rungoo,QLD,4849,13
Millbrook,SA,5231,13
Backy Point,SA,5601,13
Douglas Point South,SA,5601,13
Maltee,SA,5690,13
Wilga West,WA,6243,13
Callcup,WA,6260,13
Contine,WA,6311,13
Nippering,WA,6350,13
South Kukerin,WA,6352,13
Rossmore,WA,6401,13
Ghooli,WA,6426,13
Kanowna,WA,6431,13
Barbalin,WA,6479,13
Cowcowing,WA,6485,13
Holmwood,WA,6522,13
Mooriary,WA,6522,13
Mount Budd,WA,6522,13
West Binnu,WA,6532,13
Ord River,WA,6770,13
Killora,TAS,7150,13
Burns Creek,TAS,7212,13
South Nietta,TAS,7315,13
Koolpinyah,NT,0822,12
Buchanan,NT,0852,12
Warumbul,NSW,2232,12
Little Pelican,NSW,2281,12
Obanvale,NSW,2330,12
Kings Plains,NSW,2360,12
Old Mill,NSW,2369,12
Yellow Dam,NSW,2371,12
Bombah Point,NSW,2423,12
Ashby Island,NSW,2463,12
Joes Box,NSW,2469,12
Sandilands,NSW,2469,12
Simpkins Creek,NSW,2469,12
Rukenvale,NSW,2474,12
Sawpit Creek,NSW,2474,12
Dangelong,NSW,2630,12
Cambalong,NSW,2632,12
Gunningrah,NSW,2632,12
Pine Camp,NSW,2648,12
French Park,NSW,2655,12
Bundure,NSW,2700,12
Windowie,NSW,2720,12
Stony Crossing,NSW,2734,12
Mellong,NSW,2756,12
Perrys Crossing,NSW,2775,12
Pigeonbah,NSW,2824,12
Snakes Plain,NSW,2824,12
Merrigal,NSW,2827,12
Nebea,NSW,2829,12
Lee Creek,NSW,2849,12
Fowlers Gap,NSW,2880,12
Point Wilson,VIC,3212,12
Cabbage Tree,VIC,3364,12
Wallaloo East,VIC,3387,12
Kenmare,VIC,3395,12
Jil Jil,VIC,3483,12
Banyan,VIC,3485,12
Wedderburn Junction,VIC,3518,12
Woodstock On Loddon,VIC,3551,12
Gladfield,VIC,3575,12
Meering West,VIC,3579,12
Pira,VIC,3585,12
Broadlands,VIC,3875,12
Southern Moreton Bay Islands,QLD,4208,12
Murrumba,QLD,4312,12
Spring Bluff,QLD,4352,12
Purrawunda,QLD,4356,12
Sabine,QLD,4401,12
Coorada,QLD,4420,12
Upper Dawson,QLD,4454,12
Lumeah,QLD,4478,12
Mount Lawless,QLD,4625,12
Tandora,QLD,4650,12
Molangul,QLD,4671,12
Wura,QLD,4714,12
Town Common,QLD,4810,12
Montarra,SA,5172,12
Wombats Rest,SA,5320,12
Bakara Well,SA,5354,12
Rochester,SA,5464,12
Fountain,SA,5607,12
Uley,SA,5607,12
Witera,SA,5671,12
Maryvale,SA,5680,12
Pureba,SA,5680,12
Carriewerloo,SA,5715,12
Kingston,WA,6256,12
Wilgarrup,WA,6258,12
Lake Jasper,WA,6260,12
Peerabeelup,WA,6260,12
Shannon,WA,6262,12
South Glencoe,WA,6317,12
Goomarin,WA,6415,12
Mount Ney,WA,6447,12
Mount Erin,WA,6532,12
South Yuna,WA,6532,12
Steppes,TAS,7030,12
Ida Bay,TAS,7109,12
Savage River,TAS,7321,12
Kakadu,NT,0822,11
Gregory,NT,0852,11
Mount Zeil,NT,0872,11
Mt Liebig,NT,0872,11
Lucas Heights,NSW,2234,11
Callaghan,NSW,2308,11
Gouldsville,NSW,2330,11
Bengalla,NSW,2333,11
Limestone,NSW,2361,11
Wallis Lake,NSW,2428,11
Cascade,NSW,2453,11
Marengo,NSW,2453,11
Moonpar,NSW,2453,11
Deep Creek,NSW,2460,11
Lionsville,NSW,2460,11
Sandy Crossing,NSW,2460,11
Lower Duck Creek,NSW,2469,11
Babyl Creek,NSW,2470,11
Sextonville,NSW,2470,11
Cedar Creek,NSW,2484,11
Maddens Plains,NSW,2508,11
Yadboro,NSW,2539,11
Nimmo,NSW,2628,11
Coolumbooka,NSW,2632,11
Melbergen,NSW,2669,11
Argoon,NSW,2707,11
State Mine Gully,NSW,2790,11
Millah Murrah,NSW,2795,11
Yarras,NSW,2795,11
Mount Foster,NSW,2824,11
Hungerford,NSW,2840,11
Noorat East,VIC,3265,11
Waarre,VIC,3269,11
Victoria Point,VIC,3294,11
Caralulup,VIC,3371,11
Aubrey,VIC,3393,11
Englefield,VIC,3407,11
Bradford,VIC,3463,11
Corack,VIC,3480,11
Lawler,VIC,3480,11
Massey,VIC,3482,11
Warmur,VIC,3482,11
Karyrie,VIC,3483,11
Yarraberb,VIC,3516,11
Glenloth East,VIC,3527,11
Cannie,VIC,3540,11
Bolton,VIC,3546,11
Painswick,VIC,3551,11
Terrick Terrick East,VIC,3573,11
Meatian,VIC,3585,11
Bravington,VIC,3821,11
Callignee North,VIC,3844,11
Licola North,VIC,3858,11
Grand Ridge,VIC,3870,11
Tonghi Creek,VIC,3890,11
Wallagaraugh,VIC,3891,11
Bingo Munjie,VIC,3898,11
Mount Moriah,QLD,4403,11
Blairmore,QLD,4625,11
Tablelands,QLD,4680,11
Woolein,QLD,4702,11
Leydens Hill,QLD,4714,11
Winchester,QLD,4721,11
Diamantina Lakes,QLD,4735,11
Barkly,QLD,4825,11
Lyndhurst,QLD,4871,11
Macalister Range,QLD,4871,11
Julanka Holdings,SA,5238,11
Old Teal Flat,SA,5238,11
Teal Flat,SA,5238,11
Laurie Park,SA,5271,11
Cadell Lagoon,SA,5321,11
Hallelujah Hills,SA,5381,11
Puntabie,SA,5680,11
Arcoona,SA,5720,11
Lyalls Mill,WA,6225,11
Biddelia,WA,6260,11
Yoganup,WA,6275,11
Lol Gray,WA,6311,11
Collanilling,WA,6315,11
Gundaring,WA,6315,11
Lime Lake,WA,6315,11
Dunn Rock,WA,6355,11
Yoting,WA,6383,11
Cunjardine,WA,6401,11
Waddington,WA,6509,11
Dindiloa,WA,6532,11
Lyndon,WA,6701,11
Meda,WA,6728,11
Apslawn,TAS,7190,11
Friendly Beaches,TAS,7215,11
Wickham,TAS,7256,11
Alberton,TAS,7263,11
Shoal Bay,NT,0830,10
Manbulloo,NT,0852,10
Anatye,NT,0872,10
Hale,NT,0872,10
Port Stephens,NSW,2317,10
Garland Valley,NSW,2330,10
Hambledon Hill,NSW,2330,10
Lemington,NSW,2330,10
Wimborne,NSW,2346,10
Mayvale,NSW,2347,10
Gostwyck,NSW,2358,10
Newstead,NSW,2360,10
Swanbrook,NSW,2360,10
Spring Mountain,NSW,2370,10
Debenham,NSW,2446,10
Gorge Creek,NSW,2469,10
Bungabbee,NSW,2480,10
Pointer Mountain,NSW,2539,10
Environa,ACT,2620,10
Jincumbilly,NSW,2631,10
Paddys Flat,NSW,2632,10
Palarang,NSW,2632,10
Tombong,NSW,2633,10
Bangadang,NSW,2729,10
Milkers Flat,NSW,2795,10
Terrabella,NSW,2818,10
Pine Clump,NSW,2824,10
Pine Grove,NSW,2829,10
Cross Roads,NSW,2850,10
Bullaharre,VIC,3266,10
The Cove,VIC,3268,10
Purdeet,VIC,3289,10
Bo Peep,VIC,3351,10
Willowvale,VIC,3360,10
Mount Beckworth,VIC,3363,10
Bayindeen,VIC,3375,10
Langi Logan,VIC,3377,10
Shays Flat,VIC,3377,10
Germania,VIC,3387,10
Blackheath,VIC,3401,10
Irishtown,VIC,3451,10
Gooroc,VIC,3477,10
Swanwater,VIC,3477,10
Carron,VIC,3480,10
Gil Gil,VIC,3480,10
Laen North,VIC,3480,10
Wycheproof South,VIC,3527,10
Tyrrell,VIC,3533,10
Barnadown,VIC,3557,10
Sandhill Lake,VIC,3579,10
Boorhaman East,VIC,3678,10
Loy Yang,VIC,3844,10
Boole Poole,VIC,3880,10
Lake Tyers,VIC,3887,10
North Maclagan,QLD,4352,10
Domville,QLD,4357,10
Scrubby Creek,QLD,4478,10
Cameron Corner,QLD,4492,10
Inskip,QLD,4581,10
Langley,QLD,4630,10
Greenlake,QLD,4701,10
The Common,QLD,4701,10
Fletcher Creek,QLD,4714,10
Limestone,QLD,4714,10
Eaglefield,QLD,4742,10
Gilberton,QLD,4871,10
Flinders Chase,SA,5223,10
Point Lowly North,SA,5601,10
Jamieson,SA,5640,10
Uworra,SA,5690,10
Kootaberra,SA,5713,10
Wallerberdina,SA,5713,10
Wilbinga,WA,6041,10
Kweda,WA,6306,10
Mount Caroline,WA,6410,10
Bullabulling,WA,6429,10
Binduli,WA,6430,10
Elachbutting,WA,6479,10
Barberton,WA,6510,10
Lockier,WA,6522,10
Durawah,WA,6532,10
Hamelin Pool,WA,6532,10
Northern Gully,WA,6532,10
Miamoon,WA,6612,10
Mulataga,WA,6714,10
Liawenee,TAS,7030,10
Pearshape,TAS,7256,10
Tulendeena,TAS,7260,10
Moorina,TAS,7264,10
Quamby Bend,TAS,7292,10
Cethana,TAS,7306,10
South Preston,TAS,7315,10
Detention,TAS,7321,10
Mount Dee,NSW,2320,9
Kings Hill,NSW,2324,9
Kerrabee,NSW,2328,9
Omadale,NSW,2337,9
Pages Creek,NSW,2337,9
Pages River,NSW,2338,9
Bassendean,NSW,2365,9
Carrolls Creek,NSW,2372,9
Back Creek,NSW,2390,9
Blue Nobby,NSW,2408,9
Glen Ward,NSW,2422,9
Rawdon Vale,NSW,2422,9
Heifer Station,NSW,2460,9
Cleveland,NSW,2530,9
Buckenbowra,NSW,2536,9
Pebbly Beach,NSW,2536,9
Timbillica,NSW,2551,9
Cullivel,NSW,2645,9
Anabranch North,NSW,2648,9
Corrong,NSW,2711,9
Gala Vale,NSW,2716,9
Mallee,NSW,2738,9
Gurnang,NSW,2787,9
Oxley,NSW,2824,9
Coggan,NSW,2849,9
Yullundry,NSW,2867,9
Gilgunnia,NSW,2877,9
Tyrendarra East,VIC,3285,9
Fiskville,VIC,3342,9
Piggoreet,VIC,3351,9
Pitfield,VIC,3351,9
Gong Gong,VIC,3352,9
Mount Cole,VIC,3377,9
Wallaloo,VIC,3387,9
Rosebery,VIC,3395,9
Baynton East,VIC,3444,9
Rostron,VIC,3477,9
Ballapur,VIC,3483,9
Glenloth,VIC,3527,9
Tyrrell Downs,VIC,3533,9
Minmindie,VIC,3537,9
Gowanford,VIC,3544,9
Terrick Terrick,VIC,3575,9
Fairley,VIC,3579,9
Winton North,VIC,3673,9
Archerton,VIC,3723,9
Crooked River,VIC,3862,9
Woodside North,VIC,3874,9
Cape Conran,VIC,3888,9
Silverbark Ridge,QLD,4124,9
Balgowan,QLD,4401,9
Durah,QLD,4413,9
Baffle West,QLD,4454,9
Caldervale,QLD,4478,9
Great Sandy Strait,QLD,4655,9
Wonbah Forest,QLD,4671,9
Johnsons Hill,QLD,4714,9
Broken River,QLD,4757,9
Eungella Dam,QLD,4757,9
Mentmore,QLD,4798,9
Lake Tinaroo,QLD,4872,9
Lakefield,QLD,4892,9
Krongart,SA,5278,9
Carcuma,SA,5301,9
Chowilla,SA,5341,9
Oulnina,SA,5440,9
Wilcherry,SA,5641,9
Mount Joy,SA,5670,9
Gidgealpa,SA,5731,9
South Datatine,WA,6317,9
Meeking,WA,6392,9
Holleton,WA,6426,9
Skeleton Rock,WA,6426,9
North Cascade,WA,6445,9
Nembudding,WA,6485,9
Yelbeni,WA,6487,9
Burran Rock,WA,6490,9
Dartmoor,WA,6532,9
Eradu South,WA,6532,9
Massey Bay,WA,6701,9
Cooya Pooya,WA,6714,9
Millstream,WA,6716,9
Warrentinna,TAS,7261,9
Meunna,TAS,7325,9
West Takone,TAS,7325,9
Mandorah,NT,0822,8
De Rose Hill,NT,0872,8
Namatjira,NT,0872,8
Warrabah,NSW,2346,8
Gundamulda,NSW,2347,8
Tocal,NSW,2421,8
Craven Plateau,NSW,2422,8
Curricabark,NSW,2422,8
Giro,NSW,2422,8
Kerewong,NSW,2439,8
Barcoongere,NSW,2460,8
Carnham,NSW,2460,8
Carrs Peninsula,NSW,2460,8
Dalmorton,NSW,2460,8
Eighteen Mile,NSW,2460,8
Haystack,NSW,2469,8
Mayfield,NSW,2540,8
Molonglo Valley,ACT,2617,8
Yarrow,ACT,2620,8
Kiandra,NSW,2629,8
Mount Cooper,NSW,2631,8
Bukalong,NSW,2632,8
Merriangaah,NSW,2632,8
Moorara,NSW,2648,8
Barratta,NSW,2710,8
Clare,NSW,2711,8
Jones Bridge,NSW,2720,8
Black Creek,NSW,2729,8
Cooleys Creek,NSW,2729,8
Wetuppa,NSW,2734,8
Four Mile Creek,NSW,2800,8
Goonoo Forest,NSW,2830,8
Mulguthrie,NSW,2877,8
Calder Park,VIC,3037,8
Nirranda East,VIC,3268,8
Mount Napier,VIC,3301,8
Powers Creek,VIC,3312,8
Mount Cole Creek,VIC,3377,8
Inkerman,VIC,3472,8
Avon Plains,VIC,3477,8
Coonooer West,VIC,3477,8
Gre Gre,VIC,3477,8
Rich Avon East,VIC,3480,8
Morton Plains,VIC,3482,8
Richmond Plains,VIC,3518,8
Woosang,VIC,3518,8
Kinypanial,VIC,3520,8
Wychitella North,VIC,3525,8
Towaninny,VIC,3527,8
Wangie,VIC,3530,8
Warne,VIC,3530,8
Boigbeat,VIC,3531,8
Nyarrin,VIC,3533,8
Pier Milan,VIC,3533,8
Barraport West,VIC,3537,8
Auchmore,VIC,3570,8
Westby,VIC,3579,8
Waranga,VIC,3616,8
Callignee South,VIC,3844,8
Nurran,VIC,3888,8
Kings Siding,QLD,4401,8
Barakula,QLD,4413,8
Westgrove,QLD,4454,8
Murweh,QLD,4470,8
Wagtail Grove,QLD,4513,8
Bundoora,QLD,4723,8
Warenda,QLD,4829,8
Yagoonya,QLD,4892,8
American Beach,SA,5222,8
Spectacle Lake,SA,5345,8
Koonoona,SA,5417,8
Waroonee,SA,5422,8
Grampus,SA,5440,8
Mutooroo,SA,5440,8
Watraba,SA,5690,8
Stuarts Creek,SA,5720,8
Gum Creek Station,SA,5730,8
Mount Falkland,SA,5730,8
Breton Bay,WA,6043,8
Melaleuca,WA,6079,8
Townsendale,WA,6311,8
Bullock Hills,WA,6317,8
Badjaling,WA,6383,8
Baandee,WA,6412,8
Turkey Hill,WA,6426,8
Chandler,WA,6490,8
Wicherina South,WA,6532,8
Gabalong,WA,6574,8
East Damboring,WA,6606,8
Macleod,WA,6701,8
Learmonth,WA,6707,8
Whim Creek,WA,6718,8
Waddamana,TAS,7030,8
Swanston,TAS,7120,8
Kamona,TAS,7260,8
Trenah,TAS,7263,8
Hidden Valley,NT,0822,7
Margaret River,NT,0822,7
Milingimbi,NT,0822,7
Arnold,NT,0852,7
Ngaanyatjarra-giles,NT,0872,7
Middle Harbour,NSW,2087,7
Pittwater,NSW,2105,7
Freemans,NSW,2259,7
Rossgole,NSW,2336,7
Tiri,NSW,2424,7
Booti Booti,NSW,2428,7
Kennaicle Creek,NSW,2449,7
Carrs Island,NSW,2460,7
Punchbowl,NSW,2460,7
Lower Peacock,NSW,2469,7
Paddys Flat,NSW,2469,7
Six Mile Swamp,NSW,2469,7
Woronora Dam,NSW,2508,7
Nelson,NSW,2550,7
Tennent,ACT,2620,7
St George,NSW,2622,7
Wilsons Valley,NSW,2624,7
Frying Pan,NSW,2630,7
Ironmungy,NSW,2630,7
Moonbria,NSW,2710,7
Aratula,NSW,2714,7
Mabins Well,NSW,2716,7
Yarrangobilly,NSW,2720,7
Moolpa,NSW,2734,7
Tooranie,NSW,2734,7
Macquarie Marshes,NSW,2831,7
Swan Island,VIC,3225,7
Petticoat Creek,VIC,3233,7
Wattle Hill,VIC,3237,7
Barunah Plains,VIC,3329,7
Durdidwarrah,VIC,3342,7
Nerring,VIC,3373,7
Eversley,VIC,3377,7
Yalla-y-poora,VIC,3378,7
Mount Dryden,VIC,3381,7
Tulkara,VIC,3384,7
Roses Gap,VIC,3385,7
Lorquon,VIC,3418,7
Gre Gre North,VIC,3477,7
Swanwater West,VIC,3480,7
Murray-sunset,VIC,3490,7
Chirrip,VIC,3525,7
Ninyeunook,VIC,3527,7
Thalia,VIC,3527,7
Bimbourie,VIC,3533,7
Gredgwin,VIC,3537,7
Oakvale,VIC,3540,7
Chinangin,VIC,3544,7
Sylvaterre,VIC,3575,7
Polisbet,VIC,3585,7
Swan Hill West,VIC,3585,7
Delatite,VIC,3723,7
Abbeyard,VIC,3737,7
Dutson Downs,VIC,3851,7
Woolenook,VIC,3860,7
Wilsons Promontory,VIC,3960,7
Simmie,QLD,4454,7
Farrars Creek,QLD,4481,7
Toolara Forest,QLD,4570,7
Bauple Forest,QLD,4650,7
Turrawulla,QLD,4742,7
Suttor,QLD,4743,7
Goorganga Plains,QLD,4800,7
Lawn Hill,QLD,4825,7
Wenlock,QLD,4874,7
Ellis Beach,QLD,4879,7
Rocky Point,SA,5238,7
Billiatt,SA,5311,7
Lincoln National Park,SA,5607,7
Corunna Station,SA,5611,7
Oakden Hills,SA,5713,7
Pernatty,SA,5713,7
Wirraminna,SA,5719,7
Andamooka Station,SA,5722,7
Beltana Station,SA,5730,7
Puttapa,SA,5730,7
Whittaker,WA,6207,7
Marrinup,WA,6213,7
Stratherne,WA,6309,7
Muresk,WA,6401,7
Boodarockin,WA,6423,7
Bandya,WA,6440,7
North Wialki,WA,6473,7
Kwelkan,WA,6490,7
Bundanoon,WA,6522,7
Burma Road,WA,6532,7
East Nabawa,WA,6532,7
Eradu,WA,6532,7
Meadow,WA,6532,7
Wicherina,WA,6532,7
Mueller Ranges,WA,6770,7
Antill Ponds,TAS,7120,7
Cape Portland,TAS,7264,7
East Point,NT,0820,6
West Arnhem,NT,0822,6
Upper Mangrove,NSW,2250,6
Colongra,NSW,2262,6
Murulla,NSW,2337,6
Capoompeta,NSW,2371,6
Gragin,NSW,2403,6
Upper Karuah River,NSW,2415,6
Hanleys Creek,NSW,2420,6
Lansdowne Forest,NSW,2430,6
Wombat Creek,NSW,2460,6
The Freshwater,NSW,2466,6
Alice,NSW,2469,6
Capeen Creek,NSW,2469,6
Upper Duck Creek,NSW,2469,6
Koonyum Range,NSW,2482,6
Macquarie Pass,NSW,2577,6
Weston Creek,ACT,2611,6
Boco,NSW,2631,6
Coppabella,NSW,2644,6
Para,NSW,2648,6
Lake Brewster,NSW,2675,6
Hatfield,NSW,2715,6
Wereboldera,NSW,2720,6
Califat,NSW,2729,6
Green Hills,NSW,2730,6
Jooriland,NSW,2787,6
Mayfield,NSW,2787,6
Fitzgeralds Valley,NSW,2795,6
Stewarts Mount,NSW,2795,6
Cadia,NSW,2800,6
Bulla,NSW,2835,6
Tichular,NSW,2850,6
Mount Sabine,VIC,3236,6
Lake Condah,VIC,3303,6
Brimboal,VIC,3312,6
Zumsteins,VIC,3401,6
Jilpanger,VIC,3409,6
Golden Point,VIC,3465,6
Dalyenong,VIC,3477,6
Marnoo East,VIC,3477,6
Birchip West,VIC,3483,6
Marlbed,VIC,3483,6
Kurraca,VIC,3518,6
Kurraca West,VIC,3518,6
Barrakee,VIC,3525,6
Jeruk,VIC,3527,6
Myall,VIC,3533,6
Tittybong,VIC,3542,6
Ultima East,VIC,3544,6
Turoar,VIC,3546,6
Kamarooka North,VIC,3571,6
Bael Bael,VIC,3579,6
Winlaton,VIC,3585,6
Lake Eildon,VIC,3713,6
Tabberabbera,VIC,3875,6
Manorina,VIC,3889,6
Wroxham,VIC,3891,6
Summerlands,VIC,3922,6
Jackson South,QLD,4426,6
Dalga,QLD,4630,6
Saxby,QLD,4822,6
Waverley,QLD,4825,6
Hurricane,QLD,4871,6
Punsand,QLD,4876,6
Gamboola,QLD,4892,6
West Wellesley Islands,QLD,4892,6
Minburra,SA,5431,6
Upalinna,SA,5434,6
Waukaringa,SA,5440,6
Marola,SA,5464,6
Proof Range,SA,5550,6
Lake Gilles,SA,5611,6
Anna Creek,SA,5723,6
Motpena,SA,5730,6
Wooltana,SA,5732,6
Tamala Park,WA,6030,6
Upper Murray,WA,6390,6
Londonderry,WA,6429,6
Nalkain,WA,6485,6
Yeal,WA,6503,6
North Eradu,WA,6532,6
Francois Peron National Park,WA,6537,6
Minilya,WA,6701,6
Wooramel,WA,6701,6
Nanutarra,WA,6751,6
Freycinet,TAS,7215,6
Surprise Bay,TAS,7256,6
Forester,TAS,7260,6
Banca,TAS,7265,6
Middlesex,TAS,7306,6
Oonah,TAS,7325,6
Camp Creek,NT,0822,5
Mitchell,NT,0832,5
Ngukurr,NT,0852,5
Ku-ring-gai Chase,NSW,2080,5
Jibbon,NSW,2232,5
Paradise,NSW,2360,5
Brinerville,NSW,2454,5
Pikapene,NSW,2469,5
The Glen,NSW,2476,5
Pretty Beach,NSW,2539,5
Cataract,NSW,2560,5
Burragorang Valley,NSW,2570,5
Upper Kangaroo Valley,NSW,2577,5
Canberra Central,ACT,2601,5
Tianjara,NSW,2622,5
Sanger,NSW,2646,5
Westdale,NSW,2653,5
Steam Plains,NSW,2710,5
Westwood,NSW,2729,5
Singletons Mill,NSW,2775,5
Dungeree,NSW,2849,5
Mokepilly,VIC,3381,5
Winjallok,VIC,3477,5
Laen East,VIC,3480,5
Turriff East,VIC,3488,5
Neds Corner,VIC,3496,5
Ninda,VIC,3533,5
Springfield,VIC,3544,5
Cocamba,VIC,3546,5
Bungil,VIC,3691,5
Knockwood,VIC,3723,5
Moornapa,VIC,3862,5
Merrijig,VIC,3875,5
Mount Eccles South,VIC,3953,5
Wrattens Forest,QLD,4601,5
Barlyne,QLD,4625,5
Penwhaupell,QLD,4625,5
Eurimbula,QLD,4677,5
Carnarvon Park,QLD,4702,5
Mount Rooper,QLD,4802,5
Rangemore,QLD,4806,5
Four Ways,QLD,4824,5
Djiru,QLD,4852,5
Cooroo Lands,QLD,4860,5
Claraville,QLD,4871,5
Conjuboy,QLD,4871,5
Green Island,QLD,4871,5
Weipa Airport,QLD,4874,5
Archer River,QLD,4892,5
Taylorville Station,SA,5330,5
Mulyungarie,SA,5440,5
Pine Creek Station,SA,5440,5
Anama,SA,5464,5
North Yelta,SA,5558,5
Koolgera,SA,5661,5
Yellabinna,SA,5690,5
Coondambo,SA,5719,5
Mount Willoughby,SA,5723,5
Welbourn Hill,SA,5724,5
Alpana,SA,5730,5
Moolooloo,SA,5730,5
Nilpena,SA,5730,5
Wirrealpa,SA,5730,5
Gammon Ranges,SA,5732,5
Muloorina,SA,5733,5
Nanga Brook,WA,6215,5
Springs,WA,6308,5
Boorabbin,WA,6429,5
Yilkari,WA,6430,5
Fraser Range,WA,6443,5
Tibradden,WA,6532,5
Monkey Mia,WA,6537,5
Nanga,WA,6537,5
Marne,WA,6608,5
Yannarie,WA,6710,5
Mardie,WA,6714,5
De Grey,WA,6722,5
King Leopold Ranges,WA,6728,5
Warmun,WA,6743,5
Wellington Park,TAS,7054,5
Sea Elephant,TAS,7256,5
Coonawarra,NT,0820,4
Litchfield Park,NT,0822,4
Wak Wak,NT,0822,4
Limmen,NT,0852,4
Tanami East,NT,0852,4
Tanami,NT,0872,4
Bonnie Vale,NSW,2232,4
Bouddi,NSW,2251,4
Lake Macquarie,NSW,2283,4
Yengo,NSW,2325,4
Kingsgate,NSW,2370,4
Saltwater,NSW,2430,4
Woody Head,NSW,2466,4
Brumby Plains,NSW,2476,4
Cabbage Tree Island,NSW,2477,4
Edrom,NSW,2551,4
Nungatta,NSW,2551,4
Russell,ACT,2600,4
Snowball,NSW,2622,4
Bullocks Flat,NSW,2627,4
Snowy Plain,NSW,2628,4
Holts Flat,NSW,2631,4
Mungo,NSW,2715,4
Kowmung,NSW,2787,4
Mount Werong,NSW,2787,4
Bumberry,NSW,2870,4
Cocoroc,VIC,3030,4
Condah Swamp,VIC,3286,4
Lindsay,VIC,3312,4
Lake Wongan,VIC,3373,4
Kanya,VIC,3387,4
Big Desert,VIC,3490,4
Woolshed Flat,VIC,3518,4
Towaninny South,VIC,3527,4
Sutton,VIC,3530,4
Wandown,VIC,3549,4
Budgerum East,VIC,3579,4
Pine View,VIC,3579,4
Bulga,VIC,3586,4
Stanhope South,VIC,3623,4
Dandongadale,VIC,3737,4
Tantaraboo,VIC,3764,4
Amor,VIC,3825,4
Hawkhurst,VIC,3862,4
Wulgulmerang West,VIC,3885,4
Yalmy,VIC,3885,4
Double Bridges,VIC,3893,4
Gunyah,VIC,3960,4
Sundown,QLD,4382,4
Boondandilla,QLD,4406,4
Welsby,QLD,4507,4
Eungella Hinterland,QLD,4741,4
Eight Mile Creek,QLD,4807,4
Savannah,QLD,4816,4
Warburton,QLD,4823,4
Min Min,QLD,4829,4
Kooroomool,QLD,4854,4
Basilisk,QLD,4871,4
Blackbull,QLD,4871,4
Crystalbrook,QLD,4871,4
Desailly,QLD,4871,4
Howitt,QLD,4890,4
Shaggy Ridge,SA,5434,4
Florina Station,SA,5440,4
Melton Station,SA,5440,4
Wiawera,SA,5440,4
Myola Station,SA,5611,4
Bungeroo,SA,5641,4
Bockelberg,SA,5655,4
Nadia,SA,5690,4
Yumbarra,SA,5690,4
Mundallio,SA,5700,4
Yadlamalka,SA,5713,4
Pandurra,SA,5715,4
Wilgena,SA,5719,4
Billa Kalina,SA,5720,4
Ingomar,SA,5723,4
Mcdouall Peak,SA,5723,4
Murnpeowie,SA,5731,4
Wertaloona,SA,5732,4
Clifton Hills Station,SA,5733,4
Mulka,SA,5733,4
Mungeranie,SA,5733,4
Myara,WA,6207,4
Yourdamung Lake,WA,6225,4
Boranup,WA,6286,4
Fitzgerald River National Park,WA,6346,4
Kurnalpi,WA,6431,4
Fimiston,WA,6432,4
Ularring,WA,6436,4
Marrah,WA,6532,4
Oakajee,WA,6532,4
Valentine,WA,6532,4
Capricorn,WA,6642,4
Fortescue,WA,6716,4
Willare,WA,6728,4
Hermitage,TAS,7030,4
Long Reach,TAS,7253,4
Boobyalla,TAS,7264,4
Port Latta,TAS,7321,4
Holmes,NT,0812,3
Burrundie,NT,0822,3
Darwin River Dam,NT,0822,3
Maranunga,NT,0822,3
Micket Creek,NT,0822,3
Beswick Creek,NT,0852,3
Ayers Range South,NT,0872,3
Irlpme,NT,0874,3
Goarra,NSW,2232,3
Edderton,NSW,2333,3
Barry,NSW,2340,3
Windy,NSW,2343,3
The Gulf,NSW,2365,3
Barrington Tops,NSW,2422,3
Mares Run,NSW,2422,3
Mernot,NSW,2422,3
Woko,NSW,2422,3
Wallingat,NSW,2428,3
Kiwarrak,NSW,2430,3
Clouds Creek,NSW,2453,3
Newbold,NSW,2460,3
Pagans Flat,NSW,2469,3
Nightcap,NSW,2480,3
Budderoo,NSW,2535,3
Mount Kingiman,NSW,2539,3
Mondayong,NSW,2540,3
Yalwal,NSW,2540,3
Kingswood,NSW,2550,3
Barren Grounds,NSW,2577,3
Red Rocks,NSW,2577,3
Capital Hill,ACT,2600,3
Cotter River,ACT,2611,3
Coolumburra,NSW,2622,3
Gooandra,NSW,2629,3
Tantangara,NSW,2629,3
Keri Keri,NSW,2711,3
Four Corners,NSW,2716,3
Blowering,NSW,2720,3
Couragago,NSW,2720,3
Red Hill,NSW,2720,3
Lower Bago,NSW,2730,3
Beloon,NSW,2787,3
Barneys Reef,NSW,2852,3
Glendonald,VIC,3364,3
Rocky Point,VIC,3377,3
Riachella,VIC,3385,3
Morrl Morrl,VIC,3387,3
Tylden South,VIC,3444,3
Yawong Hills,VIC,3478,3
Cokum,VIC,3542,3
Glenfalloch,VIC,3858,3
Fairy Dell,VIC,3875,3
Bellbird Creek,VIC,3889,3
Shannonvale,VIC,3898,3
Queensferry,VIC,3984,3
Moreton Bay,QLD,4178,3
Woodleigh,QLD,4352,3
Girraween,QLD,4382,3
Grassdale,QLD,4405,3
Bulloo Downs,QLD,4492,3
Corymbia,QLD,4513,3
Wahoon,QLD,4625,3
The Narrows,QLD,4695,3
Cotherstone,QLD,4723,3
Cape Conway,QLD,4800,3
Mount Elliot,QLD,4816,3
Blue Hills,QLD,4818,3
Carrandotta,QLD,4825,3
Garrawalt,QLD,4850,3
Wallaman,QLD,4850,3
Walter Hill,QLD,4854,3
Ngatjan,QLD,4860,3
Palmerston,QLD,4860,3
Lamb Range,QLD,4870,3
Coralie,QLD,4871,3
Fitzroy Island,QLD,4871,3
Northhead,QLD,4871,3
Rookwood,QLD,4871,3
Forty Mile,QLD,4872,3
Arbouin,QLD,4892,3
Bellevue,QLD,4892,3
Dixie,QLD,4892,3
Groganville,QLD,4892,3
Maramie,QLD,4892,3
Wrotham,QLD,4892,3
Nalpa,SA,5255,3
Baratta,SA,5432,3
Willow Springs,SA,5434,3
Hincks,SA,5603,3
Arkaroola Village,SA,5701,3
Wilkatana Station,SA,5713,3
Hiltaba,SA,5717,3
Kolendo,SA,5717,3
Kondoolka,SA,5717,3
Moonaree,SA,5717,3
Nonning,SA,5717,3
Yardea,SA,5717,3
Commonwealth Hill,SA,5719,3
Mount Eba,SA,5720,3
Mount Barry,SA,5723,3
Angorigina,SA,5730,3
Bollards Lagoon,SA,5731,3
Farina Station,SA,5731,3
Leigh Creek Station,SA,5731,3
Lindon,SA,5731,3
Witchelina,SA,5731,3
Moolawatana,SA,5732,3
Etadunna,SA,5733,3
Marree Station,SA,5733,3
Mundowdna,SA,5733,3
Eringa,SA,5734,3
Wedge Island,WA,6044,3
Walyunga National Park,WA,6084,3
Ashendon,WA,6111,3
Doobarda,WA,6112,3
Shotts,WA,6225,3
Leeuwin,WA,6290,3
Mount Observation,WA,6302,3
Dryandra,WA,6311,3
Mount Holland,WA,6426,3
Mount Jackson,WA,6426,3
Mount Burges,WA,6429,3
Brown Hill,WA,6431,3
Bulong,WA,6431,3
Ennuin,WA,6484,3
Rockwell,WA,6532,3
Sandsprings,WA,6532,3
East Lyons River,WA,6705,3
Indee,WA,6721,3
Strelley,WA,6721,3
Huon Island,TAS,7112,3
Tiberias,TAS,7120,3
Florentine,TAS,7140,3
Luina,TAS,7321,3
Charles Darwin,NT,0820,2
Channel Island,NT,0822,2
Claravale,NT,0822,2
Elrundie,NT,0822,2
Milyakburra,NT,0822,2
Nauiyu,NT,0822,2
Acacia Larrakia,NT,0837,2
Bradshaw,NT,0852,2
Gurindji,NT,0852,2
Calvert,NT,0862,2
Anangu Pitjantjatjara Yankunytjatjara,NT,0872,2
Chilla Well,NT,0872,2
Lake Mackay,NT,0872,2
Tieyon,NT,0872,2
Tjirrkarli,NT,0872,2
Botany Bay,NSW,2019,2
Wattamolla,NSW,2232,2
Moonee,NSW,2259,2
Wybung,NSW,2259,2
Corrabare,NSW,2325,2
Liddell,NSW,2333,2
Glenrock,NSW,2337,2
Duval,NSW,2350,2
The Basin,NSW,2365,2
Tiona,NSW,2428,2
Yarratt Forest,NSW,2429,2
Grants Beach,NSW,2445,2
Cairncross,NSW,2446,2
Chaelundi,NSW,2460,2
Collum Collum,NSW,2460,2
The Sandon,NSW,2463,2
Deua,NSW,2537,2
Beecroft Peninsula,NSW,2540,2
Buangla,NSW,2540,2
Tullarwalla,NSW,2540,2
Wonboyn North,NSW,2551,2
Wattle Ridge,NSW,2575,2
Berlang,NSW,2622,2
Providence Portal,NSW,2629,2
Myalla,NSW,2630,2
Jagumba,NSW,2642,2
Wallacetown,NSW,2650,2
Curragh,NSW,2795,2
Barringun,NSW,2840,2
Little Desert,VIC,3418,2
Tottington,VIC,3477,2
Granite Flat,VIC,3525,2
Straten,VIC,3533,2
Tyenna,VIC,3533,2
Miralie,VIC,3596,2
Wirrate,VIC,3608,2
Cambarville,VIC,3779,2
Coopers Creek,VIC,3825,2
Koorool,VIC,3860,2
Miowera,VIC,3862,2
Ryans,VIC,3875,2
Wentworth,VIC,3875,2
Nunniong,VIC,3896,2
Elizabeth Island,VIC,3921,2
Churchill Island,VIC,3925,2
Flinders Lakes,QLD,4285,2
Woondul,QLD,4357,2
Montrose,QLD,4370,2
Tanbar,QLD,4481,2
The Percy Group,QLD,4707,2
Amaroo,QLD,4829,2
Sturt,QLD,4829,2
Mount Mackay,QLD,4854,2
Wanjuru,QLD,4860,2
Wooroonooran,QLD,4860,2
Barron Gorge,QLD,4870,2
Amber,QLD,4871,2
Bolwarra,QLD,4871,2
Fossilbrook,QLD,4871,2
Mamu,QLD,4871,2
Nychum,QLD,4871,2
Munderra,QLD,4872,2
Dagmar,QLD,4873,2
Somerset,QLD,4876,2
Holroyd River,QLD,4892,2
Lyndside,QLD,4892,2
Starcke,QLD,4895,2
Garden Island,SA,5015,2
Danggali,SA,5417,2
Faraway Hill,SA,5417,2
Sturt Vale,SA,5417,2
Minburra Station,SA,5431,2
Holowiliena,SA,5432,2
Holowiliena South,SA,5432,2
Bimbowrie,SA,5440,2
Bulloo Creek,SA,5440,2
Curnamona,SA,5440,2
Erudina,SA,5440,2
Frome Downs,SA,5440,2
Kalkaroo,SA,5440,2
Koonamore,SA,5440,2
Mooleulooloo,SA,5440,2
Mount Victor Station,SA,5440,2
Plumbago,SA,5440,2
Pualco Range,SA,5440,2
Tikalina,SA,5440,2
Wadnaminga,SA,5440,2
Wompinie,SA,5440,2
Cooyerdoo,SA,5611,2
Secret Rocks,SA,5611,2
Hambidge,SA,5642,2
Lockes Claypan,SA,5655,2
Pinjarra Station,SA,5680,2
Mitchidy Moola,SA,5690,2
Lake Torrens Station,SA,5713,2
Mount Arden,SA,5713,2
Lake Everard,SA,5717,2
Lake Gairdner,SA,5717,2
Siam,SA,5717,2
Bon Bon,SA,5719,2
Bulgunnia,SA,5719,2
Mulgathing,SA,5719,2
Millers Creek,SA,5720,2
Parakylia,SA,5720,2
Arckaringa,SA,5723,2
Evelyn Downs,SA,5723,2
Nilpinna Station,SA,5723,2
Wintinna,SA,5723,2
Narrina,SA,5730,2
Oratunga Station,SA,5730,2
Mount Freeling,SA,5731,2
Myrtle Springs,SA,5731,2
Strzelecki Desert,SA,5731,2
Angepena,SA,5732,2
Manners Well,SA,5732,2
Mount Serle,SA,5732,2
North Moolooloo,SA,5732,2
Umberatana,SA,5732,2
Yankaninna,SA,5732,2
Alton Downs Station,SA,5733,2
Callanna,SA,5733,2
Clayton Station,SA,5733,2
Dulkaninna,SA,5733,2
Kalamurina,SA,5733,2
Pandie Pandie,SA,5733,2
Todmorden,SA,5734,2
Witjira,SA,5734,2
Keralup,WA,6182,2
Flynn,WA,6302,2
Vancouver Peninsula,WA,6330,2
Stirling Range National Park,WA,6338,2
Yellowdine,WA,6426,2
Karramindie,WA,6429,2
Emu Flat,WA,6431,2
Lakewood,WA,6431,2
Rawlinna,WA,6434,2
Cocklebiddy,WA,6443,2
Dundas,WA,6443,2
Madura,WA,6443,2
Mundrabilla,WA,6443,2
Cape Arid,WA,6452,2
Coolcalalaya,WA,6532,2
Hickety,WA,6532,2
Toolonga,WA,6532,2
Rothsay,WA,6620,2
Cooladar Hill,WA,6638,2
Lake Austin,WA,6640,2
Talisker,WA,6701,2
Peedamulla,WA,6710,2
Gnoorea,WA,6714,2
Mount Anketell,WA,6714,2
Gibb,WA,6743,2
Mulga Downs,WA,6751,2
Sturt Creek,WA,6770,2
Lake St Clair,TAS,7140,2
Wingaroo,TAS,7255,2
Mersey Forest,TAS,7304,2
Buffalo Creek,NT,0812,1
Belyuen,NT,0822,1
Black Jungle,NT,0822,1
Daly,NT,0822,1
Glyde Point,NT,0822,1
Gunn Point,NT,0822,1
Murrumujuk,NT,0822,1
Numbulwar,NT,0822,1
Tipperary,NT,0822,1
Warruwi,NT,0822,1
Binjari,NT,0852,1
Bulman Weemol,NT,0852,1
Gulung Mardrulk,NT,0852,1
Gibson Desert South,NT,0872,1
Lambina,NT,0872,1
Mutitjulu,NT,0872,1
Undoolya,NT,0874,1
North Harbour,NSW,2095,1
Currawong Beach,NSW,2108,1
Garie,NSW,2232,1
Marley,NSW,2232,1
Yenabilli,NSW,2232,1
Ten Mile Hollow,NSW,2250,1
Box Head,NSW,2257,1
Glen Nevis,NSW,2365,1
Gibraltar Range,NSW,2370,1
Moogem,NSW,2370,1
Morven,NSW,2370,1
Forest Land,NSW,2372,1
Mungo Brush,NSW,2423,1
Gearys Flat,NSW,2441,1
Diamond Head,NSW,2443,1
North Brother,NSW,2443,1
Jolly Nose,NSW,2445,1
Never Never,NSW,2453,1
Malabugilmah,NSW,2460,1
Lake Hiawatha,NSW,2462,1
Moollattoo,NSW,2540,1
Green Cape,NSW,2551,1
Nadgee,NSW,2551,1
Avon,NSW,2574,1
Rendezvous Creek,ACT,2620,1
Murrengenburg,NSW,2622,1
Palerang,NSW,2622,1
Quiera,NSW,2622,1
Blue Cow,NSW,2624,1
Ngarigo,NSW,2627,1
Long Plain,NSW,2629,1
Geehi,NSW,2642,1
Willurah,NSW,2710,1
Bogong Peaks Wilderness,NSW,2720,1
Kedumba,NSW,2787,1
Lake Burrendong,NSW,2820,1
Grawin Opal Fields,NSW,2832,1
Bolangum,VIC,3387,1
Cherrypool,VIC,3401,1
Lerderderg,VIC,3458,1
Grays Bridge,VIC,3477,1
Lake Tyrrell,VIC,3533,1
Lake Eppalock,VIC,3551,1
Jungaburra,VIC,3575,1
Cheshunt South,VIC,3678,1
Tom Groggin,VIC,3707,1
Mirimbah,VIC,3722,1
Boola,VIC,3825,1
Toombon,VIC,3825,1
Loch Valley,VIC,3833,1
Cowa,VIC,3862,1
Deptford,VIC,3875,1
Ocean Grange,VIC,3880,1
Errinundra,VIC,3889,1
Stirling,VIC,3893,1
Cobberas,VIC,3900,1
Southern Lamington,QLD,4211,1
Greenstone,QLD,4513,1
Cooloola,QLD,4580,1
Murray,QLD,4814,1
Carpentaria,QLD,4823,1
Toko,QLD,4829,1
Nicholson,QLD,4830,1
Lumholtz,QLD,4849,1
Wharps,QLD,4850,1
Tam O'shanter,QLD,4852,1
Springfield,QLD,4871,1
Strathmore,QLD,4871,1
Barwidgi,QLD,4872,1
Noah,QLD,4873,1
Gadgarra,QLD,4884,1
Highbury,QLD,4892,1
Westons Flat,SA,5320,1
Hawks Nest Station,SA,5330,1
Calperum Station,SA,5341,1
Balah,SA,5417,1
Bunyung,SA,5417,1
Canegrass,SA,5417,1
Gluepot,SA,5417,1
Oakvale Station,SA,5417,1
Old Koomooloo,SA,5417,1
Parcoola,SA,5417,1
Pine Valley Station,SA,5417,1
Quondong,SA,5417,1
North Hills,SA,5431,1
Bibliando,SA,5432,1
Three Creeks,SA,5432,1
Wilcowie,SA,5432,1
Willippa,SA,5432,1
Witchitie,SA,5432,1
Black Hill Station,SA,5434,1
Mount Havelock,SA,5434,1
Prelinna,SA,5434,1
Worumba,SA,5434,1
Abminga Station,SA,5440,1
Benda,SA,5440,1
Billeroo West,SA,5440,1
Bindarrah,SA,5440,1
Boolcoomatta,SA,5440,1
Devonborough Downs,SA,5440,1
Kalabity,SA,5440,1
Lake Frome,SA,5440,1
Manunda Station,SA,5440,1
Martins Well,SA,5440,1
Mundi Mundi,SA,5440,1
Netley Gap,SA,5440,1
Oulnina Park,SA,5440,1
Outalpa,SA,5440,1
Quinyambie,SA,5440,1
Tepco Station,SA,5440,1
Weekeroo,SA,5440,1
Winnininnie,SA,5440,1
Yarramba,SA,5440,1
Gilles Downs,SA,5611,1
Katunga Station,SA,5611,1
Yeltana,SA,5641,1
Narlaby,SA,5655,1
Chundaria,SA,5690,1
Nanbona,SA,5690,1
Island Lagoon,SA,5713,1
Lake Torrens,SA,5713,1
South Gap,SA,5713,1
Wintabatinyana,SA,5713,1
Illeroo,SA,5715,1
Wartaka,SA,5715,1
Yalymboo,SA,5715,1
Yudnapinna,SA,5715,1
Kokatha,SA,5717,1
Lake Macfarlane,SA,5717,1
Mahanewo,SA,5717,1
Mount Ive,SA,5717,1
Thurlga,SA,5717,1
Uno,SA,5717,1
Bosworth,SA,5720,1
Mount Vivian,SA,5720,1
Allandale Station,SA,5723,1
Mabel Creek,SA,5723,1
Roxby Downs Station,SA,5725,1
Ediacara,SA,5730,1
Moorillah,SA,5730,1
Cordillo Downs,SA,5731,1
Merty Merty,SA,5731,1
Mount Lyndhurst,SA,5731,1
Mulgaria,SA,5731,1
Arkaroola,SA,5732,1
Burr Well,SA,5732,1
Mulga View,SA,5732,1
Pinda Springs,SA,5732,1
Cowarie,SA,5733,1
Lake Eyre,SA,5733,1
Crown Point,SA,5734,1
Macumba,SA,5734,1
Mount Sarah,SA,5734,1
Simpson Desert,SA,5734,1
Reservoir,WA,6076,1
Oakley,WA,6208,1
Point Grey,WA,6208,1
Yebble,WA,6285,1
Flint,WA,6302,1
Frenchman Bay,WA,6330,1
Mount Lindesay,WA,6333,1
Trent,WA,6333,1
Fitzgerald,WA,6337,1
Forrestania,WA,6359,1
North Bannister,WA,6390,1
Wuraming,WA,6390,1
Parker Range,WA,6426,1
Feysville,WA,6431,1
Warburton,WA,6431,1
Forrest,WA,6434,1
Lake Darlot,WA,6438,1
Beadell,WA,6440,1
Cosmo Newbery,WA,6440,1
Higginsville,WA,6443,1
Cape Le Grand,WA,6450,1
Buraminya,WA,6452,1
Mouroubra,WA,6472,1
Carrarang,WA,6532,1
Eurardy,WA,6532,1
Tamala,WA,6532,1
Woolgorong,WA,6630,1
Daggar Hills,WA,6638,1
Kumarina,WA,6642,1
Woodleigh,WA,6701,1
Yalardy,WA,6701,1
Yandoo Creek,WA,6701,1
Gascoyne River,WA,6705,1
Exmouth Gulf,WA,6707,1
Cane,WA,6710,1
Balla Balla,WA,6714,1
Maitland,WA,6714,1
Mundabullangana,WA,6721,1
Drysdale River,WA,6740,1
Karijini,WA,6751,1
Mount Sheila,WA,6751,1
Rocklea,WA,6751,1
Millers Bluff,TAS,7030,1
Garden Island,TAS,7112,1
Southwest,TAS,7140,1
Fortescue,TAS,7182,1
Ben Lomond,TAS,7212,1
Stony Head,TAS,7252,1
Mount William,TAS,7264,1
Central Plateau,TAS,7304,1
